operation_type,team_from,team_to,asset_type,asset_name,pick_year,pick_round,pick_original_team,has_trade_exception,trade_id,date
trade,Washington Capitols,BOS,player,Sonny Hertzberg,,,,False,0,1949-09-28
trade,Washington Capitols,BOS,player,Chick Halbert,,,,False,1,1949-09-28
trade,Washington Capitols,Chicago Stags,player,Kleggie Hermsen,,,,False,2,1949-10-04
trade,Washington Capitols,Chicago Stags,player,Chuck Gilmur,,,,False,3,1949-10-04
trade,Tri-Cities Blackhawks,Fort Wayne Pistons,player,Jack Kerris,,,,False,4,1949-11-09
trade,Tri-Cities Blackhawks,Fort Wayne Pistons,player,John Mahnken,,,,False,5,1949-11-09
trade,St. Louis Bombers,Tri-Cities Blackhawks,player,Mike Todorovich,,,,False,6,1949-11-28
trade,St. Louis Bombers,Tri-Cities Blackhawks,player,Mac Otten,,,,False,7,1949-11-28
trade,Philadelphia Warriors,Baltimore Bullets,player,Ed Sadowski,,,,False,8,1949-12-07
trade,Tri-Cities Blackhawks,Chicago Stags,player,George Nostrand,,,,False,9,1949-12-20
trade,Tri-Cities Blackhawks,Chicago Stags,player,Gene Vance,,,,False,10,1949-12-20
trade,Anderson Packers,Tri-Cities Blackhawks,player,Walt Kirk,,,,False,11,1949-12-30
trade,Anderson Packers,Tri-Cities Blackhawks,player,Red Owens,,,,False,12,1949-12-30
trade,Anderson Packers,Fort Wayne Pistons,player,Ralph Johnson,,,,False,13,1950-01-18
trade,Anderson Packers,Fort Wayne Pistons,player,Howie Schultz,,,,False,14,1950-01-18
trade,Anderson Packers,Fort Wayne Pistons,player,Charlie Black,,,,False,15,1950-01-18
trade,Anderson Packers,Fort Wayne Pistons,player,Richie Niemiera,,,,False,16,1950-01-18
trade,Tri-Cities Blackhawks,BOS,player,John Mahnken,,,,False,17,1950-01-29
trade,Tri-Cities Blackhawks,BOS,player,Gene Englund,,,,False,18,1950-01-29
trade,Tri-Cities Blackhawks,Washington Capitols,player,Don Otten,,,,False,19,1950-02-10
trade,Tri-Cities Blackhawks,Washington Capitols,player,Jack Nichols,,,,False,20,1950-02-10
trade,Chicago Stags,Tri-Cities Blackhawks,player,Frankie Brian,,,,False,21,1950-05-21
trade,Chicago Stags,Tri-Cities Blackhawks,player,Bob Cousy,,,,False,22,1950-05-21
trade,NYK,Rochester Royals,player,Paul Noel,,,,False,23,1950-08-10
trade,NYK,Rochester Royals,player,Ray Ellefson,,,,False,24,1950-08-10
trade,Baltimore Bullets,BOS,player,Dick Mehen,,,,False,25,1950-12-01
trade,Baltimore Bullets,BOS,player,Kenny Sailors,,,,False,26,1950-12-01
trade,Baltimore Bullets,BOS,player,Brady Walker,,,,False,27,1950-12-01
trade,Tri-Cities Blackhawks,Syracuse Nationals,player,Noble Jorgensen,,,,False,28,1950-12-13
trade,Fort Wayne Pistons,BOS,player,Bob Harris,,,,False,29,1950-12-19
trade,Fort Wayne Pistons,BOS,player,Dick Mehen,,,,False,30,1950-12-19
trade,Tri-Cities Blackhawks,BOS,player,Kleggie Hermsen,,,,False,31,1951-02-03
trade,Tri-Cities Blackhawks,BOS,player,Harry Boykoff,,,,False,32,1951-02-03
trade,Fort Wayne Pistons,BOS,player,Bill Sharman,,,,False,33,1951-04-26
trade,Fort Wayne Pistons,BOS,player,Chuck Share,,,,False,34,1951-04-26
trade,Tri-Cities Blackhawks,Fort Wayne Pistons,player,Frankie Brian,,,,False,35,1951-05-31
trade,Tri-Cities Blackhawks,Fort Wayne Pistons,player,Dick Mehen,,,,False,36,1951-05-31
trade,Tri-Cities Blackhawks,Fort Wayne Pistons,player,Howie Schultz,,,,False,37,1951-05-31
trade,Syracuse Nationals,Baltimore Bullets,player,Alex Hannum,,,,False,38,1951-07-14
trade,Syracuse Nationals,Baltimore Bullets,player,Fred Scolari,,,,False,39,1951-07-14
trade,Syracuse Nationals,Baltimore Bullets,player,Red Rocha,,,,False,40,1951-07-14
trade,Fort Wayne Pistons,Milwaukee Hawks,player,Art Burris,,,,False,41,1952-02-11
trade,Indianapolis Olympians,Philadelphia Warriors,player,Don Lofgran,,,,False,42,1952-09-11
trade,Indianapolis Olympians,Philadelphia Warriors,player,Mel Payton,,,,False,43,1952-09-11
trade,Baltimore Bullets,Syracuse Nationals,player,Bill Calhoun,,,,False,44,1952-10-09
trade,Baltimore Bullets,Syracuse Nationals,player,George Ratkovicz,,,,False,45,1952-10-09
trade,Milwaukee Hawks,Philadelphia Warriors,player,Mark Workman,,,,False,46,1952-11-19
trade,Milwaukee Hawks,Philadelphia Warriors,player,Don Sunderlage,,,,False,47,1952-11-19
trade,Milwaukee Hawks,Baltimore Bullets,player,Eddie Miller,,,,False,48,1952-11-24
trade,Milwaukee Hawks,Baltimore Bullets,player,George Ratkovicz,,,,False,49,1952-11-24
trade,NYK,Baltimore Bullets,player,Ray Lumpp,,,,False,50,1952-11-28
trade,Milwaukee Hawks,Baltimore Bullets,player,Don Boven,,,,False,51,1953-01-02
trade,Milwaukee Hawks,Baltimore Bullets,player,Pete Darcey,,,,False,52,1953-01-02
trade,Milwaukee Hawks,Baltimore Bullets,player,George McLeod,,,,False,53,1953-01-02
trade,Milwaukee Hawks,Baltimore Bullets,player,Stan Miasek,,,,False,54,1953-01-02
trade,Milwaukee Hawks,Baltimore Bullets,player,Dave Minor,,,,False,55,1953-01-02
trade,Baltimore Bullets,Fort Wayne Pistons,player,Don Boven,,,,False,56,1953-02-16
trade,Baltimore Bullets,Fort Wayne Pistons,player,Fred Scolari,,,,False,57,1953-02-16
trade,Baltimore Bullets,Fort Wayne Pistons,player,Jack Kerris,,,,False,58,1953-02-16
trade,Baltimore Bullets,Fort Wayne Pistons,player,Ralph O'Brien,,,,False,59,1953-02-16
trade,Baltimore Bullets,NYK,player,Jim Baechtold,,,,False,60,1953-08-24
trade,Baltimore Bullets,NYK,player,Roy Belliveau,,,,False,61,1953-08-24
trade,Baltimore Bullets,NYK,player,Jim Luisi,,,,False,62,1953-08-24
trade,Baltimore Bullets,NYK,player,Max Zaslofsky,,,,False,63,1953-08-24
trade,Baltimore Bullets,BOS,player,Don Barksdale,,,,False,64,1953-08-27
trade,Baltimore Bullets,BOS,player,Jim Doherty,,,,False,65,1953-08-27
trade,Baltimore Bullets,BOS,player,Herm Hedderick,,,,False,66,1953-08-27
trade,Baltimore Bullets,BOS,player,Mo Mahoney,,,,False,67,1953-08-27
trade,Baltimore Bullets,BOS,player,Vernon Stokes,,,,False,68,1953-08-27
trade,Minneapolis Lakers,Baltimore Bullets,player,Jim Fritsche,,,,False,69,1953-11-11
trade,Milwaukee Hawks,Syracuse Nationals,player,Bob Lavoy,,,,False,70,1953-11-23
trade,Milwaukee Hawks,Syracuse Nationals,player,Noble Jorgensen,,,,False,71,1953-11-23
trade,Baltimore Bullets,Milwaukee Hawks,player,Max Zaslofsky,,,,False,72,1953-11-25
trade,Baltimore Bullets,Milwaukee Hawks,player,Bob Houbregs,,,,False,73,1953-11-25
trade,Milwaukee Hawks,BOS,player,Jack Nichols,,,,False,74,1953-11-29
trade,Milwaukee Hawks,BOS,player,John Azary,,,,False,75,1953-11-29
trade,Milwaukee Hawks,BOS,player,Fred Eydt,,,,False,76,1953-11-29
trade,Milwaukee Hawks,BOS,player,Tom Lillis,,,,False,77,1953-11-29
trade,Milwaukee Hawks,BOS,player,J.C. Maze,,,,False,78,1953-11-29
trade,Milwaukee Hawks,BOS,player,Paul Unruh,,,,False,79,1953-11-29
trade,Milwaukee Hawks,Fort Wayne Pistons,player,Max Zaslofsky,,,,False,80,1953-12-21
trade,Milwaukee Hawks,Fort Wayne Pistons,player,Chuck Share,,,,False,81,1953-12-21
trade,Milwaukee Hawks,Minneapolis Lakers,player,Lew Hitch,,,,False,82,1953-12-21
trade,Milwaukee Hawks,Minneapolis Lakers,player,Bobby Watson,,,,False,83,1953-12-21
trade,Baltimore Bullets,Fort Wayne Pistons,player,Leo Barnhorst,,,,False,84,1954-02-12
trade,Baltimore Bullets,NYK,player,Ray Felix,,,,False,85,1954-09-17
trade,Baltimore Bullets,NYK,player,Chuck Grigsby,,,,False,86,1954-09-17
trade,Baltimore Bullets,NYK,player,Alfred McGuire,,,,False,87,1954-09-17
trade,Baltimore Bullets,NYK,player,Connie Simmons,,,,False,88,1954-09-17
trade,Minneapolis Lakers,Milwaukee Hawks,player,Pep Saul,,,,False,89,1954-09-18
trade,Minneapolis Lakers,Milwaukee Hawks,player,Don Sunderlage,,,,False,90,1954-09-18
trade,Fort Wayne Pistons,BOS,player,Fred Scolari,,,,False,91,1954-10-16
trade,Fort Wayne Pistons,BOS,player,Bob Harris,,,,False,92,1954-10-16
trade,Baltimore Bullets,Fort Wayne Pistons,player,Jim Fritsche,,,,False,93,1954-10-26
trade,Baltimore Bullets,Fort Wayne Pistons,player,Ken Murray,,,,False,94,1954-10-26
trade,Fort Wayne Pistons,Rochester Royals,player,Monk Meineke,,,,False,95,1955-09-30
trade,Fort Wayne Pistons,Rochester Royals,player,Odie Spears,,,,False,96,1955-09-30
trade,BOS,St. Louis Hawks,player,Cliff Hagan,,,,False,97,1956-04-30
trade,BOS,St. Louis Hawks,player,Ed Macauley,,,,False,98,1956-04-30
trade,BOS,St. Louis Hawks,player,Bill Russell,,,,False,99,1956-04-30
trade,NYK,Fort Wayne Pistons,player,Gene Shue,,,,False,100,1956-04-30
trade,NYK,Fort Wayne Pistons,player,Ron Sobie,,,,False,101,1956-04-30
trade,NYK,Minneapolis Lakers,player,Walter Dukes,,,,False,102,1956-10-26
trade,NYK,Minneapolis Lakers,player,Burdette Haldorson,,,,False,103,1956-10-26
trade,NYK,Minneapolis Lakers,player,Jerry Bird,,,,False,104,1956-10-26
trade,NYK,Minneapolis Lakers,player,Phil Jordon,,,,False,105,1956-10-26
trade,NYK,Minneapolis Lakers,player,Slater Martin,,,,False,106,1956-10-26
trade,St. Louis Hawks,NYK,player,Willie Naulls,,,,False,107,1956-12-12
trade,St. Louis Hawks,NYK,player,Slater Martin,,,,False,108,1956-12-12
trade,NYK,Fort Wayne Pistons,player,Dick Atha,,,,False,109,1957-04-03
trade,NYK,Fort Wayne Pistons,player,Nat Clifton,,,,False,110,1957-04-03
trade,NYK,Fort Wayne Pistons,player,Harry Gallatin,,,,False,111,1957-04-03
trade,NYK,Fort Wayne Pistons,player,Mel Hutchins,,,,False,112,1957-04-03
trade,NYK,Fort Wayne Pistons,player,Charlie Tyra,,,,False,113,1957-04-03
trade,NYK,Fort Wayne Pistons,player,Dick McGuire,,,,False,114,1957-04-03
trade,NYK,Fort Wayne Pistons,player,Mike Farmer,,,,False,115,1957-04-03
trade,NYK,Fort Wayne Pistons,pick,1958 1st round draft pick,,,,False,116,1957-04-03
trade,Minneapolis Lakers,Rochester Royals,player,Clyde Lovellette,,,,False,117,1957-04-17
trade,Minneapolis Lakers,Rochester Royals,player,Jim Paxson,,,,False,118,1957-04-17
trade,Minneapolis Lakers,Rochester Royals,player,Bob Burrow,,,,False,119,1957-04-17
trade,Minneapolis Lakers,Rochester Royals,player,Ed Fleming,,,,False,120,1957-04-17
trade,Minneapolis Lakers,Rochester Royals,player,Hot Rod Hundley,,,,False,121,1957-04-17
trade,Minneapolis Lakers,Rochester Royals,player,Monk Meineke,,,,False,122,1957-04-17
trade,Minneapolis Lakers,Rochester Royals,player,Art Spoelstra,,,,False,123,1957-04-17
trade,Fort Wayne Pistons,Minneapolis Lakers,player,Corky Devlin,,,,False,124,1957-05-14
trade,Fort Wayne Pistons,Minneapolis Lakers,player,Ed Kalafat,,,,False,125,1957-05-14
trade,Minneapolis Lakers,DET,player,Walter Dukes,,,,False,126,1957-09-12
trade,Minneapolis Lakers,DET,player,Larry Foust,,,,False,127,1957-09-12
trade,Philadelphia Warriors,St. Louis Hawks,player,Walt Davis,,,,False,128,1958-01-19
trade,Philadelphia Warriors,St. Louis Hawks,player,Dave Plunkett,,,,False,129,1958-01-19
trade,Minneapolis Lakers,NYK,player,Art Spoelstra,,,,False,130,1958-02-05
trade,Minneapolis Lakers,NYK,player,Bo Erias,,,,False,131,1958-02-05
trade,St. Louis Hawks,Minneapolis Lakers,player,Frank Selvy,,,,False,132,1958-02-16
trade,St. Louis Hawks,Minneapolis Lakers,player,Dick Boushka,,,,False,133,1958-02-16
trade,St. Louis Hawks,Minneapolis Lakers,player,Terry Rand,,,,False,134,1958-02-16
trade,Syracuse Nationals,DET,player,Dick Farley,,,,False,135,1958-06-10
trade,Syracuse Nationals,DET,player,Earl Lloyd,,,,False,136,1958-06-10
trade,St. Louis Hawks,Cincinnati Royals,player,Gerry Calvert,,,,False,137,1958-08-05
trade,St. Louis Hawks,Cincinnati Royals,player,Wayne Embry,,,,False,138,1958-08-05
trade,St. Louis Hawks,Cincinnati Royals,player,Darrell Floyd,,,,False,139,1958-08-05
trade,St. Louis Hawks,Cincinnati Royals,player,Jim Palmer,,,,False,140,1958-08-05
trade,St. Louis Hawks,Cincinnati Royals,player,Ken Sidle,,,,False,141,1958-08-05
trade,St. Louis Hawks,Cincinnati Royals,player,Clyde Lovellette,,,,False,142,1958-08-05
trade,Cincinnati Royals,Philadelphia Warriors,player,Vern Hatton,,,,False,143,1958-12-16
trade,Cincinnati Royals,Philadelphia Warriors,player,Phil Rollins,,,,False,144,1958-12-16
trade,Cincinnati Royals,St. Louis Hawks,player,Si Green,,,,False,145,1959-01-14
trade,Cincinnati Royals,St. Louis Hawks,player,Med Park,,,,False,146,1959-01-14
trade,Cincinnati Royals,St. Louis Hawks,player,Jack Stephens,,,,False,147,1959-01-14
trade,Philadelphia Warriors,NYK,player,Jack George,,,,False,148,1959-01-27
trade,Philadelphia Warriors,NYK,player,Guy Sparrow,,,,False,149,1959-01-27
trade,DET,Syracuse Nationals,player,George Yardley,,,,False,150,1959-02-13
trade,DET,Syracuse Nationals,player,Ed Conlin,,,,False,151,1959-02-13
trade,Cincinnati Royals,DET,player,Archie Dees,,,,False,152,1959-03-31
trade,Cincinnati Royals,DET,player,Tom Robitaille,,,,False,153,1959-03-31
trade,Cincinnati Royals,DET,pick,1959 2nd round draft pick,,,,False,154,1959-03-31
trade,Cincinnati Royals,St. Louis Hawks,player,Johnny McCarthy,,,,False,155,1959-08-22
trade,Cincinnati Royals,St. Louis Hawks,player,Whitey Bell,,,,False,156,1959-08-22
trade,Cincinnati Royals,St. Louis Hawks,player,Tom Hemans,,,,False,157,1959-08-22
trade,Cincinnati Royals,St. Louis Hawks,player,Win Wilfong,,,,False,158,1959-08-22
trade,NYK,Minneapolis Lakers,player,Ray Felix,,,,False,159,1960-01-24
trade,NYK,Minneapolis Lakers,player,Ben Warley,,,,False,160,1960-01-24
trade,NYK,Minneapolis Lakers,pick,1960 4th round draft pick,,,,False,161,1960-01-24
trade,NYK,Minneapolis Lakers,pick,1960 2nd round draft pick,,,,False,162,1960-01-24
trade,Cincinnati Royals,St. Louis Hawks,player,Dave Piontek,,,,False,163,1960-01-31
trade,Cincinnati Royals,St. Louis Hawks,player,Dave Gambee,,,,False,164,1960-01-31
trade,Cincinnati Royals,St. Louis Hawks,player,Hub Reed,,,,False,165,1960-01-31
trade,Minneapolis Lakers,St. Louis Hawks,player,Larry Foust,,,,False,166,1960-02-01
trade,Minneapolis Lakers,St. Louis Hawks,player,Nick Mantis,,,,False,167,1960-02-01
trade,Minneapolis Lakers,St. Louis Hawks,player,Willie Merriweather,,,,False,168,1960-02-01
trade,Minneapolis Lakers,St. Louis Hawks,player,Chuck Share,,,,False,169,1960-02-01
trade,DET,St. Louis Hawks,player,Ed Conlin,,,,False,170,1960-04-16
trade,DET,St. Louis Hawks,player,Bob Ferry,,,,False,171,1960-04-16
trade,Philadelphia Warriors,St. Louis Hawks,player,Ernie Beck,,,,False,172,1960-10-17
trade,Philadelphia Warriors,St. Louis Hawks,player,Woody Sauldsberry,,,,False,173,1960-10-17
trade,Philadelphia Warriors,St. Louis Hawks,player,Ed Conlin,,,,False,174,1960-10-17
trade,St. Louis Hawks,Cincinnati Royals,player,Joe Buckhalter,,,,False,175,1961-06-25
trade,Philadelphia Warriors,St. Louis Hawks,player,Joe Graboski,,,,False,176,1961-08-19
trade,Philadelphia Warriors,St. Louis Hawks,player,Bob McDonald,,,,False,177,1961-08-19
trade,Philadelphia Warriors,St. Louis Hawks,player,Frank Radovich,,,,False,178,1961-08-19
trade,St. Louis Hawks,Chicago Packers,player,Joe Graboski,,,,False,179,1961-11-21
trade,St. Louis Hawks,Chicago Packers,player,Si Green,,,,False,180,1961-11-21
trade,St. Louis Hawks,Chicago Packers,player,Woody Sauldsberry,,,,False,181,1961-11-21
trade,St. Louis Hawks,Chicago Packers,player,Barney Cable,,,,False,182,1961-11-21
trade,St. Louis Hawks,Chicago Packers,player,Archie Dees,,,,False,183,1961-11-21
trade,St. Louis Hawks,Chicago Packers,player,Al Ferrari,,,,False,184,1962-06-14
trade,St. Louis Hawks,Chicago Packers,player,Shellie McMillon,,,,False,185,1962-06-14
trade,St. Louis Hawks,Chicago Packers,player,Bill Bridges,,,,False,186,1962-06-14
trade,St. Louis Hawks,Chicago Packers,player,Ralph Davis,,,,False,187,1962-06-14
trade,St. Louis Hawks,BOS,player,Clyde Lovellette,,,,False,188,1962-10-15
trade,St. Louis Hawks,BOS,player,Ken Saylors,,,,False,189,1962-10-15
trade,St. Louis Hawks,BOS,pick,1963 2nd round draft pick,,,,False,190,1962-10-15
trade,Cincinnati Royals,Chicago Zephyrs,player,Larry Staverman,,,,False,191,1962-07-13
trade,Cincinnati Royals,Chicago Zephyrs,player,Dave Piontek,,,,False,192,1962-07-13
trade,NYK,DET,player,Darrall Imhoff,,,,False,193,1962-08-29
trade,Chicago Zephyrs,NYK,player,Gene Conley,,,,False,194,1962-09-10
trade,Chicago Zephyrs,NYK,player,Phil Jordon,,,,False,195,1962-09-10
trade,Chicago Zephyrs,NYK,player,Cliff Luyk,,,,False,196,1962-09-10
trade,LAL,Cincinnati Royals,player,Tom Hawkins,,,,False,197,1962-09-14
trade,LAL,Cincinnati Royals,player,Jim King,,,,False,198,1962-09-14
trade,LAL,Cincinnati Royals,pick,1963 2nd round draft pick,,,,False,199,1962-09-14
trade,St. Louis Hawks,Chicago Zephyrs,player,Charlie Hardnett,,,,False,200,1962-10-07
trade,St. Louis Hawks,Chicago Zephyrs,player,Phil Jordon,,,,False,201,1962-10-07
trade,St. Louis Hawks,Chicago Zephyrs,player,Nick Mantis,,,,False,202,1962-11-19
trade,San Francisco Warriors,NYK,player,Tom Gola,,,,False,203,1962-12-05
trade,San Francisco Warriors,NYK,player,Willie Naulls,,,,False,204,1962-12-05
trade,San Francisco Warriors,NYK,player,Kenny Sears,,,,False,205,1962-12-05
trade,Chicago Zephyrs,St. Louis Hawks,player,Woody Sauldsberry,,,,False,206,1963-01-30
trade,Chicago Zephyrs,St. Louis Hawks,player,Barney Cable,,,,False,207,1963-01-30
trade,San Francisco Warriors,PHI,player,Hubie White,,,,False,208,1963-08-14
trade,San Francisco Warriors,PHI,player,John Windsor,,,,False,209,1963-08-14
trade,NYK,St. Louis Hawks,player,Richie Guerin,,,,False,210,1963-10-18
trade,NYK,St. Louis Hawks,player,Howard Komives,,,,False,211,1963-10-18
trade,NYK,St. Louis Hawks,pick,1964 2nd round draft pick,,,,False,212,1963-10-18
trade,DET,Baltimore Bullets,player,Kevin Loughery,,,,False,213,1963-10-28
trade,DET,Baltimore Bullets,player,Larry Staverman,,,,False,214,1963-10-28
trade,Baltimore Bullets,NYK,player,Bill McGill,,,,False,215,1963-10-29
trade,Baltimore Bullets,NYK,player,Paul Hogue,,,,False,216,1963-10-29
trade,Baltimore Bullets,NYK,player,Gene Shue,,,,False,217,1963-10-29
trade,Cincinnati Royals,NYK,player,Bob Boozer,,,,False,218,1963-12-16
trade,DET,Cincinnati Royals,player,Larry Staverman,,,,False,219,1963-12-16
trade,DET,NYK,player,Johnny Egan,,,,False,220,1963-12-16
trade,NYK,DET,player,Donnie Butcher,,,,False,221,1963-12-16
trade,NYK,DET,player,Bob Duffy,,,,False,222,1963-12-16
trade,Baltimore Bullets,DET,player,Terry Dischinger,,,,False,223,1964-06-18
trade,Baltimore Bullets,DET,player,Don Kojis,,,,False,224,1964-06-18
trade,Baltimore Bullets,DET,player,Rod Thorn,,,,False,225,1964-06-18
trade,Baltimore Bullets,DET,player,Bob Ferry,,,,False,226,1964-06-18
trade,Baltimore Bullets,DET,player,Bailey Howell,,,,False,227,1964-06-18
trade,Baltimore Bullets,DET,player,Les Hunter,,,,False,228,1964-06-18
trade,Baltimore Bullets,DET,player,Wali Jones,,,,False,229,1964-06-18
trade,Baltimore Bullets,DET,player,Don Ohl,,,,False,230,1964-06-18
trade,NYK,St. Louis Hawks,player,Bill McGill,,,,False,231,1964-10-18
trade,NYK,St. Louis Hawks,player,Hal Blevins,,,,False,232,1964-10-18
trade,NYK,St. Louis Hawks,pick,1965 2nd round draft pick,,,,False,233,1964-10-18
trade,San Francisco Warriors,PHI,player,Wilt Chamberlain,,,,False,234,1965-01-15
trade,San Francisco Warriors,PHI,player,Connie Dierking,,,,False,235,1965-01-15
trade,San Francisco Warriors,PHI,player,Paul Neumann,,,,False,236,1965-01-15
trade,San Francisco Warriors,PHI,player,Lee Shaffer,,,,False,237,1965-01-15
trade,Baltimore Bullets,PHI,player,Wali Jones,,,,False,238,1965-09-22
trade,Baltimore Bullets,PHI,player,Red Kerr,,,,False,239,1965-09-22
trade,Baltimore Bullets,BOS,player,Si Green,,,,False,240,1965-10-10
trade,Baltimore Bullets,BOS,player,John Jones,,,,False,241,1965-10-10
trade,Baltimore Bullets,BOS,pick,1966 5th round draft pick,,,,False,242,1965-10-10
trade,LAL,NYK,player,Dick Barnett,,,,False,243,1965-10-14
trade,LAL,NYK,player,Bob Boozer,,,,False,244,1965-10-14
trade,Cincinnati Royals,San Francisco Warriors,player,Bud Olsen,,,,False,245,1965-10-20
trade,Baltimore Bullets,NYK,player,Walt Bellamy,,,,False,246,1965-11-02
trade,Baltimore Bullets,NYK,player,Jim Barnes,,,,False,247,1965-11-02
trade,Baltimore Bullets,NYK,player,Johnny Egan,,,,False,248,1965-11-02
trade,Baltimore Bullets,NYK,player,Johnny Green,,,,False,249,1965-11-02
trade,St. Louis Hawks,DET,player,John Tresvant,,,,False,250,1965-12-24
trade,St. Louis Hawks,DET,player,Chico Vaughn,,,,False,251,1965-12-24
trade,St. Louis Hawks,DET,player,Rod Thorn,,,,False,252,1965-12-24
trade,DET,St. Louis Hawks,player,Joe Caldwell,,,,False,253,1965-12-28
trade,DET,St. Louis Hawks,player,John Barnhill,,,,False,254,1965-12-28
trade,BOS,Baltimore Bullets,player,Mel Counts,,,,False,255,1966-09-01
trade,BOS,Baltimore Bullets,player,Bailey Howell,,,,False,256,1966-09-01
trade,CHI,San Francisco Warriors,player,Jim King,,,,False,257,1966-09-07
trade,CHI,San Francisco Warriors,player,Jeff Mullins,,,,False,258,1966-09-07
trade,Cincinnati Royals,BOS,player,Wayne Embry,,,,False,259,1966-09-15
trade,Cincinnati Royals,BOS,player,Sam Smith,,,,False,260,1966-09-15
trade,Cincinnati Royals,BOS,pick,1967 3rd round draft pick,,,,False,261,1966-09-15
trade,LAL,Baltimore Bullets,player,Leroy Ellis,,,,False,262,1966-09-22
trade,LAL,Baltimore Bullets,player,Jim Barnes,,,,False,263,1966-09-22
trade,CHI,Cincinnati Royals,player,Len Chappell,,,,False,264,1966-11-25
trade,CHI,Cincinnati Royals,player,George Wilson,,,,False,265,1966-11-25
trade,Baltimore Bullets,LAL,player,Mel Counts,,,,False,266,1967-01-16
trade,DET,Baltimore Bullets,player,Ray Scott,,,,False,267,1967-01-16
trade,LAL,DET,player,Rudy LaRusso,,,,False,268,1967-01-16
trade,LAL,DET,player,Sonny Dove,,,,False,269,1967-01-16
trade,LAL,DET,pick,1967 1st round draft pick,,,,False,270,1967-01-16
trade,DET,CHI,player,Reggie Harding,,,,False,271,1967-10-02
trade,DET,CHI,player,Don Dee,,,,False,272,1967-10-02
trade,DET,CHI,pick,1968 3rd round draft pick,,,,False,273,1967-10-02
trade,Cincinnati Royals,CHI,player,Flynn Robinson,,,,False,274,1967-10-20
trade,Cincinnati Royals,CHI,player,Ron Dunlap,,,,False,275,1967-10-20
trade,Cincinnati Royals,CHI,player,Johnny Baum,,,,False,276,1967-10-20
trade,Cincinnati Royals,CHI,pick,1968 2nd round draft pick,,,,False,277,1967-10-20
trade,Cincinnati Royals,CHI,pick,1969 2nd round draft pick,,,,False,278,1967-10-20
trade,Cincinnati Royals,DET,player,Len Chappell,,,,False,279,1967-11-27
trade,Cincinnati Royals,DET,player,Fred Foster,,,,False,280,1967-11-27
trade,Cincinnati Royals,DET,pick,1968 3rd round draft pick,,,,False,281,1967-11-27
trade,CHI,LAL,player,Erwin Mueller,,,,False,282,1968-01-09
trade,CHI,LAL,player,Jim Barnes,,,,False,283,1968-01-09
trade,CHI,LAL,player,Dave Newmark,,,,False,284,1968-01-09
trade,CHI,LAL,pick,1968 3rd round draft pick,,,,False,285,1968-01-09
trade,San Diego Rockets,PHI,player,Johnny Green,,,,False,286,1968-01-11
trade,San Diego Rockets,PHI,player,Darryl Jones,,,,False,287,1968-01-11
trade,San Diego Rockets,PHI,pick,1968 4th round draft pick,,,,False,288,1968-01-11
trade,St. Louis Hawks,Baltimore Bullets,player,Tom Workman,,,,False,289,1968-01-21
trade,St. Louis Hawks,Baltimore Bullets,player,Jack Thompson,,,,False,290,1968-01-21
trade,St. Louis Hawks,Baltimore Bullets,pick,1968 3rd round draft pick,,,,False,291,1968-01-21
trade,Cincinnati Royals,DET,player,Jim Fox,,,,False,292,1968-02-01
trade,Cincinnati Royals,DET,player,Happy Hairston,,,,False,293,1968-02-01
trade,Cincinnati Royals,DET,player,John Tresvant,,,,False,294,1968-02-01
trade,Cincinnati Royals,DET,player,Tom Van Arsdale,,,,False,295,1968-02-01
trade,PHI,LAL,player,Wilt Chamberlain,,,,False,296,1968-07-09
trade,PHI,LAL,player,Jerry Chambers,,,,False,297,1968-07-09
trade,PHI,LAL,player,Archie Clark,,,,False,298,1968-07-09
trade,PHI,LAL,player,Darrall Imhoff,,,,False,299,1968-07-09
trade,PHO,BOS,player,Em Bryant,,,,False,300,1968-08-27
trade,PHO,BOS,player,Gene Williams,,,,False,301,1968-08-27
trade,PHO,BOS,pick,1969 2nd round draft pick,,,,False,302,1968-08-27
trade,PHO,ATL,player,Dennis Hamilton,,,,False,303,1968-09-11
trade,PHO,ATL,player,Lloyd Kerr,,,,False,304,1968-09-11
trade,PHO,ATL,pick,1969 3rd round draft pick,,,,False,305,1968-09-11
trade,PHO,MIL,player,Dick Cunningham,,,,False,306,1968-09-12
trade,PHO,MIL,player,John Arthurs,,,,False,307,1968-09-12
trade,CHI,LAL,player,Keith Erickson,,,,False,308,1968-09-23
trade,CHI,LAL,player,Erwin Mueller,,,,False,309,1968-09-23
trade,MIL,LAL,player,Johnny Egan,,,,False,310,1968-10-08
trade,Seattle SuperSonics,ATL,player,Walt Hazzard,,,,False,311,1968-10-12
trade,Seattle SuperSonics,ATL,player,Lenny Wilkens,,,,False,312,1968-10-12
trade,Seattle SuperSonics,ATL,player,Richie Guerin,,,,False,313,1968-11-15
trade,MIL,CHI,player,Bob Love,,,,False,314,1968-11-23
trade,MIL,CHI,player,Bob Weiss,,,,False,315,1968-11-23
trade,MIL,CHI,player,Flynn Robinson,,,,False,316,1968-11-23
trade,DET,PHO,player,Jim Fox,,,,False,317,1968-12-17
trade,DET,PHO,player,Lamar Green,,,,False,318,1968-12-17
trade,DET,PHO,pick,1969 3rd round draft pick,,,,False,319,1968-12-17
trade,NYK,DET,player,Walt Bellamy,,,,False,320,1968-12-19
trade,NYK,DET,player,Howard Komives,,,,False,321,1968-12-19
trade,NYK,DET,player,Dave DeBusschere,,,,False,322,1968-12-19
trade,DET,MIL,player,Rich Niemann,,,,False,323,1969-01-01
trade,PHI,PHO,player,Jerry Chambers,,,,False,324,1969-01-20
trade,PHI,PHO,player,George Wilson,,,,False,325,1969-01-20
trade,MIL,Cincinnati Royals,player,Fred Hetzel,,,,False,326,1969-01-31
trade,MIL,Cincinnati Royals,player,Zaid Abdul-Aziz,,,,False,327,1969-01-31
trade,CHI,Seattle SuperSonics,player,Erwin Mueller,,,,False,328,1969-01-31
trade,CHI,Seattle SuperSonics,player,John Davis,,,,False,329,1969-01-31
trade,CHI,Seattle SuperSonics,pick,1970 4th round draft pick,,,,False,330,1969-01-31
trade,Cincinnati Royals,Seattle SuperSonics,player,John Tresvant,,,,False,331,1969-02-01
trade,Cincinnati Royals,Seattle SuperSonics,player,Al Tucker,,,,False,332,1969-02-01
trade,PHO,ATL,player,Gary Gregor,,,,False,333,1969-05-08
trade,PHO,ATL,player,Paul Silas,,,,False,334,1969-05-08
trade,BOS,San Diego Rockets,player,Hank Finkel,,,,False,335,1969-08-22
trade,CHI,PHI,player,Bob Kauffman,,,,False,336,1969-09-02
trade,CHI,PHI,player,Jim Washington,,,,False,337,1969-09-02
trade,CHI,PHI,player,Shaler Halimon,,,,False,338,1969-09-02
trade,CHI,PHI,player,Chet Walker,,,,False,339,1969-09-02
trade,CHI,Seattle SuperSonics,player,Bob Boozer,,,,False,340,1969-09-05
trade,CHI,Seattle SuperSonics,player,Barry Clemens,,,,False,341,1969-09-05
trade,CHI,Seattle SuperSonics,player,Bob Kauffman,,,,False,342,1969-09-05
trade,CHI,Seattle SuperSonics,player,Clifford Ray,,,,False,343,1969-09-05
trade,CHI,Seattle SuperSonics,pick,1971 3rd round draft pick,,,,False,344,1969-09-05
trade,CHI,LAL,player,Mike Lynn,,,,False,345,1969-09-09
trade,CHI,LAL,player,Mike Gale,,,,False,346,1969-09-09
trade,CHI,LAL,pick,1971 3rd round draft pick,,,,False,347,1969-09-09
trade,PHI,PHO,player,Joe DePre,,,,False,348,1969-09-13
trade,PHI,PHO,pick,1970 2nd round draft pick,,,,False,349,1969-09-13
trade,ATL,PHO,player,Vann Williford,,,,False,350,1969-09-20
trade,ATL,PHO,pick,1970 3rd round draft pick,,,,False,351,1969-09-20
trade,Cincinnati Royals,PHI,player,Fred Hetzel,,,,False,352,1969-10-04
trade,Cincinnati Royals,PHI,player,Craig Raymond,,,,False,353,1969-10-04
trade,DET,San Francisco Warriors,player,Dave Gambee,,,,False,354,1969-10-10
trade,CHI,Cincinnati Royals,player,Dave Newmark,,,,False,355,1969-10-12
trade,CHI,Cincinnati Royals,player,Norm Van Lier,,,,False,356,1969-10-12
trade,CHI,Cincinnati Royals,player,Walt Wesley,,,,False,357,1969-10-12
trade,ATL,Cincinnati Royals,player,Wally Anderzunas,,,,False,358,1969-10-12
trade,ATL,Cincinnati Royals,player,Ron Riley,,,,False,359,1969-10-12
trade,ATL,Cincinnati Royals,pick,1972 3rd round draft pick,,,,False,360,1969-10-12
trade,Cincinnati Royals,San Francisco Warriors,player,Jerry Lucas,,,,False,361,1969-10-25
trade,Cincinnati Royals,San Francisco Warriors,player,Jim King,,,,False,362,1969-10-25
trade,Cincinnati Royals,San Francisco Warriors,player,Bill Turner,,,,False,363,1969-10-25
trade,PHO,Seattle SuperSonics,player,Dick Snyder,,,,False,364,1969-10-26
trade,PHO,Seattle SuperSonics,player,Art Harris,,,,False,365,1969-10-26
trade,DET,Seattle SuperSonics,player,Jake Ford,,,,False,366,1969-11-01
trade,DET,Seattle SuperSonics,pick,1970 2nd round draft pick,,,,False,367,1969-11-01
trade,BOS,Cincinnati Royals,player,Bob Cousy,,,,False,368,1969-11-18
trade,BOS,Cincinnati Royals,player,Bill Dinwiddie,,,,False,369,1969-11-18
trade,DET,LAL,player,Happy Hairston,,,,False,370,1969-11-27
trade,DET,LAL,player,Bill Hewitt,,,,False,371,1969-11-27
trade,DET,LAL,player,Jim Hayes,,,,False,372,1969-11-27
trade,DET,LAL,pick,1970 3rd round draft pick,,,,False,373,1969-11-27
trade,Cincinnati Royals,San Francisco Warriors,player,Adrian Smith,,,,False,374,1969-12-25
trade,Cincinnati Royals,San Francisco Warriors,player,Tiny Archibald,,,,False,375,1969-12-25
trade,Cincinnati Royals,San Francisco Warriors,pick,1970 2nd round draft pick,,,,False,376,1969-12-25
trade,Baltimore Bullets,CHI,player,Ed Manning,,,,False,377,1970-01-05
trade,Baltimore Bullets,CHI,player,Al Tucker,,,,False,378,1970-01-05
trade,ATL,DET,player,John Arthurs,,,,False,379,1970-02-01
trade,ATL,DET,player,Walt Bellamy,,,,False,380,1970-02-01
trade,Baltimore Bullets,DET,player,Bob Quick,,,,False,381,1970-02-01
trade,Baltimore Bullets,DET,player,Ken Warzynski,,,,False,382,1970-02-01
trade,Baltimore Bullets,DET,pick,1970 2nd round draft pick,,,,False,383,1970-02-01
trade,Baltimore Bullets,DET,pick,1970 4th round draft pick,,,,False,384,1970-02-01
trade,ATL,San Francisco Warriors,player,Zelmo Beaty,,,,False,385,1970-02-02
trade,ATL,San Francisco Warriors,player,Clyde Lee,,,,False,386,1970-02-02
trade,ATL,San Francisco Warriors,player,Pete Maravich,,,,False,387,1970-02-02
trade,ATL,San Francisco Warriors,pick,1970 1st round draft pick,,,,False,388,1970-02-02
trade,Cincinnati Royals,MIL,player,Oscar Robertson,,,,False,389,1970-04-21
trade,Cincinnati Royals,MIL,player,Charlie Paulk,,,,False,390,1970-04-21
trade,Cincinnati Royals,MIL,player,Flynn Robinson,,,,False,391,1970-04-21
trade,CHI,PHO,player,Clem Haskins,,,,False,392,1970-04-23
trade,CHI,PHO,player,Jim Fox,,,,False,393,1970-04-23
trade,CHI,PHO,player,Howard Porter,,,,False,394,1970-04-23
trade,CHI,PHO,pick,1971 2nd round draft pick,,,,False,395,1970-04-23
trade,LAL,PHO,player,Mel Counts,,,,False,396,1970-05-20
trade,LAL,PHO,player,Gail Goodrich,,,,False,397,1970-05-20
trade,PHO,NYK,player,Heyward Dotson,,,,False,398,1970-07-08
trade,PHO,NYK,player,Bob Kissane,,,,False,399,1970-07-08
trade,PHO,NYK,pick,1971 5th round draft pick,,,,False,400,1970-07-08
trade,San Diego Rockets,BOS,player,Art Williams,,,,False,401,1970-09-10
trade,San Diego Rockets,BOS,player,Greg Nelson,,,,False,402,1970-09-10
trade,San Diego Rockets,BOS,pick,1971 5th round draft pick,,,,False,403,1970-09-10
trade,MIL,Seattle SuperSonics,player,Zaid Abdul-Aziz,,,,False,404,1970-09-17
trade,PHI,Cincinnati Royals,player,Darrall Imhoff,,,,False,405,1970-10-16
trade,PHI,CHI,player,Matt Guokas,,,,False,406,1970-10-16
trade,PHI,CHI,player,Marvin Stewart,,,,False,407,1970-10-16
trade,PHI,CHI,pick,1971 2nd round draft pick,,,,False,408,1970-10-16
trade,CHI,POR,player,Shaler Halimon,,,,False,409,1970-10-20
trade,CHI,POR,player,Willie Sojourner,,,,False,410,1970-10-20
trade,CHI,POR,pick,1971 2nd round draft pick,,,,False,411,1970-10-20
trade,POR,Baltimore Bullets,player,Dorie Murrey,,,,False,412,1970-10-22
trade,POR,Baltimore Bullets,player,Rick Fisher,,,,False,413,1970-10-22
trade,POR,Baltimore Bullets,pick,1971 2nd round draft pick,,,,False,414,1970-10-22
trade,LAL,Baltimore Bullets,player,John Tresvant,,,,False,415,1970-11-11
trade,LAL,Baltimore Bullets,player,Paul Stovall,,,,False,416,1970-11-11
trade,LAL,Baltimore Bullets,pick,1972 2nd round draft pick,,,,False,417,1970-11-11
trade,Buffalo Braves,PHI,player,Freddie Crawford,,,,False,418,1970-11-26
trade,CLE,San Diego Rockets,player,Johnny Egan,,,,False,419,1970-12-09
trade,CLE,San Diego Rockets,player,Jackie Ridgle,,,,False,420,1970-12-09
trade,CLE,San Diego Rockets,pick,1971 3rd round draft pick,,,,False,421,1970-12-09
trade,MIL,CLE,player,Gary Freeman,,,,False,422,1971-02-01
trade,MIL,CLE,player,Willie Long,,,,False,423,1971-02-01
trade,MIL,CLE,pick,1971 2nd round draft pick,,,,False,424,1971-02-01
trade,POR,San Francisco Warriors,player,Jim Barnett,,,,False,425,1971-03-23
trade,POR,San Francisco Warriors,player,Charlie Yelverton,,,,False,426,1971-03-23
trade,POR,San Francisco Warriors,player,William Smith,,,,False,427,1971-03-23
trade,POR,San Francisco Warriors,player,Dave Twardzik,,,,False,428,1971-03-23
trade,POR,San Francisco Warriors,pick,1971 2nd round draft pick,,,,False,429,1971-03-23
trade,POR,San Francisco Warriors,pick,1971 3rd round draft pick,,,,False,430,1971-03-23
trade,POR,San Francisco Warriors,pick,1972 2nd round draft pick,,,,False,431,1971-03-23
trade,Cincinnati Royals,LAL,player,Flynn Robinson,,,,False,432,1971-03-29
trade,Cincinnati Royals,LAL,player,Joe Bergman,,,,False,433,1971-03-29
trade,Cincinnati Royals,LAL,pick,1971 2nd round draft pick,,,,False,434,1971-03-29
trade,DET,PHO,player,Otto Moore,,,,False,435,1971-04-02
trade,DET,PHO,player,Bob Nash,,,,False,436,1971-04-02
trade,DET,PHO,pick,1972 1st round draft pick,,,,False,437,1971-04-02
trade,NYK,San Francisco Warriors,player,Cazzie Russell,,,,False,438,1971-05-07
trade,NYK,San Francisco Warriors,player,Jerry Lucas,,,,False,439,1971-05-07
trade,Cincinnati Royals,CHI,player,Charlie Paulk,,,,False,440,1971-05-14
trade,Cincinnati Royals,CHI,player,Matt Guokas,,,,False,441,1971-05-14
trade,CHI,San Diego Rockets,player,Dick Gibbs,,,,False,442,1971-06-09
trade,CHI,San Diego Rockets,player,Kevin Stacom,,,,False,443,1971-06-09
trade,CHI,San Diego Rockets,pick,1973 2nd round draft pick,,,,False,444,1971-06-09
trade,Pittsburgh Condors,CHI,player,Howard Porter,,,,False,445,1971-07-20
trade,Pittsburgh Condors,CHI,player,Paul Ruffner,,,,False,446,1971-07-20
trade,Buffalo Braves,ATL,player,Herm Gilliam,,,,False,447,1971-07-26
trade,Buffalo Braves,ATL,player,Don May,,,,False,448,1971-07-26
trade,Buffalo Braves,ATL,player,Walt Hazzard,,,,False,449,1971-07-26
trade,Buffalo Braves,ATL,player,Jerry Chambers,,,,False,450,1971-07-26
trade,PHO,CLE,player,Greg Howard,,,,False,451,1971-08-13
trade,PHO,CLE,player,Scott English,,,,False,452,1971-08-13
trade,PHO,CLE,pick,1972 3rd round draft pick,,,,False,453,1971-08-13
trade,POR,LAL,player,Leroy Ellis,,,,False,454,1971-09-11
trade,POR,LAL,player,Ollie Johnson,,,,False,455,1971-09-11
trade,POR,LAL,pick,1972 2nd round draft pick,,,,False,456,1971-09-11
trade,HOU,MIL,player,John Block,,,,False,457,1971-09-12
trade,HOU,MIL,player,Dick Cunningham,,,,False,458,1971-09-12
trade,BOS,MIL,player,Bill Dinwiddie,,,,False,459,1971-10-11
trade,BOS,MIL,player,Wally Rice,,,,False,460,1971-10-11
trade,BOS,MIL,pick,1972 6th round draft pick,,,,False,461,1971-10-11
trade,LAL,CLE,player,Rick Roberson,,,,False,462,1971-10-13
trade,LAL,CLE,player,Jim Price,,,,False,463,1971-10-13
trade,LAL,CLE,player,Kermit Washington,,,,False,464,1971-10-13
trade,LAL,CLE,player,Bill Schaeffer,,,,False,465,1971-10-13
trade,LAL,CLE,pick,1972 2nd round draft pick,,,,False,466,1971-10-13
trade,LAL,CLE,pick,1973 1st round draft pick,,,,False,467,1971-10-13
trade,LAL,CLE,pick,1973 2nd round draft pick,,,,False,468,1971-10-13
trade,Baltimore Bullets,PHI,player,Fred Carter,,,,False,469,1971-10-18
trade,Baltimore Bullets,PHI,player,Kevin Loughery,,,,False,470,1971-10-18
trade,Baltimore Bullets,PHI,player,Archie Clark,,,,False,471,1971-10-18
trade,Baltimore Bullets,PHI,player,Louie Nelson,,,,False,472,1971-10-18
trade,Baltimore Bullets,PHI,pick,1973 2nd round draft pick,,,,False,473,1971-10-18
trade,ATL,HOU,player,Jim Davis,,,,False,474,1971-11-09
trade,ATL,HOU,player,John Vallely,,,,False,475,1971-11-09
trade,ATL,HOU,player,Don Adams,,,,False,476,1971-11-09
trade,ATL,HOU,player,Larry Siegfried,,,,False,477,1971-11-09
trade,Cincinnati Royals,CHI,player,Norm Van Lier,,,,False,478,1971-11-09
trade,Cincinnati Royals,CHI,player,Frank Russell,,,,False,479,1971-11-09
trade,Cincinnati Royals,CHI,pick,1972 3rd round draft pick,,,,False,480,1971-11-09
trade,Cincinnati Royals,CHI,pick,1972 2nd round draft pick,,,,False,481,1971-11-09
trade,Baltimore Bullets,NYK,player,Earl Monroe,,,,False,482,1971-11-10
trade,Baltimore Bullets,NYK,player,Mike Riordan,,,,False,483,1971-11-10
trade,Baltimore Bullets,NYK,player,Dave Stallworth,,,,False,484,1971-11-10
trade,CLE,NYK,player,Luther Rackley,,,,False,485,1971-11-15
trade,CLE,NYK,player,Steve Hawes,,,,False,486,1971-11-15
trade,CLE,NYK,pick,1972 2nd round draft pick,,,,False,487,1971-11-15
trade,ATL,PHI,player,Bill Bridges,,,,False,488,1971-11-19
trade,ATL,PHI,player,Jim Washington,,,,False,489,1971-11-19
trade,Seattle SuperSonics,PHI,player,Bob Rule,,,,False,490,1971-11-25
trade,Seattle SuperSonics,PHI,player,Joby Wright,,,,False,491,1971-11-25
trade,Seattle SuperSonics,PHI,pick,1972 2nd round draft pick,,,,False,492,1971-11-25
trade,HOU,MIL,player,Curtis Perry,,,,False,493,1971-12-09
trade,HOU,MIL,player,Russ Lee,,,,False,494,1971-12-09
trade,HOU,MIL,pick,1972 1st round draft pick,,,,False,495,1971-12-09
trade,HOU,MIL,pick,1973 3rd round draft pick,,,,False,496,1971-12-09
trade,HOU,DET,player,Jim Davis,,,,False,497,1971-12-10
trade,HOU,DET,player,Corky Calhoun,,,,False,498,1971-12-10
trade,HOU,DET,pick,1972 1st round draft pick,,,,False,499,1971-12-10
trade,CHI,NYK,player,Charlie Paulk,,,,False,500,1971-12-10
trade,CHI,NYK,player,Caldwell Jones,,,,False,501,1971-12-10
trade,CHI,NYK,pick,1973 2nd round draft pick,,,,False,502,1971-12-10
trade,PHI,MIL,player,Wali Jones,,,,False,503,1971-12-13
trade,PHI,MIL,player,John Block,,,,False,504,1971-12-13
trade,PHI,MIL,player,Rubin Collins,,,,False,505,1971-12-13
trade,PHI,MIL,pick,1974 2nd round draft pick,,,,False,506,1971-12-13
trade,PHO,Cincinnati Royals,player,Fred Taylor,,,,False,507,1971-12-27
trade,PHO,Cincinnati Royals,player,Joe Reaves,,,,False,508,1971-12-27
trade,PHO,Cincinnati Royals,pick,1973 3rd round draft pick,,,,False,509,1971-12-27
trade,BOS,PHO,player,Charlie Scott,,,,False,510,1972-03-14
trade,BOS,PHO,player,Paul Silas,,,,False,511,1972-03-14
trade,PHO,HOU,player,Otto Moore,,,,False,512,1972-04-07
trade,PHO,HOU,player,Corky Calhoun,,,,False,513,1972-04-07
trade,PHO,HOU,pick,1972 1st round draft pick,,,,False,514,1972-04-07
trade,Baltimore Bullets,PHO,player,Gus Johnson,,,,False,515,1972-04-10
trade,Baltimore Bullets,PHO,player,Tom Patterson,,,,False,516,1972-04-10
trade,Baltimore Bullets,PHO,pick,1972 2nd round draft pick,,,,False,517,1972-04-10
trade,HOU,Baltimore Bullets,player,Elvin Hayes,,,,False,518,1972-06-23
trade,HOU,Baltimore Bullets,player,Jack Marin,,,,False,519,1972-06-23
trade,PHI,POR,player,Fred Foster,,,,False,520,1972-07-31
trade,PHI,POR,player,Allan Bristow,,,,False,521,1972-07-31
trade,PHI,POR,pick,1973 2nd round draft pick,,,,False,522,1972-07-31
trade,DET,POR,player,Terry Dischinger,,,,False,523,1972-07-31
trade,DET,POR,player,Fred Foster,,,,False,524,1972-07-31
trade,DET,HOU,player,Jimmy Walker,,,,False,525,1972-08-01
trade,DET,HOU,player,Stu Lantz,,,,False,526,1972-08-01
trade,CLE,Seattle SuperSonics,player,Butch Beard,,,,False,527,1972-08-23
trade,CLE,Seattle SuperSonics,player,Barry Clemens,,,,False,528,1972-08-23
trade,CLE,Seattle SuperSonics,player,Lenny Wilkens,,,,False,529,1972-08-23
trade,CLE,LAL,player,Billy Knight,,,,False,530,1972-08-31
trade,CLE,LAL,pick,1974 2nd round draft pick,,,,False,531,1972-08-31
trade,LAL,PHO,player,Paul Stovall,,,,False,532,1972-09-19
trade,LAL,PHO,player,Truck Robinson,,,,False,533,1972-09-19
trade,LAL,PHO,pick,1974 2nd round draft pick,,,,False,534,1972-09-19
trade,CLE,HOU,player,Steve Hawes,,,,False,535,1972-09-22
trade,CLE,HOU,player,James Lister,,,,False,536,1972-09-22
trade,CLE,HOU,pick,1973 3rd round draft pick,,,,False,537,1972-09-22
trade,Buffalo Braves,DET,player,Mike D'Antoni,,,,False,538,1972-09-29
trade,Buffalo Braves,DET,pick,1973 2nd round draft pick,,,,False,539,1972-09-29
trade,PHI,POR,player,Dave Wohl,,,,False,540,1972-10-02
trade,PHI,POR,player,Dale Schlueter,,,,False,541,1972-10-02
trade,Kansas City-Omaha Kings,MIL,player,Clyde Turner,,,,False,542,1972-10-09
trade,Kansas City-Omaha Kings,MIL,pick,1973 4th round draft pick,,,,False,543,1972-10-09
trade,Kansas City-Omaha Kings,Seattle SuperSonics,player,Jim Fox,,,,False,544,1972-10-09
trade,Kansas City-Omaha Kings,Seattle SuperSonics,player,Dick Gibbs,,,,False,545,1972-10-09
trade,Kansas City-Omaha Kings,Seattle SuperSonics,player,Pete Cross,,,,False,546,1972-10-09
trade,Kansas City-Omaha Kings,Seattle SuperSonics,player,Don Kojis,,,,False,547,1972-10-09
trade,ATL,NYK,player,Pat McFarland,,,,False,548,1972-10-09
trade,ATL,NYK,pick,1973 2nd round draft pick,,,,False,549,1972-10-09
trade,PHI,PHO,player,Gary Melchionni,,,,False,550,1972-10-10
trade,PHI,PHO,pick,1973 2nd round draft pick,,,,False,551,1972-10-10
trade,MIL,PHI,player,Gary Melchionni,,,,False,552,1972-10-10
trade,MIL,PHI,pick,1973 2nd round draft pick,,,,False,553,1972-10-10
trade,CHI,PHI,player,Caldwell Jones,,,,False,554,1972-10-18
trade,CHI,PHI,pick,1973 2nd round draft pick,,,,False,555,1972-10-18
trade,CHI,Seattle SuperSonics,player,Kenny McIntosh,,,,False,556,1972-10-20
trade,CHI,Seattle SuperSonics,player,Gar Heard,,,,False,557,1972-10-20
trade,CHI,Seattle SuperSonics,player,Martin Terry,,,,False,558,1972-10-20
trade,CHI,Seattle SuperSonics,pick,1973 3rd round draft pick,,,,False,559,1972-10-20
trade,CLE,POR,player,Charlie Davis,,,,False,560,1972-10-24
trade,CLE,POR,player,Foots Walker,,,,False,561,1972-10-24
trade,CLE,POR,pick,1974 3rd round draft pick,,,,False,562,1972-10-24
trade,HOU,POR,player,Greg Smith,,,,False,563,1972-10-27
trade,HOU,POR,player,Stan McKenzie,,,,False,564,1972-10-27
trade,ATL,DET,player,Don Adams,,,,False,565,1972-10-31
trade,ATL,DET,player,Tom Ingelsby,,,,False,566,1972-10-31
trade,ATL,DET,pick,1973 2nd round draft pick,,,,False,567,1972-10-31
trade,LAL,PHI,player,Leroy Ellis,,,,False,568,1972-11-02
trade,LAL,PHI,player,John Trapp,,,,False,569,1972-11-02
trade,LAL,PHI,player,Bill Bridges,,,,False,570,1972-11-02
trade,LAL,PHI,player,Mel Counts,,,,False,571,1972-11-02
trade,DET,Kansas City-Omaha Kings,player,Mike D'Antoni,,,,False,572,1972-11-09
trade,DET,Kansas City-Omaha Kings,pick,1973 2nd round draft pick,,,,False,573,1972-11-09
trade,CLE,PHI,player,Dave Sorenson,,,,False,574,1972-11-10
trade,CLE,PHI,player,Bob Rule,,,,False,575,1972-11-10
trade,CLE,PHO,player,Walt Wesley,,,,False,576,1972-11-22
trade,CLE,PHO,player,Allan Hornyak,,,,False,577,1972-11-22
trade,CLE,PHO,pick,1973 2nd round draft pick,,,,False,578,1972-11-22
trade,Baltimore Bullets,LAL,player,Jim Chones,,,,False,579,1972-12-06
trade,Baltimore Bullets,LAL,pick,1973 2nd round draft pick,,,,False,580,1972-12-06
trade,Kansas City-Omaha Kings,PHI,player,Tom Van Arsdale,,,,False,581,1973-01-26
trade,Kansas City-Omaha Kings,PHI,player,Harvey Catchings,,,,False,582,1973-01-26
trade,Kansas City-Omaha Kings,PHI,pick,1974 3rd round draft pick,,,,False,583,1973-01-26
trade,ATL,PHI,player,Jeff Halliburton,,,,False,584,1973-01-26
trade,ATL,PHI,player,Ted Manakas,,,,False,585,1973-01-26
trade,ATL,PHI,pick,1973 3rd round draft pick,,,,False,586,1973-01-26
trade,ATL,PHI,player,Don May,,,,False,587,1973-02-01
trade,ATL,PHI,player,Dale Schlueter,,,,False,588,1973-02-01
trade,ATL,DET,player,George Trapp,,,,False,589,1973-04-13
trade,ATL,DET,player,Dwight Jones,,,,False,590,1973-04-13
trade,ATL,DET,pick,1973 1st round draft pick,,,,False,591,1973-04-13
trade,CLE,POR,player,John Johnson,,,,False,592,1973-04-24
trade,CLE,POR,player,Rick Roberson,,,,False,593,1973-04-24
trade,CLE,POR,player,Barry Parkhill,,,,False,594,1973-04-24
trade,CLE,POR,pick,1973 1st round draft pick,,,,False,595,1973-04-24
trade,CLE,POR,pick,1973 1st round draft pick,,,,False,596,1973-04-24
trade,CLE,POR,pick,1973 3rd round draft pick,,,,False,597,1973-04-24
trade,GSW,Seattle SuperSonics,player,Walt Hazzard,,,,False,598,1973-07-25
trade,GSW,Seattle SuperSonics,player,Butch Beard,,,,False,599,1973-07-25
trade,Capital Bullets,LAL,player,Stan Love,,,,False,600,1973-08-23
trade,Capital Bullets,LAL,player,Truck Robinson,,,,False,601,1973-08-23
trade,Capital Bullets,LAL,pick,1974 2nd round draft pick,,,,False,602,1973-08-23
trade,Capital Bullets,CHI,player,John Tresvant,,,,False,603,1973-09-04
trade,Buffalo Braves,CHI,player,John Hummer,,,,False,604,1973-09-10
trade,Buffalo Braves,CHI,player,Leon Benbow,,,,False,605,1973-09-10
trade,Buffalo Braves,CHI,player,Larry Fogle,,,,False,606,1973-09-10
trade,Buffalo Braves,CHI,pick,1974 2nd round draft pick,,,,False,607,1973-09-10
trade,Buffalo Braves,CHI,pick,1975 2nd round draft pick,,,,False,608,1973-09-10
trade,Buffalo Braves,LAL,player,Elmore Smith,,,,False,609,1973-09-12
trade,Buffalo Braves,LAL,player,Jim McMillian,,,,False,610,1973-09-12
trade,ATL,PHO,player,Bob Christian,,,,False,611,1973-10-08
trade,ATL,PHO,player,Bob Carrington,,,,False,612,1973-10-08
trade,ATL,PHO,player,Eddie Johnson,,,,False,613,1973-10-08
trade,ATL,PHO,pick,1976 2nd round draft pick,,,,False,614,1973-10-08
trade,ATL,PHO,pick,1977 3rd round draft pick,,,,False,615,1973-10-08
trade,Capital Bullets,PHO,player,Earl Williams,,,,False,616,1973-10-09
trade,Capital Bullets,PHO,player,Bayard Forrest,,,,False,617,1973-10-09
trade,Capital Bullets,PHO,pick,1974 3rd round draft pick,,,,False,618,1973-10-09
trade,Capital Bullets,PHO,pick,1975 3rd round draft pick,,,,False,619,1973-10-09
trade,CHI,POR,player,Phil Lumpkin,,,,False,620,1973-10-14
trade,CHI,POR,pick,1974 2nd round draft pick,,,,False,621,1973-10-14
trade,HOU,Kansas City-Omaha Kings,player,Jimmy Walker,,,,False,622,1973-10-29
trade,HOU,Kansas City-Omaha Kings,player,Matt Guokas,,,,False,623,1973-10-29
trade,LAL,PHO,player,Keith Erickson,,,,False,624,1973-10-30
trade,LAL,PHO,player,Fred Saunders,,,,False,625,1973-10-30
trade,LAL,PHO,pick,1974 2nd round draft pick,,,,False,626,1973-10-30
trade,HOU,Kansas City-Omaha Kings,player,Otto Moore,,,,False,627,1973-11-12
trade,HOU,Kansas City-Omaha Kings,player,Ron Riley,,,,False,628,1973-11-12
trade,CHI,Seattle SuperSonics,player,John Hummer,,,,False,629,1974-01-07
trade,CHI,Seattle SuperSonics,player,Steve Green,,,,False,630,1974-01-07
trade,CHI,Seattle SuperSonics,pick,1975 2nd round draft pick,,,,False,631,1974-01-07
trade,GSW,PHO,player,Bill Chamberlain,,,,False,632,1974-01-24
trade,GSW,PHO,player,Otis Johnson,,,,False,633,1974-01-24
trade,GSW,PHO,pick,1975 3rd round draft pick,,,,False,634,1974-01-24
trade,Buffalo Braves,HOU,player,Kevin Kunnert,,,,False,635,1974-02-01
trade,Buffalo Braves,HOU,player,Dave Wohl,,,,False,636,1974-02-01
trade,Buffalo Braves,HOU,player,Matt Guokas,,,,False,637,1974-02-01
trade,Buffalo Braves,HOU,player,Jack Marin,,,,False,638,1974-02-01
trade,CHI,PHI,player,Larry Cannon,,,,False,639,1974-02-13
trade,CLE,LAL,player,Junior Bridgeman,,,,False,640,1974-05-17
trade,CLE,LAL,pick,1975 1st round draft pick,,,,False,641,1974-05-17
trade,CHI,NYK,player,Howard Porter,,,,False,642,1974-05-28
trade,CHI,NYK,player,Larry Fogle,,,,False,643,1974-05-28
trade,CHI,NYK,pick,1975 2nd round draft pick,,,,False,644,1974-05-28
trade,CHI,NYK,pick,1974 1st round draft pick,,,,False,645,1974-05-28
trade,CLE,Seattle SuperSonics,player,Tom Burleson,,,,False,646,1974-05-28
trade,CLE,Seattle SuperSonics,pick,1974 1st round draft pick,,,,False,647,1974-05-28
trade,CLE,Seattle SuperSonics,pick,1974 1st round draft pick,,,,False,648,1974-05-28
trade,BOS,MIL,player,George Thompson,,,,False,649,1974-05-30
trade,Seattle SuperSonics,Washington Bullets,player,Dick Gibbs,,,,False,650,1974-08-20
trade,Seattle SuperSonics,Washington Bullets,player,Tom Kropp,,,,False,651,1974-08-20
trade,Seattle SuperSonics,Washington Bullets,pick,1975 3rd round draft pick,,,,False,652,1974-08-20
trade,CHI,GSW,player,Clifford Ray,,,,False,653,1974-09-03
trade,CHI,GSW,player,Joe Bryant,,,,False,654,1974-09-03
trade,CHI,GSW,pick,1975 1st round draft pick,,,,False,655,1974-09-03
trade,Buffalo Braves,CHI,player,Matt Guokas,,,,False,656,1974-09-04
trade,Buffalo Braves,CHI,player,Larry Johnson,,,,False,657,1974-09-04
trade,Buffalo Braves,CHI,pick,1977 2nd round draft pick,,,,False,658,1974-09-04
trade,PHO,Washington Bullets,player,Clem Haskins,,,,False,659,1974-09-06
trade,PHO,Washington Bullets,player,Dave Stallworth,,,,False,660,1974-09-06
trade,PHO,Washington Bullets,player,Allen Murphy,,,,False,661,1974-09-06
trade,PHO,Washington Bullets,pick,1975 2nd round draft pick,,,,False,662,1974-09-06
trade,New Orleans Jazz,PHO,player,Dennis Awtrey,,,,False,663,1974-09-16
trade,New Orleans Jazz,PHO,player,Nate Hawthorne,,,,False,664,1974-09-16
trade,New Orleans Jazz,PHO,player,Curtis Perry,,,,False,665,1974-09-16
trade,New Orleans Jazz,PHO,player,Adrian Dantley,,,,False,666,1974-09-16
trade,New Orleans Jazz,PHO,pick,1976 1st round draft pick,,,,False,667,1974-09-16
trade,New Orleans Jazz,PHO,pick,1975 2nd round draft pick,,,,False,668,1974-09-16
trade,New Orleans Jazz,POR,player,Barry Clemens,,,,False,669,1974-09-16
trade,New Orleans Jazz,POR,player,Major Jones,,,,False,670,1974-09-16
trade,New Orleans Jazz,POR,pick,1976 2nd round draft pick,,,,False,671,1974-09-16
trade,CHI,POR,player,Gus Gerard,,,,False,672,1974-09-18
trade,CHI,POR,pick,1975 3rd round draft pick,,,,False,673,1974-09-18
trade,ATL,LAL,player,Zelmo Beaty,,,,False,674,1974-09-24
trade,ATL,LAL,player,Gus Williams,,,,False,675,1974-09-24
trade,ATL,LAL,pick,1975 2nd round draft pick,,,,False,676,1974-09-24
trade,MIL,New Orleans Jazz,player,Russ Lee,,,,False,677,1974-10-08
trade,MIL,New Orleans Jazz,player,Rich Kelley,,,,False,678,1974-10-08
trade,MIL,New Orleans Jazz,pick,1975 1st round draft pick,,,,False,679,1974-10-08
trade,MIL,New Orleans Jazz,pick,1975 2nd round draft pick,,,,False,680,1974-10-08
trade,LAL,MIL,player,Jim Price,,,,False,681,1974-11-08
trade,LAL,MIL,player,Lucius Allen,,,,False,682,1974-11-08
trade,ATL,PHI,player,Clyde Lee,,,,False,683,1974-11-08
trade,ATL,PHI,player,Jim Baker,,,,False,684,1974-11-08
trade,ATL,PHI,pick,1975 3rd round draft pick,,,,False,685,1974-11-08
trade,CHI,New Orleans Jazz,player,Rick Adelman,,,,False,686,1974-11-11
trade,CHI,New Orleans Jazz,player,John Block,,,,False,687,1974-11-11
trade,LAL,PHO,player,Jacky Dorsey,,,,False,688,1974-11-27
trade,LAL,PHO,player,Mike Bratz,,,,False,689,1974-11-27
trade,LAL,PHO,pick,1976 2nd round draft pick,,,,False,690,1974-11-27
trade,LAL,PHO,pick,1977 3rd round draft pick,,,,False,691,1974-11-27
trade,LAL,New Orleans Jazz,player,Jim McElroy,,,,False,692,1974-12-06
trade,LAL,New Orleans Jazz,pick,1975 3rd round draft pick,,,,False,693,1974-12-06
trade,DET,NYK,player,Bill Robinzine,,,,False,694,1974-12-24
trade,DET,NYK,pick,1975 1st round draft pick,,,,False,695,1974-12-24
trade,ATL,Buffalo Braves,player,Jim Washington,,,,False,696,1975-01-08
trade,ATL,Buffalo Braves,player,Connie White,,,,False,697,1975-01-08
trade,ATL,Buffalo Braves,pick,1976 5th round draft pick,,,,False,698,1975-01-08
trade,Kansas City-Omaha Kings,New Orleans Jazz,player,Nate Williams,,,,False,699,1975-02-01
trade,Kansas City-Omaha Kings,New Orleans Jazz,player,Rick Adelman,,,,False,700,1975-02-01
trade,Kansas City-Omaha Kings,New Orleans Jazz,player,Ollie Johnson,,,,False,701,1975-02-01
trade,New Orleans Jazz,NYK,player,Jim Barnett,,,,False,702,1975-02-01
trade,New Orleans Jazz,NYK,player,Neal Walk,,,,False,703,1975-02-01
trade,New Orleans Jazz,NYK,player,Henry Bibby,,,,False,704,1975-02-01
trade,New Orleans Jazz,NYK,player,Bill Robinzine,,,,False,705,1975-02-01
trade,New Orleans Jazz,NYK,pick,1975 1st round draft pick,,,,False,706,1975-02-01
trade,Kansas City-Omaha Kings,PHI,player,Ken Durrett,,,,False,707,1975-02-01
trade,BOS,PHO,player,Paul Westphal,,,,False,708,1975-05-23
trade,BOS,PHO,player,Jimmy Dan Conner,,,,False,709,1975-05-23
trade,BOS,PHO,player,Butch Feher,,,,False,710,1975-05-23
trade,BOS,PHO,pick,1975 2nd round draft pick,,,,False,711,1975-05-23
trade,BOS,PHO,pick,1976 2nd round draft pick,,,,False,712,1975-05-23
trade,Kansas City-Omaha Kings,New Orleans Jazz,player,Ron Behagen,,,,False,713,1975-05-28
trade,Kansas City-Omaha Kings,New Orleans Jazz,player,Major Jones,,,,False,714,1975-05-28
trade,Kansas City-Omaha Kings,New Orleans Jazz,pick,1976 2nd round draft pick,,,,False,715,1975-05-28
trade,Kansas City-Omaha Kings,New Orleans Jazz,pick,1975 1st round draft pick,,,,False,716,1975-05-28
trade,CLE,GSW,player,Dwight Davis,,,,False,717,1975-05-29
trade,CLE,GSW,player,Butch Beard,,,,False,718,1975-05-29
trade,CLE,GSW,player,John Lambert,,,,False,719,1975-05-29
trade,CLE,GSW,player,Mel Utley,,,,False,720,1975-05-29
trade,CLE,GSW,pick,1975 1st round draft pick,,,,False,721,1975-05-29
trade,CLE,GSW,pick,1975 2nd round draft pick,,,,False,722,1975-05-29
trade,Buffalo Braves,PHO,player,Ricky Sobers,,,,False,723,1975-05-29
trade,Buffalo Braves,PHO,pick,1975 1st round draft pick,,,,False,724,1975-05-29
trade,Buffalo Braves,PHO,pick,1976 1st round draft pick,,,,False,725,1975-05-29
trade,ATL,MIL,player,Alex English,,,,False,726,1975-06-05
trade,ATL,MIL,player,Bayard Forrest,,,,False,727,1975-06-05
trade,ATL,MIL,pick,1976 2nd round draft pick,,,,False,728,1975-06-05
trade,ATL,MIL,pick,1976 2nd round draft pick,,,,False,729,1975-06-05
trade,PHO,POR,player,Jacky Dorsey,,,,False,730,1975-06-09
trade,PHO,POR,pick,1976 2nd round draft pick,,,,False,731,1975-06-09
trade,LAL,MIL,player,Junior Bridgeman,,,,False,732,1975-06-16
trade,LAL,MIL,player,Dave Meyers,,,,False,733,1975-06-16
trade,LAL,MIL,player,Elmore Smith,,,,False,734,1975-06-16
trade,LAL,MIL,player,Brian Winters,,,,False,735,1975-06-16
trade,LAL,MIL,player,Kareem Abdul-Jabbar,,,,False,736,1975-06-16
trade,LAL,MIL,player,Walt Wesley,,,,False,737,1975-06-16
trade,Buffalo Braves,Washington Bullets,player,Mitch Kupchak,,,,False,738,1975-07-30
trade,Buffalo Braves,Washington Bullets,pick,1976 1st round draft pick,,,,False,739,1975-07-30
trade,ATL,LAL,player,Mike Dabney,,,,False,740,1975-08-08
trade,ATL,LAL,pick,1976 3rd round draft pick,,,,False,741,1975-08-08
trade,DET,Washington Bullets,player,Dave Bing,,,,False,742,1975-08-28
trade,DET,Washington Bullets,player,Tree Rollins,,,,False,743,1975-08-28
trade,DET,Washington Bullets,pick,1977 1st round draft pick,,,,False,744,1975-08-28
trade,CHI,CLE,player,Dale Koehler,,,,False,745,1975-09-05
trade,CHI,CLE,pick,1976 8th round draft pick,,,,False,746,1975-09-05
trade,PHO,Washington Bullets,player,Greg Jackson,,,,False,747,1975-09-17
trade,LAL,MIL,player,James Rappis,,,,False,748,1975-09-23
trade,LAL,MIL,pick,1976 5th round draft pick,,,,False,749,1975-09-23
trade,DET,Seattle SuperSonics,player,Ron Brewer,,,,False,750,1975-09-25
trade,DET,Seattle SuperSonics,pick,1978 1st round draft pick,,,,False,751,1975-09-25
trade,DET,PHO,player,Earl Tatum,,,,False,752,1975-09-30
trade,DET,PHO,pick,1976 2nd round draft pick,,,,False,753,1975-09-30
trade,ATL,POR,player,Greg Lee,,,,False,754,1975-10-07
trade,MIL,Seattle SuperSonics,player,Bayard Forrest,,,,False,755,1975-10-22
trade,MIL,Seattle SuperSonics,pick,1976 2nd round draft pick,,,,False,756,1975-10-22
trade,ATL,Seattle SuperSonics,player,Herm Gilliam,,,,False,757,1975-10-22
trade,ATL,Seattle SuperSonics,player,Larry Cooke,,,,False,758,1975-10-22
trade,ATL,Seattle SuperSonics,pick,1976 3rd round draft pick,,,,False,759,1975-10-22
trade,GSW,POR,player,Steve Jones,,,,False,760,1975-10-23
trade,GSW,POR,player,Dwayne Barnett,,,,False,761,1975-10-23
trade,GSW,POR,pick,1976 6th round draft pick,,,,False,762,1975-10-23
trade,NYK,Seattle SuperSonics,player,Gene Short,,,,False,763,1975-10-24
trade,NYK,Seattle SuperSonics,player,James Bailey,,,,False,764,1975-10-24
trade,NYK,Seattle SuperSonics,pick,1979 1st round draft pick,,,,False,765,1975-10-24
trade,LAL,PHO,player,Pat Riley,,,,False,766,1975-11-03
trade,LAL,PHO,player,John Roche,,,,False,767,1975-11-03
trade,LAL,PHO,player,Earl Tatum,,,,False,768,1975-11-03
trade,LAL,PHO,pick,1976 2nd round draft pick,,,,False,769,1975-11-03
trade,HOU,POR,player,Steve Hawes,,,,False,770,1975-11-13
trade,HOU,POR,player,John Johnson,,,,False,771,1975-11-13
trade,CHI,CLE,player,Rowland Garrett,,,,False,772,1975-11-27
trade,CHI,CLE,player,Nate Thurmond,,,,False,773,1975-11-27
trade,CHI,CLE,player,Eric Fernsten,,,,False,774,1975-11-27
trade,CHI,CLE,player,Steve Patterson,,,,False,775,1975-11-27
trade,Buffalo Braves,CHI,player,Jack Marin,,,,False,776,1975-11-27
trade,Buffalo Braves,CHI,player,Tate Armstrong,,,,False,777,1975-11-27
trade,Buffalo Braves,CHI,pick,1977 1st round draft pick,,,,False,778,1975-11-27
trade,CHI,Kansas City Kings,player,Matt Guokas,,,,False,779,1975-12-08
trade,CHI,Kansas City Kings,player,Lars Hansen,,,,False,780,1975-12-08
trade,CHI,Kansas City Kings,player,Steve Sheppard,,,,False,781,1975-12-08
trade,CHI,Kansas City Kings,pick,1976 3rd round draft pick,,,,False,782,1975-12-08
trade,CHI,Kansas City Kings,pick,1977 2nd round draft pick,,,,False,783,1975-12-08
trade,LAL,PHO,player,John Roche,,,,False,784,1976-01-20
trade,Buffalo Braves,PHO,player,Gar Heard,,,,False,785,1976-02-01
trade,Buffalo Braves,PHO,player,Al Fleming,,,,False,786,1976-02-01
trade,Buffalo Braves,PHO,pick,1976 2nd round draft pick,,,,False,787,1976-02-01
trade,New Orleans Jazz,POR,player,Kim Anderson,,,,False,788,1976-06-03
trade,New Orleans Jazz,POR,pick,1977 2nd round draft pick,,,,False,789,1976-06-03
trade,New Orleans Jazz,POR,pick,1976 2nd round draft pick,,,,False,790,1976-06-03
trade,ATL,HOU,player,Dwight Jones,,,,False,791,1976-06-07
trade,ATL,HOU,player,John Lucas,,,,False,792,1976-06-07
trade,ATL,HOU,pick,1976 1st round draft pick,,,,False,793,1976-06-07
trade,ATL,HOU,pick,1976 1st round draft pick,,,,False,794,1976-06-07
trade,ATL,Buffalo Braves,player,Tom Van Arsdale,,,,False,795,1976-06-16
trade,ATL,Buffalo Braves,player,Ken Charles,,,,False,796,1976-06-16
trade,ATL,Buffalo Braves,player,Dick Gibbs,,,,False,797,1976-06-16
trade,LAL,New Orleans Jazz,player,Essie Hollis,,,,False,798,1976-08-05
trade,LAL,New Orleans Jazz,player,Jack Givens,,,,False,799,1976-08-05
trade,LAL,New Orleans Jazz,pick,1977 2nd round draft pick,,,,False,800,1976-08-05
trade,LAL,New Orleans Jazz,pick,1978 1st round draft pick,,,,False,801,1976-08-05
trade,LAL,New Orleans Jazz,pick,1977 1st round draft pick,,,,False,802,1976-08-05
trade,LAL,New Orleans Jazz,pick,1978 1st round draft pick,,,,False,803,1976-08-05
trade,LAL,New Orleans Jazz,pick,1979 1st round draft pick,,,,False,804,1976-08-05
trade,LAL,New Orleans Jazz,pick,1980 2nd round draft pick,,,,False,805,1976-08-05
trade,ATL,POR,player,Maurice Lucas,,,,False,806,1976-08-05
trade,ATL,POR,player,Steve Hawes,,,,False,807,1976-08-05
trade,ATL,POR,player,Geoff Petrie,,,,False,808,1976-08-05
trade,Buffalo Braves,MIL,player,Glen Williams,,,,False,809,1976-08-05
trade,Buffalo Braves,MIL,pick,1977 2nd round draft pick,,,,False,810,1976-08-05
trade,DEN,PHI,player,Herm Harris,,,,False,811,1976-08-05
trade,DEN,PHI,pick,1977 2nd round draft pick,,,,False,812,1976-08-05
trade,Buffalo Braves,PHO,player,Tom Van Arsdale,,,,False,813,1976-08-25
trade,Buffalo Braves,PHO,player,Glen Williams,,,,False,814,1976-08-25
trade,Buffalo Braves,PHO,pick,1977 2nd round draft pick,,,,False,815,1976-08-25
trade,POR,Seattle SuperSonics,player,LaRue Martin,,,,False,816,1976-09-02
trade,Kansas City Kings,New York Nets,player,Larry McNeill,,,,False,817,1976-09-09
trade,Kansas City Kings,New York Nets,player,Bill Paterno,,,,False,818,1976-09-09
trade,Kansas City Kings,New York Nets,pick,1977 3rd round draft pick,,,,False,819,1976-09-09
trade,Kansas City Kings,New York Nets,player,Tiny Archibald,,,,False,820,1976-09-10
trade,Kansas City Kings,New York Nets,player,Jim Eakins,,,,False,821,1976-09-10
trade,Kansas City Kings,New York Nets,player,Brian Taylor,,,,False,822,1976-09-10
trade,Kansas City Kings,New York Nets,player,Otis Birdsong,,,,False,823,1976-09-10
trade,Kansas City Kings,New York Nets,player,Phil Ford,,,,False,824,1976-09-10
trade,Kansas City Kings,New York Nets,pick,1977 1st round draft pick,,,,False,825,1976-09-10
trade,Kansas City Kings,New York Nets,pick,1978 1st round draft pick,,,,False,826,1976-09-10
trade,CHI,Washington Bullets,player,Steve Puidokas,,,,False,827,1976-09-13
trade,CHI,Washington Bullets,pick,1977 3rd round draft pick,,,,False,828,1976-09-13
trade,DEN,New York Nets,player,Dave Batton,,,,False,829,1976-09-15
trade,DEN,New York Nets,player,Walter Jordan,,,,False,830,1976-09-15
trade,DEN,New York Nets,pick,1978 3rd round draft pick,,,,False,831,1976-09-15
trade,DEN,New York Nets,pick,1978 4th round draft pick,,,,False,832,1976-09-15
trade,ATL,NYK,player,Glen Gondrezick,,,,False,833,1976-10-01
trade,ATL,NYK,pick,1977 2nd round draft pick,,,,False,834,1976-10-01
trade,CHI,LAL,player,Allen Murphy,,,,False,835,1976-10-04
trade,DEN,New York Nets,player,Rudy Hackett,,,,False,836,1976-10-18
trade,Buffalo Braves,POR,player,Rick Robey,,,,False,837,1976-10-18
trade,Buffalo Braves,POR,pick,1978 1st round draft pick,,,,False,838,1976-10-18
trade,IND,LAL,player,Bo Lamar,,,,False,839,1976-10-20
trade,BOS,DEN,player,Paul Silas,,,,False,840,1976-10-20
trade,DEN,DET,player,Ralph Simpson,,,,False,841,1976-10-20
trade,DET,BOS,player,Curtis Rowe,,,,False,842,1976-10-20
trade,Buffalo Braves,HOU,player,Moses Malone,,,,False,843,1976-10-24
trade,Buffalo Braves,HOU,player,Wesley Cox,,,,False,844,1976-10-24
trade,Buffalo Braves,HOU,player,Micheal Ray Richardson,,,,False,845,1976-10-24
trade,Buffalo Braves,HOU,pick,1977 1st round draft pick,,,,False,846,1976-10-24
trade,Buffalo Braves,HOU,pick,1978 1st round draft pick,,,,False,847,1976-10-24
trade,IND,PHI,player,Andrew Toney,,,,False,848,1976-11-02
trade,IND,PHI,pick,1980 1st round draft pick,,,,False,849,1976-11-02
trade,Buffalo Braves,MIL,player,Tate Armstrong,,,,False,850,1976-11-02
trade,Buffalo Braves,MIL,pick,1977 1st round draft pick,,,,False,851,1976-11-02
trade,LAL,SAS,player,Mack Calvin,,,,False,852,1976-11-16
trade,LAL,SAS,player,Brad Davis,,,,False,853,1976-11-16
trade,LAL,SAS,pick,1977 1st round draft pick,,,,False,854,1976-11-16
trade,CHI,New York Nets,player,Bob Love,,,,False,855,1976-11-30
trade,CHI,New York Nets,player,Mike Glenn,,,,False,856,1976-11-30
trade,CHI,New York Nets,pick,1977 2nd round draft pick,,,,False,857,1976-11-30
trade,MIL,PHI,player,Wilson Washington,,,,False,858,1976-12-08
trade,MIL,PHI,player,Maurice Cheeks,,,,False,859,1976-12-08
trade,MIL,PHI,pick,1977 2nd round draft pick,,,,False,860,1976-12-08
trade,MIL,PHI,pick,1978 2nd round draft pick,,,,False,861,1976-12-08
trade,Buffalo Braves,NYK,player,Bob McAdoo,,,,False,862,1976-12-09
trade,Buffalo Braves,NYK,player,Tom McMillen,,,,False,863,1976-12-09
trade,Buffalo Braves,NYK,player,John Gianelli,,,,False,864,1976-12-09
trade,Seattle SuperSonics,Washington Bullets,player,Leonard Gray,,,,False,865,1976-12-13
trade,Seattle SuperSonics,Washington Bullets,player,Nick Weatherspoon,,,,False,866,1976-12-13
trade,Buffalo Braves,DEN,player,Jim Price,,,,False,867,1976-12-15
trade,Buffalo Braves,DEN,player,Gus Gerard,,,,False,868,1976-12-15
trade,Buffalo Braves,DEN,player,Chuck Williams,,,,False,869,1976-12-15
trade,HOU,New York Nets,player,Dave Wohl,,,,False,870,1977-01-08
trade,HOU,New York Nets,player,Jackie Robinson,,,,False,871,1977-01-08
trade,HOU,New York Nets,pick,1978 4th round draft pick,,,,False,872,1977-01-08
trade,CLE,MIL,player,Rowland Garrett,,,,False,873,1977-01-13
trade,CLE,MIL,player,Ernie Grunfeld,,,,False,874,1977-01-13
trade,CLE,MIL,player,George Johnson,,,,False,875,1977-01-13
trade,CLE,MIL,pick,1977 1st round draft pick,,,,False,876,1977-01-13
trade,CLE,MIL,pick,1978 1st round draft pick,,,,False,877,1977-01-13
trade,Buffalo Braves,GSW,player,Wesley Cox,,,,False,878,1977-01-18
trade,Buffalo Braves,GSW,pick,1977 1st round draft pick,,,,False,879,1977-01-18
trade,ATL,Washington Bullets,player,Tom Henderson,,,,False,880,1977-01-20
trade,ATL,Washington Bullets,player,Greg Ballard,,,,False,881,1977-01-20
trade,ATL,Washington Bullets,pick,1977 1st round draft pick,,,,False,882,1977-01-20
trade,ATL,Washington Bullets,pick,1977 1st round draft pick,,,,False,883,1977-01-20
trade,IND,New York Nets,player,Darnell Hillman,,,,False,884,1977-02-01
trade,IND,New York Nets,player,Bernard King,,,,False,885,1977-02-01
trade,IND,New York Nets,pick,1977 1st round draft pick,,,,False,886,1977-02-01
trade,PHO,Seattle SuperSonics,player,Paul Mokeski,,,,False,887,1977-03-18
trade,PHO,Seattle SuperSonics,pick,1979 2nd round draft pick,,,,False,888,1977-03-18
trade,DEN,Seattle SuperSonics,player,Paul Silas,,,,False,889,1977-05-24
trade,DEN,Seattle SuperSonics,player,Marvin Webster,,,,False,890,1977-05-24
trade,DEN,Seattle SuperSonics,player,Willie Wise,,,,False,891,1977-05-24
trade,DEN,Seattle SuperSonics,player,Tom Burleson,,,,False,892,1977-05-24
trade,DEN,Seattle SuperSonics,player,Bob Wilkerson,,,,False,893,1977-05-24
trade,DEN,Seattle SuperSonics,player,Steve Sheppard,,,,False,894,1977-05-24
trade,DEN,Seattle SuperSonics,pick,1977 2nd round draft pick,,,,False,895,1977-05-24
trade,DEN,Kansas City Kings,player,Tom Burleson,,,,False,896,1977-05-25
trade,DEN,Kansas City Kings,player,Steve Sheppard,,,,False,897,1977-05-25
trade,DEN,Kansas City Kings,pick,1977 2nd round draft pick,,,,False,898,1977-05-25
trade,DEN,Kansas City Kings,pick,1977 1st round draft pick,,,,False,899,1977-05-25
trade,Kansas City Kings,LAL,player,Ollie Johnson,,,,False,900,1977-06-01
trade,Kansas City Kings,LAL,player,Purvis Short,,,,False,901,1977-06-01
trade,Kansas City Kings,LAL,player,Ron Carter,,,,False,902,1977-06-01
trade,Kansas City Kings,LAL,pick,1978 1st round draft pick,,,,False,903,1977-06-01
trade,Kansas City Kings,LAL,pick,1978 2nd round draft pick,,,,False,904,1977-06-01
trade,Buffalo Braves,MIL,player,Marques Johnson,,,,False,905,1977-06-07
trade,Buffalo Braves,MIL,pick,1977 1st round draft pick,,,,False,906,1977-06-07
trade,Buffalo Braves,MIL,pick,1977 1st round draft pick,,,,False,907,1977-06-07
trade,BOS,HOU,player,Larry Moffett,,,,False,908,1977-06-09
trade,BOS,HOU,player,Buster Matheney,,,,False,909,1977-06-09
trade,BOS,HOU,pick,1977 2nd round draft pick,,,,False,910,1977-06-09
trade,BOS,HOU,pick,1978 2nd round draft pick,,,,False,911,1977-06-09
trade,Buffalo Braves,LAL,player,James Edwards,,,,False,912,1977-06-10
trade,Buffalo Braves,LAL,pick,1977 3rd round draft pick,,,,False,913,1977-06-10
trade,Buffalo Braves,CHI,player,Tate Armstrong,,,,False,914,1977-06-10
trade,Buffalo Braves,CHI,pick,1977 1st round draft pick,,,,False,915,1977-06-10
trade,Buffalo Braves,CHI,pick,1977 2nd round draft pick,,,,False,916,1977-06-10
trade,PHO,POR,player,Dale Schlueter,,,,False,917,1977-07-15
trade,PHO,POR,player,Wayne Smith,,,,False,918,1977-07-15
trade,PHO,POR,pick,1978 4th round draft pick,,,,False,919,1977-07-15
trade,HOU,POR,player,Tom Owens,,,,False,920,1977-08-10
trade,HOU,POR,player,Robin Jones,,,,False,921,1977-08-10
trade,Buffalo Braves,New Jersey Nets,player,George Johnson,,,,False,922,1977-09-01
trade,Buffalo Braves,New Jersey Nets,player,Micheal Ray Richardson,,,,False,923,1977-09-01
trade,Buffalo Braves,New Jersey Nets,player,Cliff Robinson,,,,False,924,1977-09-01
trade,Buffalo Braves,New Jersey Nets,pick,1978 1st round draft pick,,,,False,925,1977-09-01
trade,Buffalo Braves,New Jersey Nets,pick,1979 1st round draft pick,,,,False,926,1977-09-01
trade,Buffalo Braves,IND,player,Mike Bantom,,,,False,927,1977-09-01
trade,Buffalo Braves,IND,player,Adrian Dantley,,,,False,928,1977-09-01
trade,Buffalo Braves,IND,player,Billy Knight,,,,False,929,1977-09-01
trade,Buffalo Braves,MIL,player,John Gianelli,,,,False,930,1977-09-02
trade,Buffalo Braves,MIL,player,Roy Hamilton,,,,False,931,1977-09-02
trade,Buffalo Braves,MIL,pick,1979 1st round draft pick,,,,False,932,1977-09-02
trade,IND,PHO,player,Don Buse,,,,False,933,1977-09-06
trade,IND,PHO,player,Ricky Sobers,,,,False,934,1977-09-06
trade,Buffalo Braves,LAL,player,Ernie DiGregorio,,,,False,935,1977-09-07
trade,ATL,Buffalo Braves,player,Bill Willoughby,,,,False,936,1977-09-13
trade,ATL,Buffalo Braves,player,Keith Herron,,,,False,937,1977-09-13
trade,ATL,Buffalo Braves,pick,1978 2nd round draft pick,,,,False,938,1977-09-13
trade,ATL,LAL,player,Lou Hudson,,,,False,939,1977-09-30
trade,ATL,LAL,player,Ollie Johnson,,,,False,940,1977-09-30
trade,CLE,PHI,player,Al Wood,,,,False,941,1977-10-03
trade,CLE,PHI,player,Rodney McCray,,,,False,942,1977-10-03
trade,CLE,PHI,pick,1981 1st round draft pick,,,,False,943,1977-10-03
trade,CLE,PHI,pick,1983 1st round draft pick,,,,False,944,1977-10-03
trade,ATL,POR,player,Keith Herron,,,,False,945,1977-10-05
trade,ATL,POR,pick,1978 2nd round draft pick,,,,False,946,1977-10-05
trade,DEN,Washington Bullets,player,Dave Corzine,,,,False,947,1977-10-11
trade,DEN,Washington Bullets,pick,1978 1st round draft pick,,,,False,948,1977-10-11
trade,ATL,New Orleans Jazz,player,Joe Meriweather,,,,False,949,1977-10-13
trade,ATL,New Orleans Jazz,player,Jack Givens,,,,False,950,1977-10-13
trade,ATL,New Orleans Jazz,pick,1978 1st round draft pick,,,,False,951,1977-10-13
trade,Buffalo Braves,CLE,player,Gary Brokaw,,,,False,952,1977-10-17
trade,ATL,LAL,player,Ray White,,,,False,953,1977-10-17
trade,ATL,LAL,pick,1979 4th round draft pick,,,,False,954,1977-10-17
trade,CHI,New Orleans Jazz,player,Jeff Covington,,,,False,955,1977-10-18
trade,CHI,New Orleans Jazz,pick,1978 4th round draft pick,,,,False,956,1977-10-18
trade,Buffalo Braves,IND,player,Johnny Neumann,,,,False,957,1977-10-18
trade,Buffalo Braves,IND,player,Mike Santos,,,,False,958,1977-10-18
trade,Buffalo Braves,IND,pick,1978 3rd round draft pick,,,,False,959,1977-10-18
trade,HOU,Seattle SuperSonics,player,John Johnson,,,,False,960,1977-10-22
trade,HOU,Seattle SuperSonics,player,Paul Mokeski,,,,False,961,1977-10-22
trade,HOU,Seattle SuperSonics,player,Billy Williams,,,,False,962,1977-10-22
trade,HOU,Seattle SuperSonics,pick,1979 2nd round draft pick,,,,False,963,1977-10-22
trade,HOU,Seattle SuperSonics,pick,1980 2nd round draft pick,,,,False,964,1977-10-22
trade,DET,New Jersey Nets,player,Howard Porter,,,,False,965,1977-11-07
trade,DET,New Jersey Nets,player,Kevin Porter,,,,False,966,1977-11-07
trade,DET,New Jersey Nets,pick,1978 2nd round draft pick,,,,False,967,1977-11-07
trade,DET,New Jersey Nets,pick,1979 2nd round draft pick,,,,False,968,1977-11-07
trade,POR,Seattle SuperSonics,player,Wally Walker,,,,False,969,1977-11-11
trade,POR,Seattle SuperSonics,player,Ron Brewer,,,,False,970,1977-11-11
trade,POR,Seattle SuperSonics,player,Andrew Fields,,,,False,971,1977-11-11
trade,POR,Seattle SuperSonics,pick,1978 1st round draft pick,,,,False,972,1977-11-11
trade,POR,Seattle SuperSonics,pick,1979 2nd round draft pick,,,,False,973,1977-11-11
trade,SAS,Seattle SuperSonics,player,Keven McDonald,,,,False,974,1977-11-12
trade,SAS,Seattle SuperSonics,player,Andrew Fields,,,,False,975,1977-11-12
trade,SAS,Seattle SuperSonics,pick,1978 2nd round draft pick,,,,False,976,1977-11-12
trade,SAS,Seattle SuperSonics,pick,1979 2nd round draft pick,,,,False,977,1977-11-12
trade,ATL,NYK,player,John Rudd,,,,False,978,1977-11-14
trade,ATL,NYK,pick,1978 2nd round draft pick,,,,False,979,1977-11-14
trade,Buffalo Braves,DET,player,Gus Gerard,,,,False,980,1977-11-23
trade,Buffalo Braves,DET,player,John Shumate,,,,False,981,1977-11-23
trade,Buffalo Braves,DET,player,Roy Hamilton,,,,False,982,1977-11-23
trade,Buffalo Braves,DET,pick,1979 1st round draft pick,,,,False,983,1977-11-23
trade,Buffalo Braves,DET,pick,1978 2nd round draft pick,,,,False,984,1977-11-23
trade,Buffalo Braves,DET,pick,1978 4th round draft pick,,,,False,985,1977-11-23
trade,IND,LAL,player,Adrian Dantley,,,,False,986,1977-12-13
trade,IND,LAL,player,Dave Robisch,,,,False,987,1977-12-13
trade,IND,LAL,player,James Edwards,,,,False,988,1977-12-13
trade,IND,LAL,player,Earl Tatum,,,,False,989,1977-12-13
trade,ATL,HOU,player,Ron Behagen,,,,False,990,1977-12-16
trade,ATL,HOU,player,Rick Wilson,,,,False,991,1977-12-16
trade,ATL,HOU,player,Larry Wilson,,,,False,992,1977-12-16
trade,ATL,HOU,pick,1978 2nd round draft pick,,,,False,993,1977-12-16
trade,ATL,HOU,pick,1979 2nd round draft pick,,,,False,994,1977-12-16
trade,HOU,IND,player,Ron Behagen,,,,False,995,1977-12-22
trade,HOU,IND,player,Alonzo Bradley,,,,False,996,1977-12-22
trade,BOS,LAL,player,Charlie Scott,,,,False,997,1977-12-27
trade,BOS,LAL,player,Don Chaney,,,,False,998,1977-12-27
trade,BOS,LAL,player,Kermit Washington,,,,False,999,1977-12-27
trade,BOS,LAL,player,Freeman Williams,,,,False,1000,1977-12-27
trade,BOS,LAL,pick,1978 1st round draft pick,,,,False,1001,1977-12-27
trade,New Orleans Jazz,Seattle SuperSonics,player,Danny Vranes,,,,False,1002,1978-01-04
trade,New Orleans Jazz,Seattle SuperSonics,pick,1981 1st round draft pick,,,,False,1003,1978-01-04
trade,GSW,New Orleans Jazz,player,Tommie Green,,,,False,1004,1978-01-05
trade,GSW,New Orleans Jazz,pick,1978 2nd round draft pick,,,,False,1005,1978-01-05
trade,IND,New Jersey Nets,player,John Williamson,,,,False,1006,1978-01-27
trade,IND,New Jersey Nets,player,Bob Carrington,,,,False,1007,1978-01-27
trade,IND,New Jersey Nets,player,Louis Orr,,,,False,1008,1978-01-27
trade,IND,New Jersey Nets,player,Brian Jackson,,,,False,1009,1978-01-27
trade,IND,New Jersey Nets,pick,1980 2nd round draft pick,,,,False,1010,1978-01-27
trade,IND,New Jersey Nets,pick,1981 2nd round draft pick,,,,False,1011,1978-01-27
trade,DEN,New Jersey Nets,player,Clint Richardson,,,,False,1012,1978-01-30
trade,DEN,New Jersey Nets,pick,1979 2nd round draft pick,,,,False,1013,1978-01-30
trade,Buffalo Braves,PHI,player,Ted McClain,,,,False,1014,1978-01-31
trade,Buffalo Braves,PHI,player,Marvin Delph,,,,False,1015,1978-01-31
trade,Buffalo Braves,PHI,pick,1978 3rd round draft pick,,,,False,1016,1978-01-31
trade,New Jersey Nets,PHI,player,Clint Richardson,,,,False,1017,1978-01-31
trade,New Jersey Nets,PHI,player,J.J. Anderson,,,,False,1018,1978-01-31
trade,New Jersey Nets,PHI,player,Claude Riley,,,,False,1019,1978-01-31
trade,New Jersey Nets,PHI,pick,1979 2nd round draft pick,,,,False,1020,1978-01-31
trade,New Jersey Nets,PHI,pick,1982 2nd round draft pick,,,,False,1021,1978-01-31
trade,New Jersey Nets,PHI,pick,1983 3rd round draft pick,,,,False,1022,1978-01-31
trade,BOS,New Orleans Jazz,player,Fred Saunders,,,,False,1023,1978-02-01
trade,BOS,New Orleans Jazz,player,Jeff Judkins,,,,False,1024,1978-02-01
trade,BOS,New Orleans Jazz,pick,1978 2nd round draft pick,,,,False,1025,1978-02-01
trade,DEN,DET,player,Jim Price,,,,False,1026,1978-02-01
trade,DEN,DET,player,Phil Hubbard,,,,False,1027,1978-02-01
trade,DEN,DET,pick,1979 1st round draft pick,,,,False,1028,1978-02-01
trade,CLE,MIL,player,Greg Kelser,,,,False,1029,1978-06-01
trade,CLE,MIL,pick,1979 1st round draft pick,,,,False,1030,1978-06-01
trade,CLE,MIL,pick,1978 1st round draft pick,,,,False,1031,1978-06-01
trade,Buffalo Braves,LAL,player,Lew Massey,,,,False,1032,1978-06-07
trade,Buffalo Braves,LAL,pick,1978 2nd round draft pick,,,,False,1033,1978-06-07
trade,GSW,POR,player,Albert King,,,,False,1034,1978-06-07
trade,GSW,POR,pick,1981 1st round draft pick,,,,False,1035,1978-06-07
trade,GSW,POR,pick,1978 1st round draft pick,,,,False,1036,1978-06-07
trade,IND,POR,player,Mychal Thompson,,,,False,1037,1978-06-08
trade,IND,POR,pick,1978 1st round draft pick,,,,False,1038,1978-06-08
trade,IND,POR,pick,1978 1st round draft pick,,,,False,1039,1978-06-08
trade,New Jersey Nets,NYK,player,Micheal Ray Richardson,,,,False,1040,1978-06-08
trade,New Jersey Nets,NYK,player,Vinnie Johnson,,,,False,1041,1978-06-08
trade,New Jersey Nets,NYK,pick,1978 1st round draft pick,,,,False,1042,1978-06-08
trade,New Jersey Nets,NYK,pick,1979 1st round draft pick,,,,False,1043,1978-06-08
trade,New Jersey Nets,NYK,pick,1978 1st round draft pick,,,,False,1044,1978-06-08
trade,DEN,Seattle SuperSonics,player,Tom LaGarde,,,,False,1045,1978-06-09
trade,DEN,Seattle SuperSonics,player,Rod Griffin,,,,False,1046,1978-06-09
trade,DEN,Seattle SuperSonics,pick,1978 1st round draft pick,,,,False,1047,1978-06-09
trade,DEN,Kansas City Kings,player,Mike Evans,,,,False,1048,1978-06-26
trade,DEN,Kansas City Kings,player,Darnell Hillman,,,,False,1049,1978-06-26
trade,DEN,Kansas City Kings,player,Ron Boone,,,,False,1050,1978-06-26
trade,DEN,Kansas City Kings,player,Mark Young,,,,False,1051,1978-06-26
trade,DEN,Kansas City Kings,pick,1979 2nd round draft pick,,,,False,1052,1978-06-26
trade,DEN,LAL,player,Ron Boone,,,,False,1053,1978-06-26
trade,DEN,LAL,player,Ollie Mack,,,,False,1054,1978-06-26
trade,DEN,LAL,player,Mark Young,,,,False,1055,1978-06-26
trade,DEN,LAL,pick,1979 2nd round draft pick,,,,False,1056,1978-06-26
trade,DEN,LAL,pick,1979 2nd round draft pick,,,,False,1057,1978-06-26
trade,IND,POR,player,David Lawrence,,,,False,1058,1978-06-30
trade,IND,POR,pick,1980 2nd round draft pick,,,,False,1059,1978-06-30
trade,DEN,Kansas City Kings,player,Kenny Dennard,,,,False,1060,1978-07-10
trade,DEN,Kansas City Kings,pick,1981 4th round draft pick,,,,False,1061,1978-07-10
trade,BOS,IND,player,Carl Nicks,,,,False,1062,1978-07-19
trade,BOS,IND,pick,1980 1st round draft pick,,,,False,1063,1978-07-19
trade,HOU,MIL,player,C.J. Kupec,,,,False,1064,1978-07-26
trade,HOU,MIL,player,Sammy Drummer,,,,False,1065,1978-07-26
trade,HOU,MIL,pick,1979 4th round draft pick,,,,False,1066,1978-07-26
trade,BOS,San Diego Clippers,player,Kevin Kunnert,,,,False,1067,1978-08-04
trade,BOS,San Diego Clippers,player,Kermit Washington,,,,False,1068,1978-08-04
trade,BOS,San Diego Clippers,player,Sidney Wicks,,,,False,1069,1978-08-04
trade,BOS,San Diego Clippers,player,Freeman Williams,,,,False,1070,1978-08-04
trade,BOS,San Diego Clippers,player,Tiny Archibald,,,,False,1071,1978-08-04
trade,BOS,San Diego Clippers,player,Marvin Barnes,,,,False,1072,1978-08-04
trade,BOS,San Diego Clippers,player,Billy Knight,,,,False,1073,1978-08-04
trade,BOS,San Diego Clippers,player,Danny Ainge,,,,False,1074,1978-08-04
trade,BOS,San Diego Clippers,player,Rod Foster,,,,False,1075,1978-08-04
trade,BOS,San Diego Clippers,pick,1981 2nd round draft pick,,,,False,1076,1978-08-04
trade,BOS,San Diego Clippers,pick,1983 2nd round draft pick,,,,False,1077,1978-08-04
trade,DEN,PHI,player,Bobby Jones,,,,False,1078,1978-08-16
trade,DEN,PHI,player,Ralph Simpson,,,,False,1079,1978-08-16
trade,DEN,PHI,player,Leon Wood,,,,False,1080,1978-08-16
trade,DEN,PHI,pick,1984 1st round draft pick,,,,False,1081,1978-08-16
trade,DEN,PHI,pick,1978 1st round draft pick,,,,False,1082,1978-08-16
trade,DEN,IND,player,Mel Bennett,,,,False,1083,1978-09-01
trade,DET,New Jersey Nets,player,Eric Money,,,,False,1084,1978-09-08
trade,DET,New Jersey Nets,player,Kevin Porter,,,,False,1085,1978-09-08
trade,HOU,New Orleans Jazz,player,Danny Schayes,,,,False,1086,1978-09-21
trade,HOU,New Orleans Jazz,pick,1981 1st round draft pick,,,,False,1087,1978-09-21
trade,NYK,Seattle SuperSonics,player,Lonnie Shelton,,,,False,1088,1978-10-04
trade,NYK,Seattle SuperSonics,player,Vinnie Johnson,,,,False,1089,1978-10-04
trade,NYK,Seattle SuperSonics,pick,1979 1st round draft pick,,,,False,1090,1978-10-04
trade,NYK,Seattle SuperSonics,pick,1981 1st round draft pick,,,,False,1091,1978-10-04
trade,ATL,CHI,player,John Brown,,,,False,1092,1978-10-08
trade,ATL,CHI,pick,1980 2nd round draft pick,,,,False,1093,1978-10-08
trade,DET,GSW,player,Larry Smith,,,,False,1094,1978-10-09
trade,DET,GSW,pick,1980 2nd round draft pick,,,,False,1095,1978-10-09
trade,BOS,PHO,player,Johnny High,,,,False,1096,1978-10-11
trade,BOS,PHO,pick,1979 2nd round draft pick,,,,False,1097,1978-10-11
trade,CHI,GSW,player,Danny Salisbury,,,,False,1098,1978-10-11
trade,CHI,GSW,pick,1979 2nd round draft pick,,,,False,1099,1978-10-11
trade,PHI,San Diego Clippers,player,World B. Free,,,,False,1100,1978-10-12
trade,PHI,San Diego Clippers,player,Charles Barkley,,,,False,1101,1978-10-12
trade,PHI,San Diego Clippers,pick,1984 1st round draft pick,,,,False,1102,1978-10-12
trade,BOS,DET,player,Earl Tatum,,,,False,1103,1978-10-19
trade,BOS,DET,player,Chris Ford,,,,False,1104,1978-10-19
trade,BOS,DET,player,Tracy Jackson,,,,False,1105,1978-10-19
trade,BOS,DET,pick,1981 2nd round draft pick,,,,False,1106,1978-10-19
trade,DET,MIL,player,Eugene Robinson,,,,False,1107,1978-10-23
trade,DET,MIL,pick,1979 4th round draft pick,,,,False,1108,1978-10-23
trade,CHI,San Diego Clippers,player,Sam Clancy,,,,False,1109,1978-10-26
trade,CHI,San Diego Clippers,pick,1981 3rd round draft pick,,,,False,1110,1978-10-26
trade,New Orleans Jazz,NYK,player,Joe Meriweather,,,,False,1111,1979-01-05
trade,New Orleans Jazz,NYK,player,Spencer Haywood,,,,False,1112,1979-01-05
trade,New Orleans Jazz,PHO,player,Truck Robinson,,,,False,1113,1979-01-12
trade,New Orleans Jazz,PHO,player,Marty Byrnes,,,,False,1114,1979-01-12
trade,New Orleans Jazz,PHO,player,Ron Lee,,,,False,1115,1979-01-12
trade,New Orleans Jazz,PHO,player,Larry Knight,,,,False,1116,1979-01-12
trade,New Orleans Jazz,PHO,player,John Duren,,,,False,1117,1979-01-12
trade,New Orleans Jazz,PHO,pick,1979 1st round draft pick,,,,False,1118,1979-01-12
trade,New Orleans Jazz,PHO,pick,1980 1st round draft pick,,,,False,1119,1979-01-12
trade,BOS,IND,player,Billy Knight,,,,False,1120,1979-01-16
trade,BOS,IND,player,Rick Robey,,,,False,1121,1979-01-16
trade,BOS,Seattle SuperSonics,player,Dennis Awtrey,,,,False,1122,1979-01-17
trade,BOS,Seattle SuperSonics,player,Sly Williams,,,,False,1123,1979-01-17
trade,BOS,Seattle SuperSonics,pick,1979 1st round draft pick,,,,False,1124,1979-01-17
trade,BOS,GSW,player,Jo Jo White,,,,False,1125,1979-01-30
trade,BOS,GSW,player,Larry Demic,,,,False,1126,1979-01-30
trade,BOS,GSW,pick,1979 1st round draft pick,,,,False,1127,1979-01-30
trade,ATL,CLE,player,Butch Lee,,,,False,1128,1979-01-31
trade,ATL,CLE,player,Derek Harper,,,,False,1129,1979-01-31
trade,ATL,CLE,pick,1983 1st round draft pick,,,,False,1130,1979-01-31
trade,New Jersey Nets,PHI,player,Eric Money,,,,False,1131,1979-02-07
trade,New Jersey Nets,PHI,player,Al Skinner,,,,False,1132,1979-02-07
trade,New Jersey Nets,PHI,player,Harvey Catchings,,,,False,1133,1979-02-07
trade,New Jersey Nets,PHI,player,Ralph Simpson,,,,False,1134,1979-02-07
trade,BOS,NYK,player,Tom Barker,,,,False,1135,1979-02-12
trade,BOS,NYK,player,Bill Cartwright,,,,False,1136,1979-02-12
trade,BOS,NYK,player,Larry Demic,,,,False,1137,1979-02-12
trade,BOS,NYK,player,Sly Williams,,,,False,1138,1979-02-12
trade,BOS,NYK,pick,1979 1st round draft pick,,,,False,1139,1979-02-12
trade,BOS,NYK,pick,1979 1st round draft pick,,,,False,1140,1979-02-12
trade,BOS,NYK,pick,1979 1st round draft pick,,,,False,1141,1979-02-12
trade,CLE,DET,player,Jim Brewer,,,,False,1142,1979-02-15
trade,MIL,New Jersey Nets,player,John Gianelli,,,,False,1143,1979-05-31
trade,MIL,New Jersey Nets,player,Calvin Natt,,,,False,1144,1979-05-31
trade,MIL,New Jersey Nets,pick,1979 1st round draft pick,,,,False,1145,1979-05-31
trade,CHI,New Orleans Jazz,player,Wilbur Holland,,,,False,1146,1979-06-22
trade,CHI,New Orleans Jazz,player,Rickey Williams,,,,False,1147,1979-06-22
trade,PHO,Washington Bullets,player,Steve Malovic,,,,False,1148,1979-06-22
trade,PHO,Washington Bullets,player,Kyle Macy,,,,False,1149,1979-06-22
trade,PHO,Washington Bullets,player,John Campbell,,,,False,1150,1979-06-22
trade,PHO,Washington Bullets,pick,1979 1st round draft pick,,,,False,1151,1979-06-22
trade,PHO,Washington Bullets,pick,1980 3rd round draft pick,,,,False,1152,1979-06-22
trade,DET,MIL,player,Sidney Moncrief,,,,False,1153,1979-06-25
trade,DET,MIL,pick,1979 1st round draft pick,,,,False,1154,1979-06-25
trade,DET,MIL,pick,1979 1st round draft pick,,,,False,1155,1979-06-25
trade,DET,PHO,player,Andre Wakefield,,,,False,1156,1979-08-24
trade,DET,PHO,player,Don Koonce,,,,False,1157,1979-08-24
trade,DET,PHO,pick,1981 4th round draft pick,,,,False,1158,1979-08-24
trade,CLE,POR,player,Derek Holcomb,,,,False,1159,1979-08-24
trade,CLE,POR,pick,1981 3rd round draft pick,,,,False,1160,1979-08-24
trade,BOS,DET,player,Bob McAdoo,,,,False,1161,1979-09-06
trade,BOS,DET,player,Rickey Brown,,,,False,1162,1979-09-06
trade,BOS,DET,player,Joe Barry Carroll,,,,False,1163,1979-09-06
trade,BOS,DET,pick,1980 1st round draft pick,,,,False,1164,1979-09-06
trade,BOS,DET,pick,1980 1st round draft pick,,,,False,1165,1979-09-06
trade,LAL,UTA,player,Adrian Dantley,,,,False,1166,1979-09-13
trade,LAL,UTA,player,Spencer Haywood,,,,False,1167,1979-09-13
trade,Kansas City Kings,SAS,player,Michael Wiley,,,,False,1168,1979-09-13
trade,Kansas City Kings,SAS,pick,1980 2nd round draft pick,,,,False,1169,1979-09-13
trade,DET,POR,player,Jim Brewer,,,,False,1170,1979-09-18
trade,DET,POR,player,Harvey Knuckles,,,,False,1171,1979-09-18
trade,DET,POR,pick,1981 2nd round draft pick,,,,False,1172,1979-09-18
trade,CLE,San Diego Clippers,player,Michael Brooks,,,,False,1173,1979-09-21
trade,CLE,San Diego Clippers,pick,1980 1st round draft pick,,,,False,1174,1979-09-21
trade,New Jersey Nets,UTA,player,Jim Boylan,,,,False,1175,1979-10-02
trade,New Jersey Nets,UTA,player,John Gianelli,,,,False,1176,1979-10-02
trade,New Jersey Nets,UTA,player,Bernard King,,,,False,1177,1979-10-02
trade,New Jersey Nets,UTA,player,Rich Kelley,,,,False,1178,1979-10-02
trade,PHI,San Diego Clippers,player,Joe Bryant,,,,False,1179,1979-10-05
trade,PHI,San Diego Clippers,player,Brad Daugherty,,,,False,1180,1979-10-05
trade,PHI,San Diego Clippers,pick,1986 1st round draft pick,,,,False,1181,1979-10-05
trade,CLE,LAL,player,Jim Chones,,,,False,1182,1979-10-05
trade,CLE,LAL,player,Dave Robisch,,,,False,1183,1979-10-05
trade,CLE,LAL,player,Ron Jones,,,,False,1184,1979-10-05
trade,CLE,LAL,pick,1980 3rd round draft pick,,,,False,1185,1979-10-05
trade,LAL,SAS,player,Irv Kiffin,,,,False,1186,1979-10-05
trade,LAL,SAS,player,Butch Carter,,,,False,1187,1979-10-05
trade,LAL,SAS,pick,1980 2nd round draft pick,,,,False,1188,1979-10-05
trade,Kansas City Kings,MIL,player,Richard Washington,,,,False,1189,1979-10-09
trade,Kansas City Kings,MIL,player,Ernie Grunfeld,,,,False,1190,1979-10-09
trade,Kansas City Kings,MIL,player,Dick Miller,,,,False,1191,1979-10-09
trade,Kansas City Kings,MIL,pick,1980 2nd round draft pick,,,,False,1192,1979-10-09
trade,IND,POR,player,Brian Jackson,,,,False,1193,1979-10-09
trade,IND,POR,pick,1981 2nd round draft pick,,,,False,1194,1979-10-09
trade,DEN,UTA,player,Robert Smith,,,,False,1195,1979-10-09
trade,DEN,UTA,player,Eddie Lee,,,,False,1196,1979-10-09
trade,DEN,UTA,player,Ken Green,,,,False,1197,1979-10-09
trade,DEN,UTA,pick,1980 3rd round draft pick,,,,False,1198,1979-10-09
trade,DEN,UTA,pick,1981 2nd round draft pick,,,,False,1199,1979-10-09
trade,ATL,UTA,player,Jawann Oldham,,,,False,1200,1979-10-10
trade,ATL,UTA,player,Eddie Johnson,,,,False,1201,1979-10-10
trade,ATL,UTA,pick,1980 2nd round draft pick,,,,False,1202,1979-10-10
trade,ATL,UTA,pick,1981 2nd round draft pick,,,,False,1203,1979-10-10
trade,HOU,New Jersey Nets,player,Mike Newlin,,,,False,1204,1979-10-12
trade,HOU,New Jersey Nets,player,John Stroud,,,,False,1205,1979-10-12
trade,HOU,New Jersey Nets,pick,1980 2nd round draft pick,,,,False,1206,1979-10-12
trade,CLE,LAL,player,Wayne Robinson,,,,False,1207,1979-10-24
trade,CLE,LAL,player,Gene Banks,,,,False,1208,1979-10-24
trade,CLE,LAL,pick,1980 2nd round draft pick,,,,False,1209,1979-10-24
trade,CLE,LAL,pick,1981 2nd round draft pick,,,,False,1210,1979-10-24
trade,LAL,UTA,player,Ron Boone,,,,False,1211,1979-10-25
trade,LAL,UTA,player,Zam Fredrick,,,,False,1212,1979-10-25
trade,LAL,UTA,pick,1981 3rd round draft pick,,,,False,1213,1979-10-25
trade,CLE,San Diego Clippers,player,Bingo Smith,,,,False,1214,1979-10-27
trade,CLE,San Diego Clippers,player,Stuart House,,,,False,1215,1979-10-27
trade,CLE,San Diego Clippers,pick,1980 3rd round draft pick,,,,False,1216,1979-10-27
trade,DEN,UTA,player,Tom Boswell,,,,False,1217,1979-11-20
trade,DEN,UTA,player,Jawann Oldham,,,,False,1218,1979-11-20
trade,DEN,UTA,pick,1980 2nd round draft pick,,,,False,1219,1979-11-20
trade,San Diego Clippers,Washington Bullets,player,Bryan Warrick,,,,False,1220,1979-11-21
trade,San Diego Clippers,Washington Bullets,pick,1982 2nd round draft pick,,,,False,1221,1979-11-21
trade,ATL,UTA,player,Terry Furlow,,,,False,1222,1979-11-23
trade,ATL,UTA,player,Eddie Johnson,,,,False,1223,1979-11-23
trade,ATL,UTA,player,Ricky Frazier,,,,False,1224,1979-11-23
trade,ATL,UTA,pick,1981 2nd round draft pick,,,,False,1225,1979-11-23
trade,ATL,UTA,pick,1982 2nd round draft pick,,,,False,1226,1979-11-23
trade,IND,Kansas City Kings,player,Len Elmore,,,,False,1227,1979-11-27
trade,IND,Kansas City Kings,player,Dick Miller,,,,False,1228,1979-11-27
trade,IND,Kansas City Kings,pick,1980 2nd round draft pick,,,,False,1229,1979-11-27
trade,NYK,Washington Bullets,player,Jim Cleamons,,,,False,1230,1979-12-04
trade,NYK,Washington Bullets,player,Frank Brickowski,,,,False,1231,1979-12-04
trade,NYK,Washington Bullets,pick,1981 3rd round draft pick,,,,False,1232,1979-12-04
trade,IND,Washington Bullets,player,Phil Chenier,,,,False,1233,1979-12-05
trade,HOU,SAS,player,John Shumate,,,,False,1234,1980-01-17
trade,HOU,SAS,player,LaVon Mercer,,,,False,1235,1980-01-17
trade,HOU,SAS,pick,1980 3rd round draft pick,,,,False,1236,1980-01-17
trade,ATL,DET,player,Ron Lee,,,,False,1237,1980-01-24
trade,ATL,DET,player,Brad Branson,,,,False,1238,1980-01-24
trade,ATL,DET,player,Jonathan Moore,,,,False,1239,1980-01-24
trade,ATL,DET,pick,1980 2nd round draft pick,,,,False,1240,1980-01-24
trade,ATL,DET,pick,1980 3rd round draft pick,,,,False,1241,1980-01-24
trade,DEN,IND,player,George McGinnis,,,,False,1242,1980-02-01
trade,DEN,IND,player,Alex English,,,,False,1243,1980-02-01
trade,DEN,IND,player,Carl Nicks,,,,False,1244,1980-02-01
trade,DEN,IND,pick,1980 1st round draft pick,,,,False,1245,1980-02-01
trade,DET,MIL,player,Bob Lanier,,,,False,1246,1980-02-04
trade,DET,MIL,player,Kent Benson,,,,False,1247,1980-02-04
trade,DET,MIL,player,Larry Drew,,,,False,1248,1980-02-04
trade,DET,MIL,pick,1980 1st round draft pick,,,,False,1249,1980-02-04
trade,New Jersey Nets,Washington Bullets,player,John Williamson,,,,False,1250,1980-02-04
trade,New Jersey Nets,Washington Bullets,player,Steve Lingenfelter,,,,False,1251,1980-02-04
trade,New Jersey Nets,Washington Bullets,pick,1981 2nd round draft pick,,,,False,1252,1980-02-04
trade,PHI,POR,player,Al Wood,,,,False,1253,1980-02-08
trade,PHI,POR,pick,1981 1st round draft pick,,,,False,1254,1980-02-08
trade,New Jersey Nets,POR,player,Calvin Natt,,,,False,1255,1980-02-08
trade,New Jersey Nets,POR,player,Maurice Lucas,,,,False,1256,1980-02-08
trade,New Jersey Nets,POR,player,Mike Gminski,,,,False,1257,1980-02-08
trade,New Jersey Nets,POR,player,Albert King,,,,False,1258,1980-02-08
trade,New Jersey Nets,POR,pick,1980 1st round draft pick,,,,False,1259,1980-02-08
trade,New Jersey Nets,POR,pick,1981 1st round draft pick,,,,False,1260,1980-02-08
trade,CHI,LAL,player,Mark Landsberger,,,,False,1261,1980-02-13
trade,CHI,LAL,player,Ollie Mack,,,,False,1262,1980-02-13
trade,CHI,LAL,player,Sam Worthen,,,,False,1263,1980-02-13
trade,CHI,LAL,player,Gene Banks,,,,False,1264,1980-02-13
trade,CHI,LAL,pick,1980 2nd round draft pick,,,,False,1265,1980-02-13
trade,CHI,LAL,pick,1981 2nd round draft pick,,,,False,1266,1980-02-13
trade,CLE,LAL,player,Butch Lee,,,,False,1267,1980-02-15
trade,CLE,LAL,player,James Worthy,,,,False,1268,1980-02-15
trade,CLE,LAL,pick,1982 1st round draft pick,,,,False,1269,1980-02-15
trade,CLE,LAL,pick,1980 1st round draft pick,,,,False,1270,1980-02-15
trade,New Jersey Nets,PHO,player,Rich Kelley,,,,False,1271,1980-02-15
trade,New Jersey Nets,PHO,player,Brook Steppe,,,,False,1272,1980-02-15
trade,New Jersey Nets,PHO,player,Pace Mannion,,,,False,1273,1980-02-15
trade,New Jersey Nets,PHO,pick,1982 1st round draft pick,,,,False,1274,1980-02-15
trade,New Jersey Nets,PHO,pick,1983 2nd round draft pick,,,,False,1275,1980-02-15
trade,San Diego Clippers,Seattle SuperSonics,player,Calvin Duncan,,,,False,1276,1980-05-21
trade,San Diego Clippers,Seattle SuperSonics,pick,1985 2nd round draft pick,,,,False,1277,1980-05-21
trade,PHO,Seattle SuperSonics,player,Paul Westphal,,,,False,1278,1980-06-04
trade,PHO,Seattle SuperSonics,player,Dennis Johnson,,,,False,1279,1980-06-04
trade,BOS,GSW,player,Rickey Brown,,,,False,1280,1980-06-09
trade,BOS,GSW,player,Joe Barry Carroll,,,,False,1281,1980-06-09
trade,BOS,GSW,pick,1980 1st round draft pick,,,,False,1282,1980-06-09
trade,BOS,GSW,pick,1980 1st round draft pick,,,,False,1283,1980-06-09
trade,BOS,GSW,pick,1980 1st round draft pick,,,,False,1284,1980-06-09
trade,CHI,DEN,player,Cedrick Hordges,,,,False,1285,1980-06-09
trade,CHI,DEN,player,Mike Olliver,,,,False,1286,1980-06-09
trade,CHI,DEN,pick,1981 2nd round draft pick,,,,False,1287,1980-06-09
trade,CHI,POR,player,Kelvin Ransey,,,,False,1288,1980-06-10
trade,CHI,POR,player,Darnell Valentine,,,,False,1289,1980-06-10
trade,CHI,POR,pick,1981 1st round draft pick,,,,False,1290,1980-06-10
trade,CHI,POR,pick,1981 1st round draft pick,,,,False,1291,1980-06-10
trade,GSW,Washington Bullets,player,Jeff Ruland,,,,False,1292,1980-06-10
trade,GSW,Washington Bullets,player,Sam Williams,,,,False,1293,1980-06-10
trade,GSW,Washington Bullets,pick,1981 2nd round draft pick,,,,False,1294,1980-06-10
trade,CHI,HOU,player,Calvin Garrett,,,,False,1295,1980-06-10
trade,CHI,HOU,player,Wayne Sappleton,,,,False,1296,1980-06-10
trade,CHI,HOU,pick,1982 2nd round draft pick,,,,False,1297,1980-06-10
trade,DEN,POR,player,Clyde Drexler,,,,False,1298,1980-08-15
trade,DEN,POR,player,Steve Colter,,,,False,1299,1980-08-15
trade,DEN,POR,pick,1983 1st round draft pick,,,,False,1300,1980-08-15
trade,DEN,POR,pick,1984 2nd round draft pick,,,,False,1301,1980-08-15
trade,DEN,POR,pick,1983 1st round draft pick,,,,False,1302,1980-08-15
trade,GSW,San Diego Clippers,player,Phil Smith,,,,False,1303,1980-08-28
trade,GSW,San Diego Clippers,player,Lancaster Gordon,,,,False,1304,1980-08-28
trade,GSW,San Diego Clippers,pick,1984 1st round draft pick,,,,False,1305,1980-08-28
trade,GSW,UTA,player,Wayne Cooper,,,,False,1306,1980-09-11
trade,GSW,UTA,player,Ken Green,,,,False,1307,1980-09-11
trade,GSW,UTA,pick,1981 2nd round draft pick,,,,False,1308,1980-09-11
trade,IND,MIL,player,Mickey Johnson,,,,False,1309,1980-09-11
trade,IND,MIL,player,George Johnson,,,,False,1310,1980-09-11
trade,IND,MIL,player,Jose Slaughter,,,,False,1311,1980-09-11
trade,IND,MIL,pick,1982 2nd round draft pick,,,,False,1312,1980-09-11
trade,DAL,UTA,player,Billy McKinney,,,,False,1313,1980-09-11
trade,DAL,UTA,player,Mark West,,,,False,1314,1980-09-11
trade,DAL,UTA,player,Anthony Teachey,,,,False,1315,1980-09-11
trade,DAL,UTA,pick,1983 2nd round draft pick,,,,False,1316,1980-09-11
trade,DAL,UTA,pick,1984 2nd round draft pick,,,,False,1317,1980-09-11
trade,CLE,DAL,player,Sam Perkins,,,,False,1318,1980-09-16
trade,CLE,DAL,pick,1984 1st round draft pick,,,,False,1319,1980-09-16
trade,CLE,New Jersey Nets,player,Foots Walker,,,,False,1320,1980-09-24
trade,CLE,New Jersey Nets,player,Roger Phegley,,,,False,1321,1980-09-24
trade,CLE,NYK,player,Campy Russell,,,,False,1322,1980-09-25
trade,Kansas City Kings,CLE,player,Bill Robinzine,,,,False,1323,1980-09-25
trade,NYK,Kansas City Kings,player,Joe Meriweather,,,,False,1324,1980-09-25
trade,NYK,Kansas City Kings,player,Steve Johnson,,,,False,1325,1980-09-25
trade,NYK,Kansas City Kings,pick,1981 1st round draft pick,,,,False,1326,1980-09-25
trade,SAS,Washington Bullets,player,Claude Gregory,,,,False,1327,1980-09-26
trade,SAS,Washington Bullets,player,Dwight Anderson,,,,False,1328,1980-09-26
trade,SAS,Washington Bullets,pick,1981 2nd round draft pick,,,,False,1329,1980-09-26
trade,SAS,Washington Bullets,pick,1982 2nd round draft pick,,,,False,1330,1980-09-26
trade,DET,LAL,player,Harvey Knuckles,,,,False,1331,1980-10-01
trade,DET,LAL,pick,1981 2nd round draft pick,,,,False,1332,1980-10-01
trade,DET,HOU,player,Richard Anderson,,,,False,1333,1980-10-07
trade,DET,HOU,pick,1982 2nd round draft pick,,,,False,1334,1980-10-07
trade,LAL,POR,player,Jerome Kersey,,,,False,1335,1980-10-08
trade,LAL,POR,pick,1984 2nd round draft pick,,,,False,1336,1980-10-08
trade,LAL,POR,pick,1984 but opted for a 2nd round draft pick,,,,False,1337,1980-10-08
trade,CLE,DAL,player,Bill Robinzine,,,,False,1338,1980-10-30
trade,CLE,DAL,player,Derek Harper,,,,False,1339,1980-10-30
trade,CLE,DAL,player,Roy Tarpley,,,,False,1340,1980-10-30
trade,CLE,DAL,pick,1983 1st round draft pick,,,,False,1341,1980-10-30
trade,CLE,DAL,pick,1986 1st round draft pick,,,,False,1342,1980-10-30
trade,CLE,DEN,player,Dave Robisch,,,,False,1343,1980-10-31
trade,CLE,DEN,player,Kim Hughes,,,,False,1344,1980-10-31
trade,CLE,DEN,player,Mickey Dillard,,,,False,1345,1980-10-31
trade,CLE,DEN,player,Guy Morgan,,,,False,1346,1980-10-31
trade,CLE,DEN,pick,1981 3rd round draft pick,,,,False,1347,1980-10-31
trade,CLE,DEN,pick,1982 2nd round draft pick,,,,False,1348,1980-10-31
trade,GSW,Seattle SuperSonics,player,Rudy White,,,,False,1349,1980-11-03
trade,GSW,Seattle SuperSonics,player,Lewis Lloyd,,,,False,1350,1980-11-03
trade,GSW,Seattle SuperSonics,pick,1981 4th round draft pick,,,,False,1351,1980-11-03
trade,LAL,New Jersey Nets,player,Eddie Phillips,,,,False,1352,1980-11-20
trade,LAL,New Jersey Nets,pick,1982 1st round draft pick,,,,False,1353,1980-11-20
trade,SAS,Seattle SuperSonics,player,John Shumate,,,,False,1354,1980-11-24
trade,SAS,Seattle SuperSonics,player,Mark Radford,,,,False,1355,1980-11-24
trade,SAS,Seattle SuperSonics,pick,1981 3rd round draft pick,,,,False,1356,1980-11-24
trade,IND,PHO,player,Al Leslie,,,,False,1357,1980-11-25
trade,IND,PHO,player,Jose Slaughter,,,,False,1358,1980-11-25
trade,IND,PHO,pick,1981 2nd round draft pick,,,,False,1359,1980-11-25
trade,IND,PHO,pick,1982 2nd round draft pick,,,,False,1360,1980-11-25
trade,ATL,Seattle SuperSonics,player,Armond Hill,,,,False,1361,1980-12-02
trade,ATL,Seattle SuperSonics,player,Jim Thomas,,,,False,1362,1980-12-02
trade,ATL,Seattle SuperSonics,player,Ben Coleman,,,,False,1363,1980-12-02
trade,ATL,Seattle SuperSonics,pick,1983 2nd round draft pick,,,,False,1364,1980-12-02
trade,ATL,Seattle SuperSonics,pick,1984 2nd round draft pick,,,,False,1365,1980-12-02
trade,DAL,DEN,player,Kiki Vandeweghe,,,,False,1366,1980-12-03
trade,DAL,DEN,player,Maurice Martin,,,,False,1367,1980-12-03
trade,DAL,DEN,pick,1986 1st round draft pick,,,,False,1368,1980-12-03
trade,DAL,DEN,pick,1981 1st round draft pick,,,,False,1369,1980-12-03
trade,DAL,DEN,pick,1985 1st round draft pick,,,,False,1370,1980-12-03
trade,POR,SAS,player,Ron Brewer,,,,False,1371,1980-12-19
trade,POR,SAS,player,Mike Gale,,,,False,1372,1980-12-19
trade,POR,SAS,player,Ricky Pierce,,,,False,1373,1980-12-19
trade,POR,SAS,pick,1982 1st round draft pick,,,,False,1374,1980-12-19
trade,DEN,UTA,player,Carl Nicks,,,,False,1375,1980-12-22
trade,DEN,UTA,player,Billy McKinney,,,,False,1376,1980-12-22
trade,ATL,Washington Bullets,player,Don Collins,,,,False,1377,1981-01-17
trade,ATL,Washington Bullets,player,Wes Matthews,,,,False,1378,1981-01-17
trade,CLE,DAL,player,Chad Kinch,,,,False,1379,1981-02-07
trade,CLE,DAL,player,Detlef Schrempf,,,,False,1380,1981-02-07
trade,CLE,DAL,pick,1985 1st round draft pick,,,,False,1381,1981-02-07
trade,CLE,DAL,pick,1983 3rd round draft pick,,,,False,1382,1981-02-07
trade,CLE,NYK,player,Randy Smith,,,,False,1383,1981-05-20
trade,CLE,NYK,player,Kevin Loder,,,,False,1384,1981-05-20
trade,CLE,NYK,pick,1981 1st round draft pick,,,,False,1385,1981-05-20
trade,IND,POR,player,Sam Bowie,,,,False,1386,1981-06-05
trade,IND,POR,pick,1984 1st round draft pick,,,,False,1387,1981-06-05
trade,Kansas City Kings,New Jersey Nets,player,Otis Birdsong,,,,False,1388,1981-06-08
trade,Kansas City Kings,New Jersey Nets,player,Steve Lingenfelter,,,,False,1389,1981-06-08
trade,Kansas City Kings,New Jersey Nets,pick,1981 2nd round draft pick,,,,False,1390,1981-06-08
trade,IND,PHO,player,Dudley Bradley,,,,False,1391,1981-06-08
trade,IND,PHO,player,Al Leslie,,,,False,1392,1981-06-08
trade,IND,PHO,player,Jose Slaughter,,,,False,1393,1981-06-08
trade,IND,PHO,pick,1981 2nd round draft pick,,,,False,1394,1981-06-08
trade,IND,PHO,pick,1982 2nd round draft pick,,,,False,1395,1981-06-08
trade,GSW,POR,player,Audie Norris,,,,False,1396,1981-06-08
trade,GSW,POR,player,Mike Smrek,,,,False,1397,1981-06-08
trade,GSW,POR,pick,1982 2nd round draft pick,,,,False,1398,1981-06-08
trade,GSW,POR,pick,1985 2nd round draft pick,,,,False,1399,1981-06-08
trade,HOU,Washington Bullets,player,Charles Davis,,,,False,1400,1981-06-08
trade,HOU,Washington Bullets,player,Sidney Lowe,,,,False,1401,1981-06-08
trade,HOU,Washington Bullets,pick,1981 2nd round draft pick,,,,False,1402,1981-06-08
trade,HOU,Washington Bullets,pick,1983 2nd round draft pick,,,,False,1403,1981-06-08
trade,ATL,CHI,player,Orlando Woolridge,,,,False,1404,1981-06-08
trade,ATL,CHI,player,Ricky Frazier,,,,False,1405,1981-06-08
trade,ATL,CHI,pick,1981 1st round draft pick,,,,False,1406,1981-06-08
trade,ATL,CHI,pick,1982 2nd round draft pick,,,,False,1407,1981-06-08
trade,ATL,CHI,pick,1981 1st round draft pick,,,,False,1408,1981-06-08
trade,ATL,CHI,pick,1981 2nd round draft pick,,,,False,1409,1981-06-08
trade,CHI,IND,player,Michael Olliver,,,,False,1410,1981-06-10
trade,CHI,IND,player,Ray Blume,,,,False,1411,1981-06-10
trade,CHI,IND,player,Rod Higgins,,,,False,1412,1981-06-10
trade,CHI,IND,pick,1982 2nd round draft pick,,,,False,1413,1981-06-10
trade,New Jersey Nets,NYK,player,Mike Newlin,,,,False,1414,1981-06-10
trade,New Jersey Nets,NYK,player,Mike Woodson,,,,False,1415,1981-06-10
trade,CLE,SAS,player,Oliver Robinson,,,,False,1416,1981-06-16
trade,CLE,SAS,pick,1982 2nd round draft pick,,,,False,1417,1981-06-16
trade,NYK,POR,player,Tom Barker,,,,False,1418,1981-08-04
trade,NYK,POR,player,Craig Tucker,,,,False,1419,1981-08-04
trade,NYK,POR,pick,1982 3rd round draft pick,,,,False,1420,1981-08-04
trade,New Jersey Nets,ATL,player,Rory Sparrow,,,,False,1421,1981-08-12
trade,New Jersey Nets,ATL,player,John Battle,,,,False,1422,1981-08-12
trade,New Jersey Nets,ATL,pick,1985 4th round draft pick,,,,False,1423,1981-08-12
trade,New Jersey Nets,ATL,pick,1982 4th round draft pick,,,,False,1424,1981-08-12
trade,UTA,DAL,player,Allan Bristow,,,,False,1425,1981-08-20
trade,UTA,DAL,player,Wayne Cooper,,,,False,1426,1981-08-20
trade,UTA,DAL,player,Bill Robinzine,,,,False,1427,1981-08-20
trade,DET,Kansas City Kings,player,Larry Drew,,,,False,1428,1981-08-26
trade,DET,Kansas City Kings,player,Dave Magley,,,,False,1429,1981-08-26
trade,DET,Kansas City Kings,player,Tony Costner,,,,False,1430,1981-08-26
trade,DET,Kansas City Kings,pick,1982 2nd round draft pick,,,,False,1431,1981-08-26
trade,DET,Kansas City Kings,pick,1984 2nd round draft pick,,,,False,1432,1981-08-26
trade,POR,MIL,player,Geoff Crompton,,,,False,1433,1981-09-24
trade,POR,MIL,player,Phillip Lockett,,,,False,1434,1981-09-24
trade,POR,MIL,pick,1982 3rd round draft pick,,,,False,1435,1981-09-24
trade,PHO,CHI,player,Johnny High,,,,False,1436,1981-09-30
trade,PHO,CHI,player,Winfred King,,,,False,1437,1981-09-30
trade,PHO,CHI,pick,1983 3rd round draft pick,,,,False,1438,1981-09-30
trade,UTA,DET,player,Jeff Judkins,,,,False,1439,1981-10-01
trade,UTA,DET,player,Jerry Eaves,,,,False,1440,1981-10-01
trade,UTA,DET,pick,1982 3rd round draft pick,,,,False,1441,1981-10-01
trade,LAL,IND,player,Butch Carter,,,,False,1442,1981-10-15
trade,LAL,IND,player,Hutch Jones,,,,False,1443,1981-10-15
trade,LAL,IND,pick,1982 3rd round draft pick,,,,False,1444,1981-10-15
trade,GSW,Washington Bullets,player,John Lucas,,,,False,1445,1981-10-19
trade,GSW,Washington Bullets,player,Derek Smith,,,,False,1446,1981-10-19
trade,GSW,Washington Bullets,player,Steve Burtt,,,,False,1447,1981-10-19
trade,GSW,Washington Bullets,pick,1982 2nd round draft pick,,,,False,1448,1981-10-19
trade,GSW,Washington Bullets,pick,1984 2nd round draft pick,,,,False,1449,1981-10-19
trade,CLE,SAS,player,Mike Bratz,,,,False,1450,1981-10-28
trade,CLE,SAS,player,Les Craft,,,,False,1451,1981-10-28
trade,CLE,SAS,pick,1983 3rd round draft pick,,,,False,1452,1981-10-28
trade,New Jersey Nets,Kansas City Kings,player,Mike Woodson,,,,False,1453,1981-11-12
trade,New Jersey Nets,Kansas City Kings,player,Brook Steppe,,,,False,1454,1981-11-12
trade,New Jersey Nets,Kansas City Kings,pick,1982 1st round draft pick,,,,False,1455,1981-11-12
trade,Seattle SuperSonics,DET,player,Vinnie Johnson,,,,False,1456,1981-11-23
trade,Seattle SuperSonics,DET,player,Greg Kelser,,,,False,1457,1981-11-23
trade,Seattle SuperSonics,New Jersey Nets,player,James Bailey,,,,False,1458,1981-11-25
trade,Seattle SuperSonics,New Jersey Nets,player,Ray Tolbert,,,,False,1459,1981-11-25
trade,Seattle SuperSonics,New Jersey Nets,player,Danny Young,,,,False,1460,1981-11-25
trade,Seattle SuperSonics,New Jersey Nets,pick,1984 2nd round draft pick,,,,False,1461,1981-11-25
trade,SAS,CLE,player,Ron Brewer,,,,False,1462,1981-12-23
trade,SAS,CLE,player,Reggie Johnson,,,,False,1463,1981-12-23
trade,New Jersey Nets,LAL,player,Bob McAdoo,,,,False,1464,1981-12-24
trade,New Jersey Nets,LAL,player,Kevin Williams,,,,False,1465,1981-12-24
trade,New Jersey Nets,LAL,pick,1983 2nd round draft pick,,,,False,1466,1981-12-24
trade,ATL,San Diego Clippers,player,Charlie Criss,,,,False,1467,1982-01-20
trade,ATL,San Diego Clippers,player,Al Wood,,,,False,1468,1982-01-20
trade,ATL,San Diego Clippers,player,Freeman Williams,,,,False,1469,1982-01-20
trade,CLE,DET,player,Kenny Carr,,,,False,1470,1982-02-16
trade,CLE,DET,player,Bill Laimbeer,,,,False,1471,1982-02-16
trade,CLE,DET,player,Phil Hubbard,,,,False,1472,1982-02-16
trade,CLE,DET,player,Paul Mokeski,,,,False,1473,1982-02-16
trade,CLE,DET,player,John Bagley,,,,False,1474,1982-02-16
trade,CLE,DET,player,Dave Magley,,,,False,1475,1982-02-16
trade,CLE,DET,pick,1982 1st round draft pick,,,,False,1476,1982-02-16
trade,CLE,DET,pick,1982 2nd round draft pick,,,,False,1477,1982-02-16
trade,Seattle SuperSonics,San Diego Clippers,player,Armond Hill,,,,False,1478,1982-02-16
trade,Seattle SuperSonics,San Diego Clippers,player,Jeff Taylor,,,,False,1479,1982-02-16
trade,Seattle SuperSonics,San Diego Clippers,pick,1982 2nd round draft pick,,,,False,1480,1982-02-16
trade,Kansas City Kings,SAS,player,John Lambert,,,,False,1481,1982-02-16
trade,Kansas City Kings,SAS,player,Roosevelt Chapman,,,,False,1482,1982-02-16
trade,Kansas City Kings,SAS,pick,1984 3rd round draft pick,,,,False,1483,1982-02-16
trade,Kansas City Kings,CLE,player,Cliff Robinson,,,,False,1484,1982-02-16
trade,Kansas City Kings,CLE,player,Reggie Johnson,,,,False,1485,1982-02-16
trade,DEN,Seattle SuperSonics,player,David Thompson,,,,False,1486,1982-06-16
trade,DEN,Seattle SuperSonics,player,Bill Hanzlik,,,,False,1487,1982-06-16
trade,DEN,Seattle SuperSonics,player,Rob Williams,,,,False,1488,1982-06-16
trade,DEN,Seattle SuperSonics,pick,1982 1st round draft pick,,,,False,1489,1982-06-16
trade,GSW,New Jersey Nets,player,Wayne Sappleton,,,,False,1490,1982-06-19
trade,GSW,New Jersey Nets,player,Pace Mannion,,,,False,1491,1982-06-19
trade,GSW,New Jersey Nets,pick,1983 2nd round draft pick,,,,False,1492,1982-06-19
trade,PHO,DEN,player,Rich Kelley,,,,False,1493,1982-06-21
trade,PHO,DEN,player,David Thirdkill,,,,False,1494,1982-06-21
trade,PHO,DEN,pick,1982 1st round draft pick,,,,False,1495,1982-06-21
trade,CHI,GSW,player,Wayne Sappleton,,,,False,1496,1982-06-23
trade,CHI,GSW,pick,1982 2nd round draft pick,,,,False,1497,1982-06-23
trade,CHI,GSW,pick,1983 2nd round draft pick,,,,False,1498,1982-06-23
trade,DET,POR,player,Kenny Carr,,,,False,1499,1982-06-23
trade,DET,POR,player,Ricky Pierce,,,,False,1500,1982-06-23
trade,DET,POR,pick,1982 1st round draft pick,,,,False,1501,1982-06-23
trade,San Diego Clippers,HOU,player,Joe Bryant,,,,False,1502,1982-06-28
trade,San Diego Clippers,HOU,player,Jeff Taylor,,,,False,1503,1982-06-28
trade,San Diego Clippers,HOU,pick,1982 2nd round draft pick,,,,False,1504,1982-06-28
trade,San Diego Clippers,HOU,pick,1982 2nd round draft pick,,,,False,1505,1982-06-28
trade,DAL,POR,player,Wayne Cooper,,,,False,1506,1982-06-28
trade,DAL,POR,player,Terry Porter,,,,False,1507,1982-06-28
trade,DAL,POR,pick,1985 1st round draft pick,,,,False,1508,1982-06-28
trade,MIL,DAL,player,Pat Cummings,,,,False,1509,1982-06-28
trade,MIL,DAL,player,Fred Roberts,,,,False,1510,1982-06-28
trade,MIL,DAL,pick,1982 2nd round draft pick,,,,False,1511,1982-06-28
trade,Kansas City Kings,New Jersey Nets,player,Phil Ford,,,,False,1512,1982-06-29
trade,Kansas City Kings,New Jersey Nets,player,Ray Williams,,,,False,1513,1982-06-29
trade,Kansas City Kings,ATL,player,Jim Johnstone,,,,False,1514,1982-06-30
trade,Kansas City Kings,ATL,player,Ben Coleman,,,,False,1515,1982-06-30
trade,Kansas City Kings,ATL,pick,1984 2nd round draft pick,,,,False,1516,1982-06-30
trade,NYK,PHO,player,Maurice Lucas,,,,False,1517,1982-07-07
trade,NYK,PHO,player,Truck Robinson,,,,False,1518,1982-07-07
trade,CHI,SAS,player,Artis Gilmore,,,,False,1519,1982-07-22
trade,CHI,SAS,player,Dave Corzine,,,,False,1520,1982-07-22
trade,CHI,SAS,player,Mark Olberding,,,,False,1521,1982-07-22
trade,New Jersey Nets,PHI,player,Leo Rautins,,,,False,1522,1982-08-27
trade,New Jersey Nets,PHI,pick,1983 1st round draft pick,,,,False,1523,1982-08-27
trade,ATL,UTA,player,John Drew,,,,False,1524,1982-09-02
trade,ATL,UTA,player,Freeman Williams,,,,False,1525,1982-09-02
trade,ATL,UTA,player,Dominique Wilkins,,,,False,1526,1982-09-02
trade,BOS,MIL,player,Dave Cowens,,,,False,1527,1982-09-09
trade,BOS,MIL,player,Quinn Buckner,,,,False,1528,1982-09-09
trade,HOU,PHI,player,Moses Malone,,,,False,1529,1982-09-15
trade,HOU,PHI,player,Caldwell Jones,,,,False,1530,1982-09-15
trade,HOU,PHI,player,Rodney McCray,,,,False,1531,1982-09-15
trade,HOU,PHI,pick,1983 1st round draft pick,,,,False,1532,1982-09-15
trade,DET,IND,player,Greg Wiltjer,,,,False,1533,1982-09-22
trade,DET,IND,pick,1984 2nd round draft pick,,,,False,1534,1982-09-22
trade,ATL,SAS,player,Jim Johnstone,,,,False,1535,1982-09-27
trade,ATL,SAS,player,Darrell Lockhart,,,,False,1536,1982-09-27
trade,ATL,SAS,player,Manute Bol,,,,False,1537,1982-09-27
trade,ATL,SAS,pick,1983 2nd round draft pick,,,,False,1538,1982-09-27
trade,ATL,SAS,pick,1985 2nd round draft pick,,,,False,1539,1982-09-27
trade,New Jersey Nets,NYK,player,Ed Sherod,,,,False,1540,1982-09-30
trade,New Jersey Nets,NYK,player,Bruce Kuczenski,,,,False,1541,1982-09-30
trade,New Jersey Nets,NYK,pick,1983 3rd round draft pick,,,,False,1542,1982-09-30
trade,HOU,Seattle SuperSonics,player,Cory Blackwell,,,,False,1543,1982-10-05
trade,HOU,Seattle SuperSonics,pick,1984 2nd round draft pick,,,,False,1544,1982-10-05
trade,CLE,DET,player,Dennis Rodman,,,,False,1545,1982-10-07
trade,CLE,DET,pick,1986 2nd round draft pick,,,,False,1546,1982-10-07
trade,MIL,San Diego Clippers,player,Robert Smith,,,,False,1547,1982-10-15
trade,MIL,San Diego Clippers,player,Russell Todd,,,,False,1548,1982-10-15
trade,MIL,San Diego Clippers,pick,1983 6th round draft pick,,,,False,1549,1982-10-15
trade,GSW,NYK,player,Bernard King,,,,False,1550,1982-10-22
trade,GSW,NYK,player,Micheal Ray Richardson,,,,False,1551,1982-10-22
trade,GSW,NYK,player,Scott McCollum,,,,False,1552,1982-10-22
trade,GSW,NYK,pick,1984 5th round draft pick,,,,False,1553,1982-10-22
trade,IND,NYK,player,Louis Orr,,,,False,1554,1982-10-22
trade,IND,NYK,player,Scooter McCray,,,,False,1555,1982-10-22
trade,IND,NYK,pick,1983 2nd round draft pick,,,,False,1556,1982-10-22
trade,CLE,IND,player,Brad Branson,,,,False,1557,1982-10-25
trade,CLE,IND,player,Scooter McCray,,,,False,1558,1982-10-25
trade,CLE,IND,pick,1983 2nd round draft pick,,,,False,1559,1982-10-25
trade,PHI,San Diego Clippers,player,Lionel Hollins,,,,False,1560,1982-10-27
trade,PHI,San Diego Clippers,player,Kalpatrick Wells,,,,False,1561,1982-10-27
trade,PHI,San Diego Clippers,player,Stuart Gray,,,,False,1562,1982-10-27
trade,PHI,San Diego Clippers,pick,1983 4th round draft pick,,,,False,1563,1982-10-27
trade,PHI,San Diego Clippers,pick,1984 2nd round draft pick,,,,False,1564,1982-10-27
trade,HOU,New Jersey Nets,player,Horace Owens,,,,False,1565,1982-11-10
trade,HOU,New Jersey Nets,player,Yvon Joseph,,,,False,1566,1982-11-10
trade,HOU,New Jersey Nets,pick,1983 2nd round draft pick,,,,False,1567,1982-11-10
trade,HOU,New Jersey Nets,pick,1985 2nd round draft pick,,,,False,1568,1982-11-10
trade,MIL,New Jersey Nets,player,Mickey Johnson,,,,False,1569,1982-11-10
trade,MIL,New Jersey Nets,player,Fred Roberts,,,,False,1570,1982-11-10
trade,MIL,New Jersey Nets,player,Phil Ford,,,,False,1571,1982-11-10
trade,MIL,New Jersey Nets,player,Ted Kitchel,,,,False,1572,1982-11-10
trade,MIL,New Jersey Nets,pick,1983 2nd round draft pick,,,,False,1573,1982-11-10
trade,CLE,GSW,player,Ron Brewer,,,,False,1574,1982-12-15
trade,CLE,GSW,player,World B. Free,,,,False,1575,1982-12-15
trade,ATL,IND,player,Jim Thomas,,,,False,1576,1982-12-31
trade,ATL,IND,pick,1983 2nd round draft pick,,,,False,1577,1982-12-31
trade,IND,POR,player,Don Buse,,,,False,1578,1983-01-07
trade,BOS,CLE,player,Darren Tillis,,,,False,1579,1983-01-14
trade,BOS,CLE,player,Greg Kite,,,,False,1580,1983-01-14
trade,BOS,CLE,pick,1983 1st round draft pick,,,,False,1581,1983-01-14
trade,CHI,SAS,player,Coby Dietrick,,,,False,1582,1983-01-18
trade,CHI,SAS,player,Brant Weidner,,,,False,1583,1983-01-18
trade,CHI,SAS,pick,1983 4th round draft pick,,,,False,1584,1983-01-18
trade,GSW,New Jersey Nets,player,Micheal Ray Richardson,,,,False,1585,1983-02-06
trade,GSW,New Jersey Nets,player,Sleepy Floyd,,,,False,1586,1983-02-06
trade,GSW,New Jersey Nets,player,Mickey Johnson,,,,False,1587,1983-02-06
trade,CLE,PHO,player,James Edwards,,,,False,1588,1983-02-07
trade,CLE,PHO,player,Greg Kite,,,,False,1589,1983-02-07
trade,CLE,PHO,pick,1983 1st round draft pick,,,,False,1590,1983-02-07
trade,CLE,PHO,pick,1983 1st round draft pick,,,,False,1591,1983-02-07
trade,CLE,PHO,pick,1983 3rd round draft pick,,,,False,1592,1983-02-07
trade,DEN,UTA,player,Rich Kelley,,,,False,1593,1983-02-07
trade,DEN,UTA,player,Danny Schayes,,,,False,1594,1983-02-07
trade,DET,SAS,player,Edgar Jones,,,,False,1595,1983-02-10
trade,DET,SAS,player,Eric Turner,,,,False,1596,1983-02-10
trade,DET,SAS,player,Andre Goode,,,,False,1597,1983-02-10
trade,DET,SAS,pick,1984 2nd round draft pick,,,,False,1598,1983-02-10
trade,DET,SAS,pick,1985 3rd round draft pick,,,,False,1599,1983-02-10
trade,ATL,NYK,player,Rory Sparrow,,,,False,1600,1983-02-12
trade,ATL,NYK,player,Scott Hastings,,,,False,1601,1983-02-12
trade,ATL,Seattle SuperSonics,player,Steve Hawes,,,,False,1602,1983-02-13
trade,DET,ATL,player,Tony Costner,,,,False,1603,1983-02-13
trade,DET,ATL,player,Lorenzo Charles,,,,False,1604,1983-02-13
trade,DET,ATL,pick,1984 2nd round draft pick,,,,False,1605,1983-02-13
trade,DET,ATL,pick,1985 2nd round draft pick,,,,False,1606,1983-02-13
trade,Seattle SuperSonics,DET,player,Ray Tolbert,,,,False,1607,1983-02-13
trade,ATL,GSW,player,Othell Wilson,,,,False,1608,1983-02-15
trade,ATL,GSW,pick,1984 2nd round draft pick,,,,False,1609,1983-02-15
trade,IND,PHI,player,Clemon Johnson,,,,False,1610,1983-02-15
trade,IND,PHI,player,James Banks,,,,False,1611,1983-02-15
trade,IND,PHI,pick,1984 3rd round draft pick,,,,False,1612,1983-02-15
trade,IND,PHI,pick,1983 1st round draft pick,,,,False,1613,1983-02-15
trade,IND,PHI,pick,1984 2nd round draft pick,,,,False,1614,1983-02-15
trade,CHI,LAL,player,Dwight Jones,,,,False,1615,1983-02-15
trade,CHI,LAL,player,Adrian Branch,,,,False,1616,1983-02-15
trade,CHI,LAL,pick,1985 2nd round draft pick,,,,False,1617,1983-02-15
trade,CHI,SAS,player,Brant Weidner,,,,False,1618,1983-03-08
trade,CHI,SAS,pick,1983 4th round draft pick,,,,False,1619,1983-03-08
trade,New Jersey Nets,NYK,player,Len Elmore,,,,False,1620,1983-06-22
trade,New Jersey Nets,NYK,player,Tom Sluby,,,,False,1621,1983-06-22
trade,New Jersey Nets,NYK,pick,1984 2nd round draft pick,,,,False,1622,1983-06-22
trade,BOS,PHO,player,Rick Robey,,,,False,1623,1983-06-27
trade,BOS,PHO,player,Rod Foster,,,,False,1624,1983-06-27
trade,BOS,PHO,player,Paul Williams,,,,False,1625,1983-06-27
trade,BOS,PHO,pick,1983 2nd round draft pick,,,,False,1626,1983-06-27
trade,BOS,PHO,pick,1983 2nd round draft pick,,,,False,1627,1983-06-27
trade,BOS,PHO,pick,1983 1st round draft pick,,,,False,1628,1983-06-27
trade,BOS,PHO,pick,1983 3rd round draft pick,,,,False,1629,1983-06-27
trade,CLE,Seattle SuperSonics,player,Scooter McCray,,,,False,1630,1983-06-27
trade,CLE,Seattle SuperSonics,pick,1983 2nd round draft pick,,,,False,1631,1983-06-27
trade,CHI,Kansas City Kings,player,Larry Micheaux,,,,False,1632,1983-06-28
trade,CHI,Kansas City Kings,player,Mark Olberding,,,,False,1633,1983-06-28
trade,CHI,Kansas City Kings,player,Chris McNealy,,,,False,1634,1983-06-28
trade,CHI,Kansas City Kings,player,Ennis Whatley,,,,False,1635,1983-06-28
trade,CHI,Kansas City Kings,player,Ben Coleman,,,,False,1636,1983-06-28
trade,CHI,Kansas City Kings,pick,1984 2nd round draft pick,,,,False,1637,1983-06-28
trade,CHI,IND,player,Sidney Lowe,,,,False,1638,1983-06-28
trade,CHI,IND,player,Victor Fleming,,,,False,1639,1983-06-28
trade,CHI,IND,pick,1984 2nd round draft pick,,,,False,1640,1983-06-28
trade,CLE,San Diego Clippers,player,Larry Anderson,,,,False,1641,1983-06-28
trade,CLE,San Diego Clippers,player,Les Craft,,,,False,1642,1983-06-28
trade,CLE,San Diego Clippers,player,Calvin Duncan,,,,False,1643,1983-06-28
trade,CLE,San Diego Clippers,pick,1985 2nd round draft pick,,,,False,1644,1983-06-28
trade,DAL,New Jersey Nets,player,Dirk Minniefield,,,,False,1645,1983-06-29
trade,DAL,New Jersey Nets,player,Andrew Kennedy,,,,False,1646,1983-06-29
trade,DAL,New Jersey Nets,pick,1987 2nd round draft pick,,,,False,1647,1983-06-29
trade,DAL,New Jersey Nets,pick,1986 2nd round draft pick,,,,False,1648,1983-06-29
trade,DAL,New Jersey Nets,pick,1987 2nd round draft pick,,,,False,1649,1983-06-29
trade,ATL,NYK,player,Rudy Macklin,,,,False,1650,1983-06-29
trade,ATL,NYK,player,Sly Williams,,,,False,1651,1983-06-29
trade,ATL,Washington Bullets,player,Tom McMillen,,,,False,1652,1983-07-05
trade,ATL,Washington Bullets,player,Tony Costner,,,,False,1653,1983-07-05
trade,ATL,Washington Bullets,pick,1984 2nd round draft pick,,,,False,1654,1983-07-05
trade,DAL,New Jersey Nets,player,Kelvin Ransey,,,,False,1655,1983-08-12
trade,DAL,New Jersey Nets,player,Foots Walker,,,,False,1656,1983-08-12
trade,DAL,New Jersey Nets,player,Tom Sluby,,,,False,1657,1983-08-12
trade,DAL,New Jersey Nets,player,Bill Wennington,,,,False,1658,1983-08-12
trade,DAL,New Jersey Nets,pick,1984 2nd round draft pick,,,,False,1659,1983-08-12
trade,DAL,New Jersey Nets,pick,1985 1st round draft pick,,,,False,1660,1983-08-12
trade,CLE,GSW,player,Darren Tillis,,,,False,1661,1983-08-16
trade,CLE,GSW,player,Johnny Newman,,,,False,1662,1983-08-16
trade,CLE,GSW,pick,1986 2nd round draft pick,,,,False,1663,1983-08-16
trade,POR,DET,player,PÃ©tur GuÃ°mundsson,,,,False,1664,1983-08-18
trade,POR,DET,player,Tim Kearney,,,,False,1665,1983-08-18
trade,POR,DET,pick,1984 3rd round draft pick,,,,False,1666,1983-08-18
trade,San Diego Clippers,Seattle SuperSonics,player,Tom Chambers,,,,False,1667,1983-08-18
trade,San Diego Clippers,Seattle SuperSonics,player,Al Wood,,,,False,1668,1983-08-18
trade,San Diego Clippers,Seattle SuperSonics,player,Terry Williams,,,,False,1669,1983-08-18
trade,San Diego Clippers,Seattle SuperSonics,player,Fred Banks,,,,False,1670,1983-08-18
trade,San Diego Clippers,Seattle SuperSonics,pick,1984 3rd round draft pick,,,,False,1671,1983-08-18
trade,San Diego Clippers,Seattle SuperSonics,pick,1987 2nd round draft pick,,,,False,1672,1983-08-18
trade,San Diego Clippers,Seattle SuperSonics,pick,1984 1st round draft pick,,,,False,1673,1983-08-18
trade,San Diego Clippers,Seattle SuperSonics,pick,1985 2nd round draft pick,,,,False,1674,1983-08-18
trade,POR,IND,player,Granville Waiters,,,,False,1675,1983-08-18
trade,POR,IND,player,Victor Fleming,,,,False,1676,1983-08-18
trade,POR,IND,pick,1984 2nd round draft pick,,,,False,1677,1983-08-18
trade,POR,CLE,player,Linton Townes,,,,False,1678,1983-09-06
trade,POR,CLE,player,Lester Fonville,,,,False,1679,1983-09-06
trade,POR,CLE,pick,1987 2nd round draft pick,,,,False,1680,1983-09-06
trade,IND,NYK,player,Billy Knight,,,,False,1681,1983-09-17
trade,IND,NYK,player,Vince Taylor,,,,False,1682,1983-09-17
trade,IND,NYK,player,Vern Fleming,,,,False,1683,1983-09-17
trade,IND,NYK,pick,1984 1st round draft pick,,,,False,1684,1983-09-17
trade,NYK,Kansas City Kings,player,Billy Knight,,,,False,1685,1983-09-17
trade,Kansas City Kings,IND,player,Brook Steppe,,,,False,1686,1983-09-17
trade,Kansas City Kings,IND,player,Greg Wiltjer,,,,False,1687,1983-09-17
trade,Kansas City Kings,IND,pick,1984 2nd round draft pick,,,,False,1688,1983-09-17
trade,Kansas City Kings,DEN,player,Kenny Dennard,,,,False,1689,1983-09-27
trade,Kansas City Kings,DEN,player,Michael Adams,,,,False,1690,1983-09-27
trade,Kansas City Kings,DEN,pick,1985 3rd round draft pick,,,,False,1691,1983-09-27
trade,Washington Bullets,MIL,player,Kevin Grevey,,,,False,1692,1983-09-30
trade,Washington Bullets,MIL,player,Fred Reynolds,,,,False,1693,1983-09-30
trade,Washington Bullets,MIL,pick,1984 2nd round draft pick,,,,False,1694,1983-09-30
trade,DEN,San Diego Clippers,player,Billy McKinney,,,,False,1695,1983-10-04
trade,DEN,San Diego Clippers,player,Richard Anderson,,,,False,1696,1983-10-04
trade,ATL,San Diego Clippers,player,Kevin Figaro,,,,False,1697,1983-10-06
trade,ATL,San Diego Clippers,player,Wes Matthews,,,,False,1698,1983-10-06
trade,ATL,San Diego Clippers,player,Cedric Henderson,,,,False,1699,1983-10-06
trade,ATL,San Diego Clippers,pick,1986 2nd round draft pick,,,,False,1700,1983-10-06
trade,POR,IND,player,Hank McDowell,,,,False,1701,1983-10-07
trade,POR,IND,player,Juden Smith,,,,False,1702,1983-10-07
trade,POR,IND,pick,1986 3rd round draft pick,,,,False,1703,1983-10-07
trade,LAL,San Diego Clippers,player,Eddie Jordan,,,,False,1704,1983-10-10
trade,LAL,San Diego Clippers,player,Norm Nixon,,,,False,1705,1983-10-10
trade,LAL,San Diego Clippers,player,Jeff Hornacek,,,,False,1706,1983-10-10
trade,LAL,San Diego Clippers,player,Bruce Dalrymple,,,,False,1707,1983-10-10
trade,LAL,San Diego Clippers,pick,1986 2nd round draft pick,,,,False,1708,1983-10-10
trade,LAL,San Diego Clippers,pick,1987 2nd round draft pick,,,,False,1709,1983-10-10
trade,DET,San Diego Clippers,player,Ricky Pierce,,,,False,1710,1983-10-17
trade,DET,San Diego Clippers,player,Jeff Hornacek,,,,False,1711,1983-10-17
trade,DET,San Diego Clippers,player,Bruce Dalrymple,,,,False,1712,1983-10-17
trade,DET,San Diego Clippers,pick,1986 2nd round draft pick,,,,False,1713,1983-10-17
trade,DET,San Diego Clippers,pick,1987 2nd round draft pick,,,,False,1714,1983-10-17
trade,PHO,DET,player,David Thirdkill,,,,False,1715,1983-10-17
trade,PHO,DET,player,Jeff Hornacek,,,,False,1716,1983-10-17
trade,PHO,DET,player,Bruce Dalrymple,,,,False,1717,1983-10-17
trade,PHO,DET,pick,1986 2nd round draft pick,,,,False,1718,1983-10-17
trade,PHO,DET,pick,1987 2nd round draft pick,,,,False,1719,1983-10-17
trade,PHI,New Jersey Nets,player,Reggie Johnson,,,,False,1720,1983-10-25
trade,PHI,New Jersey Nets,player,Horace Owens,,,,False,1721,1983-10-25
trade,PHI,New Jersey Nets,player,Eddie Phillips,,,,False,1722,1983-10-25
trade,PHI,New Jersey Nets,player,Andrew Kennedy,,,,False,1723,1983-10-25
trade,PHI,New Jersey Nets,pick,1987 2nd round draft pick,,,,False,1724,1983-10-25
trade,Kansas City Kings,Seattle SuperSonics,player,Reggie King,,,,False,1725,1983-10-26
trade,Kansas City Kings,Seattle SuperSonics,player,Ken Johnson,,,,False,1726,1983-10-26
trade,Kansas City Kings,Seattle SuperSonics,pick,1985 2nd round draft pick,,,,False,1727,1983-10-26
trade,IND,San Diego Clippers,player,Hank McDowell,,,,False,1728,1983-10-26
trade,IND,San Diego Clippers,player,Michael Anderson,,,,False,1729,1983-10-26
trade,IND,San Diego Clippers,pick,1988 3rd round draft pick,,,,False,1730,1983-10-26
trade,PHI,SAS,player,Mark McNamara,,,,False,1731,1983-11-04
trade,PHI,SAS,player,Everette Stephens,,,,False,1732,1983-11-04
trade,PHI,SAS,pick,1988 2nd round draft pick,,,,False,1733,1983-11-04
trade,GSW,PHI,player,Sam Williams,,,,False,1734,1983-11-12
trade,GSW,PHI,player,Gary Plummer,,,,False,1735,1983-11-12
trade,GSW,PHI,pick,1984 2nd round draft pick,,,,False,1736,1983-11-12
trade,GSW,SAS,player,Ron Brewer,,,,False,1737,1984-01-20
trade,GSW,SAS,player,Manute Bol,,,,False,1738,1984-01-20
trade,GSW,SAS,pick,1985 2nd round draft pick,,,,False,1739,1984-01-20
trade,SAS,DEN,player,Keith Edmonson,,,,False,1740,1984-01-21
trade,SAS,DEN,player,Joe Binion,,,,False,1741,1984-01-21
trade,SAS,DEN,pick,1984 3rd round draft pick,,,,False,1742,1984-01-21
trade,Kansas City Kings,CHI,player,Steve Johnson,,,,False,1743,1984-02-15
trade,Kansas City Kings,CHI,player,Greg Wiltjer,,,,False,1744,1984-02-15
trade,Kansas City Kings,CHI,player,Mike Brittain,,,,False,1745,1984-02-15
trade,Kansas City Kings,CHI,player,Ken Johnson,,,,False,1746,1984-02-15
trade,Kansas City Kings,CHI,pick,1984 2nd round draft pick,,,,False,1747,1984-02-15
trade,Kansas City Kings,CHI,pick,1985 2nd round draft pick,,,,False,1748,1984-02-15
trade,Kansas City Kings,CHI,pick,1985 2nd round draft pick,,,,False,1749,1984-02-15
trade,POR,DEN,player,Wayne Cooper,,,,False,1750,1984-06-07
trade,POR,DEN,player,Fat Lever,,,,False,1751,1984-06-07
trade,POR,DEN,player,Calvin Natt,,,,False,1752,1984-06-07
trade,POR,DEN,player,Willie White,,,,False,1753,1984-06-07
trade,POR,DEN,player,Blair Rasmussen,,,,False,1754,1984-06-07
trade,POR,DEN,pick,1984 2nd round draft pick,,,,False,1755,1984-06-07
trade,POR,DEN,pick,1985 1st round draft pick,,,,False,1756,1984-06-07
trade,ATL,DET,player,Dan Roundfield,,,,False,1757,1984-06-18
trade,ATL,DET,player,Antoine Carr,,,,False,1758,1984-06-18
trade,ATL,DET,player,Cliff Levingston,,,,False,1759,1984-06-18
trade,ATL,DET,player,Augusto Binelli,,,,False,1760,1984-06-18
trade,ATL,DET,player,Terrance Bailey,,,,False,1761,1984-06-18
trade,ATL,DET,pick,1986 2nd round draft pick,,,,False,1762,1984-06-18
trade,ATL,DET,pick,1987 2nd round draft pick,,,,False,1763,1984-06-18
trade,Washington Bullets,Seattle SuperSonics,player,Tim McCormick,,,,False,1764,1984-06-19
trade,Washington Bullets,Seattle SuperSonics,player,Ricky Sobers,,,,False,1765,1984-06-19
trade,Washington Bullets,Seattle SuperSonics,player,Gus Williams,,,,False,1766,1984-06-19
trade,San Diego Clippers,GSW,player,Jerome Whitehead,,,,False,1767,1984-06-19
trade,San Diego Clippers,GSW,player,Jay Murphy,,,,False,1768,1984-06-19
trade,CLE,Washington Bullets,player,Tim McCormick,,,,False,1769,1984-06-19
trade,CLE,Washington Bullets,player,Cliff Robinson,,,,False,1770,1984-06-19
trade,CLE,Washington Bullets,player,Melvin Turpin,,,,False,1771,1984-06-19
trade,PHI,Washington Bullets,player,Tom Sewell,,,,False,1772,1984-06-19
trade,PHI,Washington Bullets,player,Harvey Grant,,,,False,1773,1984-06-19
trade,PHI,Washington Bullets,pick,1988 1st round draft pick,,,,False,1774,1984-06-19
trade,ATL,CLE,player,Johnny Davis,,,,False,1775,1984-08-08
trade,ATL,CLE,player,John Garris,,,,False,1776,1984-08-08
trade,ATL,CLE,player,Stewart Granger,,,,False,1777,1984-08-08
trade,CHI,HOU,player,Mitchell Wiggins,,,,False,1778,1984-08-10
trade,CHI,HOU,player,Tyrone Corbin,,,,False,1779,1984-08-10
trade,CHI,HOU,player,Michael Payne,,,,False,1780,1984-08-10
trade,CHI,HOU,pick,1985 2nd round draft pick,,,,False,1781,1984-08-10
trade,CHI,HOU,pick,1985 3rd round draft pick,,,,False,1782,1984-08-10
trade,CHI,DAL,player,Wallace Bryant,,,,False,1783,1984-09-14
trade,CHI,DAL,player,Rafael Addison,,,,False,1784,1984-09-14
trade,CHI,DAL,pick,1986 2nd round draft pick,,,,False,1785,1984-09-14
trade,IND,PHI,player,Hansi Gnad,,,,False,1786,1984-09-14
trade,IND,PHI,pick,1987 3rd round draft pick,,,,False,1787,1984-09-14
trade,HOU,IND,player,Ivan Daniels,,,,False,1788,1984-09-17
trade,HOU,IND,pick,1985 5th round draft pick,,,,False,1789,1984-09-17
trade,LAC,Washington Bullets,player,Ken Perry,,,,False,1790,1984-09-25
trade,LAC,Washington Bullets,pick,1985 3rd round draft pick,,,,False,1791,1984-09-25
trade,CLE,NYK,player,Campy Russell,,,,False,1792,1984-09-29
trade,CLE,NYK,pick,1985 2nd round draft pick,,,,False,1793,1984-09-29
trade,LAC,MIL,player,Terry Cummings,,,,False,1794,1984-09-29
trade,LAC,MIL,player,Craig Hodges,,,,False,1795,1984-09-29
trade,LAC,MIL,player,Ricky Pierce,,,,False,1796,1984-09-29
trade,LAC,MIL,player,Junior Bridgeman,,,,False,1797,1984-09-29
trade,LAC,MIL,player,Harvey Catchings,,,,False,1798,1984-09-29
trade,LAC,MIL,player,Marques Johnson,,,,False,1799,1984-09-29
trade,HOU,SAS,player,James Bailey,,,,False,1800,1984-10-04
trade,HOU,SAS,player,Tyrone Corbin,,,,False,1801,1984-10-04
trade,HOU,SAS,pick,1985 2nd round draft pick,,,,False,1802,1984-10-04
trade,HOU,SAS,pick,1985 3rd round draft pick,,,,False,1803,1984-10-04
trade,BOS,Seattle SuperSonics,player,Gerald Henderson,,,,False,1804,1984-10-16
trade,BOS,Seattle SuperSonics,player,Len Bias,,,,False,1805,1984-10-16
trade,BOS,Seattle SuperSonics,pick,1986 1st round draft pick,,,,False,1806,1984-10-16
trade,IND,NYK,player,Butch Carter,,,,False,1807,1984-10-19
trade,IND,NYK,player,Dwayne McClain,,,,False,1808,1984-10-19
trade,IND,NYK,pick,1985 2nd round draft pick,,,,False,1809,1984-10-19
trade,DAL,IND,player,Bill Garnett,,,,False,1810,1984-10-22
trade,DAL,IND,player,Terence Stansbury,,,,False,1811,1984-10-22
trade,DAL,IND,player,Travis Mays,,,,False,1812,1984-10-22
trade,DAL,IND,pick,1990 1st round draft pick,,,,False,1813,1984-10-22
trade,NYK,SAS,player,Forrest McKenzie,,,,False,1814,1984-10-24
trade,NYK,SAS,pick,1986 3rd round draft pick,,,,False,1815,1984-10-24
trade,HOU,LAC,player,Ken Perry,,,,False,1816,1984-10-29
trade,HOU,LAC,pick,1985 3rd round draft pick,,,,False,1817,1984-10-29
trade,Kansas City Kings,SAS,player,Billy Knight,,,,False,1818,1984-12-11
trade,Kansas City Kings,SAS,player,Mark McNamara,,,,False,1819,1984-12-11
trade,CLE,SAS,player,Jeff Cook,,,,False,1820,1984-12-14
trade,CLE,SAS,player,Edgar Jones,,,,False,1821,1984-12-14
trade,PHI,SAS,player,Marc Iavaroni,,,,False,1822,1984-12-15
trade,PHI,SAS,player,Keith Colbert,,,,False,1823,1984-12-15
trade,PHI,SAS,pick,1986 3rd round draft pick,,,,False,1824,1984-12-15
trade,SAS,UTA,player,Fred Roberts,,,,False,1825,1984-12-18
trade,SAS,UTA,player,Lemone Lampley,,,,False,1826,1984-12-18
trade,SAS,UTA,player,Jeff Moe,,,,False,1827,1984-12-18
trade,SAS,UTA,pick,1986 2nd round draft pick,,,,False,1828,1984-12-18
trade,SAS,UTA,pick,1988 2nd round draft pick,,,,False,1829,1984-12-18
trade,CLE,MIL,player,Paul Thompson,,,,False,1830,1985-02-12
trade,CLE,MIL,player,Hot Rod Williams,,,,False,1831,1985-02-12
trade,CLE,MIL,player,Kannard Johnson,,,,False,1832,1985-02-12
trade,CLE,MIL,pick,1985 2nd round draft pick,,,,False,1833,1985-02-12
trade,CLE,MIL,pick,1987 2nd round draft pick,,,,False,1834,1985-02-12
trade,BOS,DAL,player,Terry Porter,,,,False,1835,1985-05-01
trade,BOS,DAL,player,Jose Vargas,,,,False,1836,1985-05-01
trade,BOS,DAL,pick,1985 1st round draft pick,,,,False,1837,1985-05-01
trade,BOS,DAL,pick,1988 2nd round draft pick,,,,False,1838,1985-05-01
trade,BOS,DAL,pick,1985 1st round draft pick,,,,False,1839,1985-05-01
trade,PHO,POR,player,Nikita Wilson,,,,False,1840,1985-06-14
trade,PHO,POR,pick,1987 2nd round draft pick,,,,False,1841,1985-06-14
trade,GSW,Washington Bullets,player,Manute Bol,,,,False,1842,1985-06-17
trade,GSW,Washington Bullets,player,Duane Washington,,,,False,1843,1985-06-17
trade,GSW,Washington Bullets,pick,1985 2nd round draft pick,,,,False,1844,1985-06-17
trade,GSW,Washington Bullets,pick,1987 2nd round draft pick,,,,False,1845,1985-06-17
trade,DET,Washington Bullets,player,Dan Roundfield,,,,False,1846,1985-06-17
trade,DET,Washington Bullets,player,Mike Gibson,,,,False,1847,1985-06-17
trade,DET,Washington Bullets,player,Rick Mahorn,,,,False,1848,1985-06-17
trade,CHI,SAS,player,Steve Johnson,,,,False,1849,1985-06-18
trade,CHI,SAS,player,Mike Brittain,,,,False,1850,1985-06-18
trade,CHI,SAS,pick,1985 2nd round draft pick,,,,False,1851,1985-06-18
trade,CHI,CLE,player,Keith Lee,,,,False,1852,1985-06-18
trade,CHI,CLE,player,Ennis Whatley,,,,False,1853,1985-06-18
trade,CHI,CLE,player,Calvin Duncan,,,,False,1854,1985-06-18
trade,CHI,CLE,player,Charles Oakley,,,,False,1855,1985-06-18
trade,CHI,POR,player,Ben Coleman,,,,False,1856,1985-06-18
trade,CHI,POR,player,Ken Johnson,,,,False,1857,1985-06-18
trade,CHI,POR,player,Mike Smrek,,,,False,1858,1985-06-18
trade,HOU,IND,player,Sean Couch,,,,False,1859,1985-08-01
trade,HOU,IND,pick,1987 3rd round draft pick,,,,False,1860,1985-08-01
trade,MIL,SAC,player,Bob Beecher,,,,False,1861,1985-08-09
trade,MIL,SAC,pick,1986 4th round draft pick,,,,False,1862,1985-08-09
trade,LAL,PHO,player,Steve Kerr,,,,False,1863,1985-08-19
trade,LAL,PHO,player,Greg Grant,,,,False,1864,1985-08-19
trade,LAL,PHO,pick,1988 2nd round draft pick,,,,False,1865,1985-08-19
trade,LAL,PHO,pick,1989 2nd round draft pick,,,,False,1866,1985-08-19
trade,GSW,New Jersey Nets,player,Mickey Johnson,,,,False,1867,1985-08-21
trade,GSW,New Jersey Nets,player,Wendell Alexis,,,,False,1868,1985-08-21
trade,GSW,New Jersey Nets,pick,1986 3rd round draft pick,,,,False,1869,1985-08-21
trade,BOS,IND,player,Quinn Buckner,,,,False,1870,1985-09-03
trade,BOS,IND,player,Reggie Cross,,,,False,1871,1985-09-03
trade,BOS,IND,pick,1989 2nd round draft pick,,,,False,1872,1985-09-03
trade,BOS,LAC,player,Cedric Maxwell,,,,False,1873,1985-09-06
trade,BOS,LAC,player,Arvydas Sabonis,,,,False,1874,1985-09-06
trade,BOS,LAC,pick,1986 1st round draft pick,,,,False,1875,1985-09-06
trade,DAL,PHI,player,Jeff Cross,,,,False,1876,1985-09-20
trade,BOS,IND,player,Reggie Cross,,,,False,1877,1985-10-03
trade,BOS,IND,player,Kenny Williams,,,,False,1878,1985-10-03
trade,BOS,IND,pick,1989 2nd round draft pick,,,,False,1879,1985-10-03
trade,BOS,IND,pick,1990 2nd round draft pick,,,,False,1880,1985-10-03
trade,IND,PHI,player,Reggie Cross,,,,False,1881,1985-10-23
trade,IND,PHI,pick,1989 2nd round draft pick,,,,False,1882,1985-10-23
trade,SAS,Seattle SuperSonics,player,Lemone Lampley,,,,False,1883,1985-10-23
trade,SAS,Seattle SuperSonics,pick,1986 2nd round draft pick,,,,False,1884,1985-10-23
trade,CHI,SAS,player,Dave Greenwood,,,,False,1885,1985-10-24
trade,CHI,SAS,player,George Gervin,,,,False,1886,1985-10-24
trade,DAL,LAC,player,Kurt Nimphius,,,,False,1887,1985-11-25
trade,DAL,LAC,player,James Donaldson,,,,False,1888,1985-11-25
trade,CLE,IND,player,Ron Anderson,,,,False,1889,1985-12-10
trade,CLE,IND,player,Carven Holcomb,,,,False,1890,1985-12-10
trade,CLE,IND,pick,1987 4th round draft pick,,,,False,1891,1985-12-10
trade,PHI,Washington Bullets,player,Leon Wood,,,,False,1892,1986-01-10
trade,PHI,Washington Bullets,player,Kenny Green,,,,False,1893,1986-01-10
trade,LAC,POR,player,Arvydas Sabonis,,,,False,1894,1986-01-14
trade,LAC,POR,player,Rolando Ferreira,,,,False,1895,1986-01-14
trade,LAC,POR,pick,1986 1st round draft pick,,,,False,1896,1986-01-14
trade,LAC,POR,pick,1988 2nd round draft pick,,,,False,1897,1986-01-14
trade,LAC,POR,pick,1988 2nd round draft pick,,,,False,1898,1986-01-14
trade,ATL,CLE,player,Eddie Johnson,,,,False,1899,1986-02-10
trade,ATL,CLE,player,Johnny Davis,,,,False,1900,1986-02-10
trade,SAS,UTA,player,Jeff Cook,,,,False,1901,1986-02-15
trade,SAS,UTA,player,Marc Iavaroni,,,,False,1902,1986-02-15
trade,SAS,UTA,player,Jeff Wilkins,,,,False,1903,1986-02-15
trade,PHI,Washington Bullets,player,Terry Catledge,,,,False,1904,1986-06-16
trade,PHI,Washington Bullets,player,Moses Malone,,,,False,1905,1986-06-16
trade,PHI,Washington Bullets,player,Anthony Jones,,,,False,1906,1986-06-16
trade,PHI,Washington Bullets,player,Harvey Grant,,,,False,1907,1986-06-16
trade,PHI,Washington Bullets,pick,1986 1st round draft pick,,,,False,1908,1986-06-16
trade,PHI,Washington Bullets,pick,1988 1st round draft pick,,,,False,1909,1986-06-16
trade,CLE,PHI,player,Roy Hinson,,,,False,1910,1986-06-16
trade,CLE,PHI,player,Brad Daugherty,,,,False,1911,1986-06-16
trade,CLE,PHI,pick,1986 1st round draft pick,,,,False,1912,1986-06-16
trade,CHI,POR,player,Larry Krystkowiak,,,,False,1913,1986-06-17
trade,CHI,POR,player,Winston Garland,,,,False,1914,1986-06-17
trade,CHI,POR,player,Brett Roberts,,,,False,1915,1986-06-17
trade,CHI,POR,pick,1987 2nd round draft pick,,,,False,1916,1986-06-17
trade,CHI,POR,pick,1992 2nd round draft pick,,,,False,1917,1986-06-17
trade,ATL,LAL,player,Ron Kellogg,,,,False,1918,1986-06-17
trade,ATL,LAL,player,Billy Thompson,,,,False,1919,1986-06-17
trade,ATL,LAL,player,Ken Barlow,,,,False,1920,1986-06-17
trade,ATL,LAL,player,Mike McGee,,,,False,1921,1986-06-17
trade,CLE,DAL,player,Jeff Hodge,,,,False,1922,1986-06-17
trade,CLE,DAL,pick,1989 2nd round draft pick,,,,False,1923,1986-06-17
trade,POR,SAS,player,Larry Krystkowiak,,,,False,1924,1986-06-19
trade,POR,SAS,player,Mychal Thompson,,,,False,1925,1986-06-19
trade,POR,SAS,player,Steve Johnson,,,,False,1926,1986-06-19
trade,MIL,Seattle SuperSonics,player,Alton Lister,,,,False,1927,1986-07-01
trade,MIL,Seattle SuperSonics,player,Mark Jackson,,,,False,1928,1986-07-01
trade,MIL,Seattle SuperSonics,player,Jeff Sanders,,,,False,1929,1986-07-01
trade,MIL,Seattle SuperSonics,pick,1987 1st round draft pick,,,,False,1930,1986-07-01
trade,MIL,Seattle SuperSonics,pick,1989 1st round draft pick,,,,False,1931,1986-07-01
trade,MIL,Seattle SuperSonics,pick,1987 2nd round draft pick,,,,False,1932,1986-07-01
trade,MIL,Seattle SuperSonics,pick,1989 2nd round draft pick,,,,False,1933,1986-07-01
trade,DAL,Seattle SuperSonics,player,Dale Ellis,,,,False,1934,1986-07-23
trade,DAL,Seattle SuperSonics,player,Al Wood,,,,False,1935,1986-07-23
trade,New Jersey Nets,Washington Bullets,player,Darwin Cook,,,,False,1936,1986-08-08
trade,LAC,SAC,player,Junior Bridgeman,,,,False,1937,1986-08-19
trade,LAC,SAC,player,Franklin Edwards,,,,False,1938,1986-08-19
trade,LAC,SAC,player,Derek Smith,,,,False,1939,1986-08-19
trade,LAC,SAC,player,Larry Drew,,,,False,1940,1986-08-19
trade,LAC,SAC,player,Mike Woodson,,,,False,1941,1986-08-19
trade,LAC,SAC,player,Hersey Hawkins,,,,False,1942,1986-08-19
trade,LAC,SAC,player,Jay Edwards,,,,False,1943,1986-08-19
trade,LAC,SAC,pick,1988 1st round draft pick,,,,False,1944,1986-08-19
trade,LAC,SAC,pick,1989 2nd round draft pick,,,,False,1945,1986-08-19
trade,CHI,DET,player,Sidney Green,,,,False,1946,1986-08-21
trade,CHI,DET,player,Earl Cureton,,,,False,1947,1986-08-21
trade,CHI,DET,player,Rickie Winslow,,,,False,1948,1986-08-21
trade,CHI,DET,pick,1987 2nd round draft pick,,,,False,1949,1986-08-21
trade,DET,UTA,player,Kent Benson,,,,False,1950,1986-08-21
trade,DET,UTA,player,Kelly Tripucka,,,,False,1951,1986-08-21
trade,DET,UTA,player,Adrian Dantley,,,,False,1952,1986-08-21
trade,DET,UTA,player,Norris Coleman,,,,False,1953,1986-08-21
trade,DET,UTA,player,Phil Henderson,,,,False,1954,1986-08-21
trade,DET,UTA,pick,1987 2nd round draft pick,,,,False,1955,1986-08-21
trade,DET,UTA,pick,1990 2nd round draft pick,,,,False,1956,1986-08-21
trade,DAL,Washington Bullets,player,Jay Vincent,,,,False,1957,1986-09-03
trade,DAL,Washington Bullets,player,Willie Burton,,,,False,1958,1986-09-03
trade,DAL,Washington Bullets,pick,1990 1st round draft pick,,,,False,1959,1986-09-03
trade,CHI,IND,player,Kyle Macy,,,,False,1960,1986-09-18
trade,CHI,IND,player,Greg Butler,,,,False,1961,1986-09-18
trade,CHI,IND,player,Litterial Green,,,,False,1962,1986-09-18
trade,CHI,IND,pick,1988 2nd round draft pick,,,,False,1963,1986-09-18
trade,CHI,IND,pick,1992 2nd round draft pick,,,,False,1964,1986-09-18
trade,BOS,UTA,player,Billy Donovan,,,,False,1965,1986-09-25
trade,BOS,UTA,pick,1987 3rd round draft pick,,,,False,1966,1986-09-25
trade,PHI,Seattle SuperSonics,player,Clemon Johnson,,,,False,1967,1986-09-29
trade,PHI,Seattle SuperSonics,player,Shawn Kemp,,,,False,1968,1986-09-29
trade,PHI,Seattle SuperSonics,pick,1989 1st round draft pick,,,,False,1969,1986-09-29
trade,DET,Seattle SuperSonics,player,John Long,,,,False,1970,1986-09-30
trade,DET,Seattle SuperSonics,player,Fred Banks,,,,False,1971,1986-09-30
trade,DET,Seattle SuperSonics,player,Doug Overton,,,,False,1972,1986-09-30
trade,DET,Seattle SuperSonics,pick,1987 2nd round draft pick,,,,False,1973,1986-09-30
trade,DET,Seattle SuperSonics,pick,1991 2nd round draft pick,,,,False,1974,1986-09-30
trade,IND,Seattle SuperSonics,player,Russ Schoene,,,,False,1975,1986-10-02
trade,IND,Seattle SuperSonics,player,Terence Stansbury,,,,False,1976,1986-10-02
trade,IND,Seattle SuperSonics,player,John Long,,,,False,1977,1986-10-02
trade,IND,Seattle SuperSonics,player,Spencer Dunkley,,,,False,1978,1986-10-02
trade,IND,Seattle SuperSonics,pick,1993 2nd round draft pick,,,,False,1979,1986-10-02
trade,DEN,NYK,player,Olden Polynice,,,,False,1980,1986-10-02
trade,DEN,NYK,pick,1987 1st round draft pick,,,,False,1981,1986-10-02
trade,CHI,HOU,player,Chucky Brown,,,,False,1982,1986-10-23
trade,CHI,HOU,pick,1989 2nd round draft pick,,,,False,1983,1986-10-23
trade,DEN,MIL,player,Pete Williams,,,,False,1984,1986-10-24
trade,DEN,MIL,player,Curtis Hunter,,,,False,1985,1986-10-24
trade,DEN,MIL,pick,1987 7th round draft pick,,,,False,1986,1986-10-24
trade,CHI,NYK,player,Jawann Oldham,,,,False,1987,1986-10-30
trade,CHI,NYK,player,Olden Polynice,,,,False,1988,1986-10-30
trade,CHI,NYK,player,Sylvester Gray,,,,False,1989,1986-10-30
trade,CHI,NYK,pick,1987 1st round draft pick,,,,False,1990,1986-10-30
trade,CHI,NYK,pick,1988 2nd round draft pick,,,,False,1991,1986-10-30
trade,New Jersey Nets,Washington Bullets,player,Mike O'Koren,,,,False,1992,1986-10-30
trade,New Jersey Nets,Washington Bullets,player,Leon Wood,,,,False,1993,1986-10-30
trade,MIL,POR,player,Chris Engler,,,,False,1994,1986-11-11
trade,MIL,POR,player,Winston Garland,,,,False,1995,1986-11-11
trade,MIL,POR,pick,1987 2nd round draft pick,,,,False,1996,1986-11-11
trade,NYK,Seattle SuperSonics,player,Scottie Pippen,,,,False,1997,1986-11-12
trade,NYK,Seattle SuperSonics,player,Steve Henson,,,,False,1998,1986-11-12
trade,NYK,Seattle SuperSonics,pick,1987 1st round draft pick,,,,False,1999,1986-11-12
trade,NYK,Seattle SuperSonics,pick,1990 2nd round draft pick,,,,False,2000,1986-11-12
trade,NYK,Seattle SuperSonics,pick,1987 1st round draft pick,,,,False,2001,1986-11-12
trade,CLE,HOU,player,Dirk Minniefield,,,,False,2002,1986-12-09
trade,CLE,HOU,pick,1989 3rd round draft pick,,,,False,2003,1986-12-09
trade,POR,SAS,player,Walter Berry,,,,False,2004,1986-12-18
trade,POR,SAS,player,Kevin Duckworth,,,,False,2005,1986-12-18
trade,CHI,PHI,player,Steve Colter,,,,False,2006,1986-12-31
trade,CHI,PHI,player,Stanley Brundy,,,,False,2007,1986-12-31
trade,CHI,PHI,pick,1989 2nd round draft pick,,,,False,2008,1986-12-31
trade,HOU,LAC,player,Joe Wolf,,,,False,2009,1987-01-16
trade,HOU,LAC,player,Chucky Brown,,,,False,2010,1987-01-16
trade,HOU,LAC,pick,1987 1st round draft pick,,,,False,2011,1987-01-16
trade,HOU,LAC,pick,1989 2nd round draft pick,,,,False,2012,1987-01-16
trade,DET,LAC,player,Ken Norman,,,,False,2013,1987-01-29
trade,DET,LAC,player,Norris Coleman,,,,False,2014,1987-01-29
trade,DET,LAC,pick,1987 1st round draft pick,,,,False,2015,1987-01-29
trade,DET,LAC,pick,1987 2nd round draft pick,,,,False,2016,1987-01-29
trade,CHI,LAC,player,Earl Cureton,,,,False,2017,1987-02-11
trade,CHI,LAC,player,Chucky Brown,,,,False,2018,1987-02-11
trade,CHI,LAC,pick,1989 2nd round draft pick,,,,False,2019,1987-02-11
trade,LAL,SAS,player,Frank Brickowski,,,,False,2020,1987-02-13
trade,LAL,SAS,player,PÃ©tur GuÃ°mundsson,,,,False,2021,1987-02-13
trade,LAL,SAS,player,Greg Anderson,,,,False,2022,1987-02-13
trade,LAL,SAS,player,Sean Higgins,,,,False,2023,1987-02-13
trade,LAL,SAS,pick,1987 1st round draft pick,,,,False,2024,1987-02-13
trade,LAL,SAS,pick,1990 2nd round draft pick,,,,False,2025,1987-02-13
trade,CHI,CLE,player,Chucky Brown,,,,False,2026,1987-02-15
trade,CHI,CLE,pick,1989 2nd round draft pick,,,,False,2027,1987-02-15
trade,DET,PHO,player,Randolph Keys,,,,False,2028,1987-06-21
trade,DET,PHO,pick,1988 1st round draft pick,,,,False,2029,1987-06-21
trade,PHO,SAC,player,Ed Pinckney,,,,False,2030,1987-06-21
trade,PHO,SAC,player,Fennis Dembo,,,,False,2031,1987-06-21
trade,PHO,SAC,pick,1988 2nd round draft pick,,,,False,2032,1987-06-21
trade,IND,MIL,player,Gary Leonard,,,,False,2033,1987-06-21
trade,IND,MIL,pick,1989 2nd round draft pick,,,,False,2034,1987-06-21
trade,CHI,SAS,player,Shelton Jones,,,,False,2035,1987-06-22
trade,CHI,SAS,pick,1988 2nd round draft pick,,,,False,2036,1987-06-22
trade,CHI,Seattle SuperSonics,player,Olden Polynice,,,,False,2037,1987-06-22
trade,CHI,Seattle SuperSonics,player,Sylvester Gray,,,,False,2038,1987-06-22
trade,CHI,Seattle SuperSonics,player,B.J. Armstrong,,,,False,2039,1987-06-22
trade,CHI,Seattle SuperSonics,pick,1988 2nd round draft pick,,,,False,2040,1987-06-22
trade,CHI,Seattle SuperSonics,pick,1989 1st round draft pick,,,,False,2041,1987-06-22
trade,CHI,Seattle SuperSonics,pick,1989 1st round draft pick,,,,False,2042,1987-06-22
trade,CLE,UTA,player,Darryl Dawkins,,,,False,2043,1987-10-08
trade,CLE,UTA,player,Melvin Turpin,,,,False,2044,1987-10-08
trade,CLE,UTA,player,Kent Benson,,,,False,2045,1987-10-08
trade,CLE,UTA,player,Dell Curry,,,,False,2046,1987-10-08
trade,CLE,New Jersey Nets,player,John Bagley,,,,False,2047,1987-10-08
trade,CLE,New Jersey Nets,player,Keith Lee,,,,False,2048,1987-10-08
trade,CLE,New Jersey Nets,player,James Bailey,,,,False,2049,1987-10-08
trade,CLE,New Jersey Nets,player,Darryl Dawkins,,,,False,2050,1987-10-08
trade,GSW,POR,player,Anthony Mason,,,,False,2051,1987-10-13
trade,GSW,POR,pick,1988 3rd round draft pick,,,,False,2052,1987-10-13
trade,NYK,SAC,player,Jawann Oldham,,,,False,2053,1987-10-15
trade,NYK,SAC,player,Fennis Dembo,,,,False,2054,1987-10-15
trade,NYK,SAC,pick,1988 2nd round draft pick,,,,False,2055,1987-10-15
trade,BOS,Seattle SuperSonics,player,Sam Vincent,,,,False,2056,1987-10-16
trade,BOS,Seattle SuperSonics,player,Scott Wedman,,,,False,2057,1987-10-16
trade,BOS,Seattle SuperSonics,player,Sylvester Gray,,,,False,2058,1987-10-16
trade,BOS,Seattle SuperSonics,pick,1988 2nd round draft pick,,,,False,2059,1987-10-16
trade,CLE,PHO,player,James Bailey,,,,False,2060,1987-10-29
trade,CLE,PHO,player,Greg Grant,,,,False,2061,1987-10-29
trade,CLE,PHO,pick,1989 2nd round draft pick,,,,False,2062,1987-10-29
trade,DET,NYK,player,Sidney Green,,,,False,2063,1987-10-29
trade,DET,NYK,player,Ron Moore,,,,False,2064,1987-10-29
trade,DET,NYK,player,Fennis Dembo,,,,False,2065,1987-10-29
trade,DET,NYK,pick,1988 2nd round draft pick,,,,False,2066,1987-10-29
trade,DEN,Washington Bullets,player,Mark Alarie,,,,False,2067,1987-11-02
trade,DEN,Washington Bullets,player,Darrell Walker,,,,False,2068,1987-11-02
trade,DEN,Washington Bullets,player,Michael Adams,,,,False,2069,1987-11-02
trade,DEN,Washington Bullets,player,Jay Vincent,,,,False,2070,1987-11-02
trade,ATL,New Jersey Nets,player,Dallas Comegys,,,,False,2071,1987-11-03
trade,ATL,New Jersey Nets,player,Les Jepsen,,,,False,2072,1987-11-03
trade,ATL,New Jersey Nets,pick,1990 2nd round draft pick,,,,False,2073,1987-11-03
trade,GSW,HOU,player,Purvis Short,,,,False,2074,1987-11-05
trade,GSW,HOU,player,Dave Feitl,,,,False,2075,1987-11-05
trade,GSW,HOU,player,Dana Barros,,,,False,2076,1987-11-05
trade,GSW,HOU,pick,1989 1st round draft pick,,,,False,2077,1987-11-05
trade,CHI,NYK,player,Greg Butler,,,,False,2078,1987-11-12
trade,CHI,NYK,pick,1988 2nd round draft pick,,,,False,2079,1987-11-12
trade,MIL,SAS,player,Charles Davis,,,,False,2080,1987-11-18
trade,MIL,SAS,player,Reggie Turner,,,,False,2081,1987-11-18
trade,MIL,SAS,pick,1989 2nd round draft pick,,,,False,2082,1987-11-18
trade,DET,UTA,player,Jeff Moe,,,,False,2083,1987-11-26
trade,DET,UTA,player,Phil Henderson,,,,False,2084,1987-11-26
trade,DET,UTA,pick,1988 2nd round draft pick,,,,False,2085,1987-11-26
trade,DET,UTA,pick,1990 2nd round draft pick,,,,False,2086,1987-11-26
trade,GSW,HOU,player,Joe Barry Carroll,,,,False,2087,1987-12-12
trade,GSW,HOU,player,Sleepy Floyd,,,,False,2088,1987-12-12
trade,ATL,SAC,player,Mike McGee,,,,False,2089,1987-12-14
trade,ATL,SAC,player,Rodney Monroe,,,,False,2090,1987-12-14
trade,ATL,SAC,player,Donnie Boyce,,,,False,2091,1987-12-14
trade,ATL,SAC,pick,1991 2nd round draft pick,,,,False,2092,1987-12-14
trade,ATL,SAC,pick,1995 2nd round draft pick,,,,False,2093,1987-12-14
trade,ATL,GSW,player,Ken Barlow,,,,False,2094,1987-12-15
trade,ATL,GSW,player,Chris Washburn,,,,False,2095,1987-12-15
trade,GSW,MIL,player,Andrew Lang,,,,False,2096,1987-12-29
trade,GSW,MIL,pick,1988 2nd round draft pick,,,,False,2097,1987-12-29
trade,New Jersey Nets,PHI,player,Ben Coleman,,,,False,2098,1988-01-16
trade,New Jersey Nets,PHI,player,Mike Gminski,,,,False,2099,1988-01-16
trade,New Jersey Nets,PHI,player,Roy Hinson,,,,False,2100,1988-01-16
trade,New Jersey Nets,PHI,player,Tim McCormick,,,,False,2101,1988-01-16
trade,New Jersey Nets,PHI,player,Stanley Brundy,,,,False,2102,1988-01-16
trade,New Jersey Nets,PHI,pick,1989 2nd round draft pick,,,,False,2103,1988-01-16
trade,BOS,POR,player,Jerry Sichting,,,,False,2104,1988-02-23
trade,BOS,POR,player,Jim Paxson,,,,False,2105,1988-02-23
trade,DET,PHO,player,Ron Moore,,,,False,2106,1988-02-24
trade,DET,PHO,player,Richard Dumas,,,,False,2107,1988-02-24
trade,DET,PHO,pick,1991 2nd round draft pick,,,,False,2108,1988-02-24
trade,CLE,PHO,player,Tyrone Corbin,,,,False,2109,1988-02-25
trade,CLE,PHO,player,Kevin Johnson,,,,False,2110,1988-02-25
trade,CLE,PHO,player,Mark West,,,,False,2111,1988-02-25
trade,CLE,PHO,player,Dan Majerle,,,,False,2112,1988-02-25
trade,CLE,PHO,player,Dean Garrett,,,,False,2113,1988-02-25
trade,CLE,PHO,player,Greg Grant,,,,False,2114,1988-02-25
trade,CLE,PHO,pick,1988 1st round draft pick,,,,False,2115,1988-02-25
trade,CLE,PHO,pick,1988 2nd round draft pick,,,,False,2116,1988-02-25
trade,CLE,PHO,pick,1989 2nd round draft pick,,,,False,2117,1988-02-25
trade,CLE,PHO,pick,1988 1st round draft pick,,,,False,2118,1988-02-25
trade,MIL,PHO,player,Craig Hodges,,,,False,2119,1988-02-25
trade,MIL,PHO,player,Andrew Lang,,,,False,2120,1988-02-25
trade,MIL,PHO,pick,1988 2nd round draft pick,,,,False,2121,1988-02-25
trade,CHI,Seattle SuperSonics,player,Sedale Threatt,,,,False,2122,1988-02-25
trade,CHI,Seattle SuperSonics,player,Sam Vincent,,,,False,2123,1988-02-25
trade,GSW,Washington Bullets,player,Dave Feitl,,,,False,2124,1988-06-08
trade,GSW,Washington Bullets,player,Doug Roth,,,,False,2125,1988-06-08
trade,GSW,Washington Bullets,pick,1989 2nd round draft pick,,,,False,2126,1988-06-08
trade,CHI,NYK,player,Charles Oakley,,,,False,2127,1988-06-27
trade,CHI,NYK,player,Rod Strickland,,,,False,2128,1988-06-27
trade,CHI,NYK,player,Phil Stinnie,,,,False,2129,1988-06-27
trade,CHI,NYK,pick,1988 1st round draft pick,,,,False,2130,1988-06-27
trade,CHI,NYK,pick,1988 3rd round draft pick,,,,False,2131,1988-06-27
trade,CHI,NYK,pick,1988 1st round draft pick,,,,False,2132,1988-06-27
trade,CHI,NYK,pick,1988 3rd round draft pick,,,,False,2133,1988-06-27
trade,ATL,SAC,player,Randy Wittman,,,,False,2134,1988-06-27
trade,ATL,SAC,player,Ricky Berry,,,,False,2135,1988-06-27
trade,ATL,SAC,pick,1988 1st round draft pick,,,,False,2136,1988-06-27
trade,ATL,SAC,pick,1988 3rd round draft pick,,,,False,2137,1988-06-27
trade,LAC,Seattle SuperSonics,player,Michael Cage,,,,False,2138,1988-06-28
trade,LAC,Seattle SuperSonics,player,Gary Grant,,,,False,2139,1988-06-28
trade,LAC,Seattle SuperSonics,player,Kenny Payne,,,,False,2140,1988-06-28
trade,LAC,Seattle SuperSonics,pick,1989 1st round draft pick,,,,False,2141,1988-06-28
trade,LAC,PHI,player,Hersey Hawkins,,,,False,2142,1988-06-28
trade,LAC,PHI,player,Kenny Payne,,,,False,2143,1988-06-28
trade,LAC,PHI,pick,1989 1st round draft pick,,,,False,2144,1988-06-28
trade,DEN,SAS,player,Vernon Maxwell,,,,False,2145,1988-06-28
trade,DEN,SAS,player,Reggie Turner,,,,False,2146,1988-06-28
trade,DEN,SAS,pick,1989 2nd round draft pick,,,,False,2147,1988-06-28
trade,CHO,HOU,player,Bernard Thompson,,,,False,2148,1988-07-18
trade,CHO,HOU,player,Robert Reid,,,,False,2149,1988-07-18
trade,CHO,HOU,player,Steve Scheffler,,,,False,2150,1988-07-18
trade,CHO,HOU,pick,1990 2nd round draft pick,,,,False,2151,1988-07-18
trade,PHI,SAS,player,Albert King,,,,False,2152,1988-08-24
trade,PHI,SAS,player,Pete Myers,,,,False,2153,1988-08-24
trade,New Jersey Nets,SAS,player,Dallas Comegys,,,,False,2154,1988-08-29
trade,New Jersey Nets,SAS,player,Walter Berry,,,,False,2155,1988-08-29
trade,IND,PHI,player,Ron Anderson,,,,False,2156,1988-10-04
trade,IND,PHI,player,Everette Stephens,,,,False,2157,1988-10-04
trade,MIL,Seattle SuperSonics,player,Jerry Reynolds,,,,False,2158,1988-10-04
trade,MIL,Seattle SuperSonics,player,Steve Henson,,,,False,2159,1988-10-04
trade,MIL,Seattle SuperSonics,pick,1990 2nd round draft pick,,,,False,2160,1988-10-04
trade,HOU,Washington Bullets,player,Cedric Maxwell,,,,False,2161,1988-10-06
trade,HOU,Washington Bullets,player,Jim Grandholm,,,,False,2162,1988-10-06
trade,HOU,SAC,player,Rodney McCray,,,,False,2163,1988-10-11
trade,HOU,SAC,player,Jim Petersen,,,,False,2164,1988-10-11
trade,HOU,SAC,player,Otis Thorpe,,,,False,2165,1988-10-11
trade,New Jersey Nets,SAC,player,Randy Brown,,,,False,2166,1988-10-31
trade,New Jersey Nets,SAC,player,Jeff McInnis,,,,False,2167,1988-10-31
trade,New Jersey Nets,SAC,pick,1991 2nd round draft pick,,,,False,2168,1988-10-31
trade,New Jersey Nets,SAC,pick,1996 2nd round draft pick,,,,False,2169,1988-10-31
trade,HOU,New Jersey Nets,player,Joe Barry Carroll,,,,False,2170,1988-11-02
trade,HOU,New Jersey Nets,player,Lester Conner,,,,False,2171,1988-11-02
trade,HOU,New Jersey Nets,player,Tony Brown,,,,False,2172,1988-11-02
trade,HOU,New Jersey Nets,player,Frank Johnson,,,,False,2173,1988-11-02
trade,HOU,New Jersey Nets,player,Tim McCormick,,,,False,2174,1988-11-02
trade,HOU,New Jersey Nets,player,Lorenzo Romar,,,,False,2175,1988-11-02
trade,LAL,SAS,player,Mike Smrek,,,,False,2176,1988-11-02
trade,LAL,SAS,player,Tony Smith,,,,False,2177,1988-11-02
trade,LAL,SAS,pick,1990 2nd round draft pick,,,,False,2178,1988-11-02
trade,GSW,SAS,player,Jerome Whitehead,,,,False,2179,1988-11-22
trade,GSW,SAS,player,Shelton Jones,,,,False,2180,1988-11-22
trade,CHI,PHO,player,Ed Nealy,,,,False,2181,1988-12-14
trade,CHI,PHO,player,Ricky Blanton,,,,False,2182,1988-12-14
trade,CHI,PHO,pick,1989 2nd round draft pick,,,,False,2183,1988-12-14
trade,DET,IND,player,Melvin Levett,,,,False,2184,1989-01-05
trade,DET,IND,pick,1999 2nd round draft pick,,,,False,2185,1989-01-05
trade,DEN,SAS,player,Calvin Natt,,,,False,2186,1989-01-26
trade,DEN,SAS,player,Jay Vincent,,,,False,2187,1989-01-26
trade,DEN,SAS,player,Darwin Cook,,,,False,2188,1989-01-26
trade,DEN,SAS,player,Dave Greenwood,,,,False,2189,1989-01-26
trade,DAL,DET,player,Mark Aguirre,,,,False,2190,1989-02-15
trade,DAL,DET,player,Adrian Dantley,,,,False,2191,1989-02-15
trade,DAL,DET,player,LaBradford Smith,,,,False,2192,1989-02-15
trade,DAL,DET,pick,1991 1st round draft pick,,,,False,2193,1989-02-15
trade,IND,SAC,player,Wayman Tisdale,,,,False,2194,1989-02-20
trade,IND,SAC,player,Bimbo Coles,,,,False,2195,1989-02-20
trade,IND,SAC,pick,1990 2nd round draft pick,,,,False,2196,1989-02-20
trade,DAL,IND,player,Detlef Schrempf,,,,False,2197,1989-02-21
trade,DAL,IND,player,Antonio Davis,,,,False,2198,1989-02-21
trade,DAL,IND,pick,1990 2nd round draft pick,,,,False,2199,1989-02-21
trade,BOS,SAC,player,Danny Ainge,,,,False,2200,1989-02-23
trade,BOS,SAC,player,Brad Lohaus,,,,False,2201,1989-02-23
trade,BOS,SAC,player,Joe Kleine,,,,False,2202,1989-02-23
trade,BOS,SAC,player,Ed Pinckney,,,,False,2203,1989-02-23
trade,NYK,POR,player,Byron Irvin,,,,False,2204,1989-02-23
trade,NYK,POR,pick,1989 1st round draft pick,,,,False,2205,1989-02-23
trade,MIL,SAS,player,Terry Cummings,,,,False,2206,1989-05-28
trade,MIL,SAS,player,Tony Massenburg,,,,False,2207,1989-05-28
trade,MIL,SAS,pick,1990 2nd round draft pick,,,,False,2208,1989-05-28
trade,MIL,SAS,pick,1989 2nd round draft pick,,,,False,2209,1989-05-28
trade,New Jersey Nets,POR,player,Buck Williams,,,,False,2210,1989-06-24
trade,New Jersey Nets,POR,player,Sam Bowie,,,,False,2211,1989-06-24
trade,New Jersey Nets,POR,player,Mookie Blaylock,,,,False,2212,1989-06-24
trade,New Jersey Nets,POR,pick,1989 1st round draft pick,,,,False,2213,1989-06-24
trade,CHI,Seattle SuperSonics,player,Brad Sellers,,,,False,2214,1989-06-26
trade,CHI,Seattle SuperSonics,player,B.J. Armstrong,,,,False,2215,1989-06-26
trade,CHI,Seattle SuperSonics,pick,1989 1st round draft pick,,,,False,2216,1989-06-26
trade,GSW,Seattle SuperSonics,player,Dana Barros,,,,False,2217,1989-06-27
trade,GSW,Seattle SuperSonics,pick,1989 1st round draft pick,,,,False,2218,1989-06-27
trade,GSW,Seattle SuperSonics,pick,1990 1st round draft pick,,,,False,2219,1989-06-27
trade,CHI,Seattle SuperSonics,player,Mike Peplowski,,,,False,2220,1989-06-27
trade,CHI,Seattle SuperSonics,pick,1993 2nd round draft pick,,,,False,2221,1989-06-27
trade,CHO,IND,player,Dyron Nix,,,,False,2222,1989-06-27
trade,CHO,IND,player,Stuart Gray,,,,False,2223,1989-06-27
trade,DET,PHO,player,Kenny Battle,,,,False,2224,1989-06-27
trade,DET,PHO,player,Micheal Williams,,,,False,2225,1989-06-27
trade,DET,PHO,player,Anthony Cook,,,,False,2226,1989-06-27
trade,GSW,Seattle SuperSonics,player,Gary Payton,,,,False,2227,1989-08-07
trade,GSW,Seattle SuperSonics,pick,1990 1st round draft pick,,,,False,2228,1989-08-07
trade,PHI,SAS,player,Maurice Cheeks,,,,False,2229,1989-08-28
trade,PHI,SAS,player,Chris Welp,,,,False,2230,1989-08-28
trade,PHI,SAS,player,David Wingate,,,,False,2231,1989-08-28
trade,PHI,SAS,player,Johnny Dawkins,,,,False,2232,1989-08-28
trade,PHI,SAS,player,Jay Vincent,,,,False,2233,1989-08-28
trade,CLE,PHO,player,Mark Buford,,,,False,2234,1989-09-05
trade,CLE,PHO,pick,1993 2nd round draft pick,,,,False,2235,1989-09-05
trade,CHO,DEN,player,Tim Kempton,,,,False,2236,1989-09-11
trade,CHO,DEN,player,Kevin Lynch,,,,False,2237,1989-09-11
trade,CHO,DEN,pick,1991 2nd round draft pick,,,,False,2238,1989-09-11
trade,GSW,SAC,player,Ralph Sampson,,,,False,2239,1989-09-27
trade,GSW,SAC,player,Jim Petersen,,,,False,2240,1989-09-27
trade,GSW,MIA,player,Tellis Frank,,,,False,2241,1989-10-02
trade,GSW,MIA,player,Steve Bardo,,,,False,2242,1989-10-02
trade,GSW,MIA,pick,1990 2nd round draft pick,,,,False,2243,1989-10-02
trade,BOS,New Jersey Nets,player,Å½an Tabak,,,,False,2244,1989-10-05
trade,BOS,New Jersey Nets,player,Richard PetruÅ¡ka,,,,False,2245,1989-10-05
trade,BOS,New Jersey Nets,pick,1991 2nd round draft pick,,,,False,2246,1989-10-05
trade,BOS,New Jersey Nets,pick,1993 2nd round draft pick,,,,False,2247,1989-10-05
trade,CHI,PHO,player,Ed Nealy,,,,False,2248,1989-10-05
trade,CHI,PHO,pick,1996 2nd round draft pick,,,,False,2249,1989-10-05
trade,CHO,POR,player,Robert Reid,,,,False,2250,1989-10-17
trade,CHO,POR,player,Richard Anderson,,,,False,2251,1989-10-17
trade,DAL,MIL,player,Pat Durham,,,,False,2252,1989-10-26
trade,DAL,MIL,player,Eric Riley,,,,False,2253,1989-10-26
trade,DAL,MIL,pick,1993 2nd round draft pick,,,,False,2254,1989-10-26
trade,MIN,PHI,player,Rick Mahorn,,,,False,2255,1989-10-27
trade,MIN,PHI,player,Gerald Glass,,,,False,2256,1989-10-27
trade,MIN,PHI,player,Alvaro Teheran,,,,False,2257,1989-10-27
trade,MIN,PHI,player,Duane Cooper,,,,False,2258,1989-10-27
trade,MIN,PHI,pick,1990 1st round draft pick,,,,False,2259,1989-10-27
trade,MIN,PHI,pick,1991 2nd round draft pick,,,,False,2260,1989-10-27
trade,MIN,PHI,pick,1992 2nd round draft pick,,,,False,2261,1989-10-27
trade,CLE,LAC,player,Ron Harper,,,,False,2262,1989-11-16
trade,CLE,LAC,player,Loy Vaught,,,,False,2263,1989-11-16
trade,CLE,LAC,player,Joe Wylie,,,,False,2264,1989-11-16
trade,CLE,LAC,player,Elmore Spencer,,,,False,2265,1989-11-16
trade,CLE,LAC,pick,1990 1st round draft pick,,,,False,2266,1989-11-16
trade,CLE,LAC,pick,1991 2nd round draft pick,,,,False,2267,1989-11-16
trade,CLE,LAC,pick,1992 1st round draft pick,,,,False,2268,1989-11-16
trade,CHO,PHO,player,Kurt Rambis,,,,False,2269,1989-12-13
trade,CHO,PHO,player,Negele Knight,,,,False,2270,1989-12-13
trade,CHO,PHO,player,Chad Gallagher,,,,False,2271,1989-12-13
trade,CHO,PHO,pick,1990 2nd round draft pick,,,,False,2272,1989-12-13
trade,CHO,PHO,pick,1991 2nd round draft pick,,,,False,2273,1989-12-13
trade,MIL,MIN,player,Randy Breuer,,,,False,2274,1990-01-04
trade,MIL,MIN,player,Chris Smith,,,,False,2275,1990-01-04
trade,MIL,MIN,pick,1992 2nd round draft pick,,,,False,2276,1990-01-04
trade,MIL,MIN,pick,1992 2nd round draft pick,,,,False,2277,1990-01-04
trade,ATL,SAC,player,Antoine Carr,,,,False,2278,1990-02-13
trade,ATL,SAC,player,Sedric Toney,,,,False,2279,1990-02-13
trade,ATL,SAC,player,Steve Hood,,,,False,2280,1990-02-13
trade,ATL,SAC,pick,1991 2nd round draft pick,,,,False,2281,1990-02-13
trade,DEN,New Jersey Nets,player,Michael Cutright,,,,False,2282,1990-02-21
trade,DEN,New Jersey Nets,player,Joe Barry Carroll,,,,False,2283,1990-02-21
trade,CLE,New Jersey Nets,player,Chris Dudley,,,,False,2284,1990-02-21
trade,CLE,New Jersey Nets,player,Å½an Tabak,,,,False,2285,1990-02-21
trade,CLE,New Jersey Nets,player,Richard PetruÅ¡ka,,,,False,2286,1990-02-21
trade,CLE,New Jersey Nets,pick,1991 2nd round draft pick,,,,False,2287,1990-02-21
trade,CLE,New Jersey Nets,pick,1993 2nd round draft pick,,,,False,2288,1990-02-21
trade,CLE,HOU,player,Å½an Tabak,,,,False,2289,1990-02-21
trade,CLE,HOU,player,Curtis Blair,,,,False,2290,1990-02-21
trade,CLE,HOU,player,Richard PetruÅ¡ka,,,,False,2291,1990-02-21
trade,CLE,HOU,pick,1991 2nd round draft pick,,,,False,2292,1990-02-21
trade,CLE,HOU,pick,1992 2nd round draft pick,,,,False,2293,1990-02-21
trade,CLE,HOU,pick,1993 2nd round draft pick,,,,False,2294,1990-02-21
trade,NYK,SAS,player,Rod Strickland,,,,False,2295,1990-02-21
trade,NYK,SAS,player,Maurice Cheeks,,,,False,2296,1990-02-21
trade,GSW,SAS,player,Uwe Blab,,,,False,2297,1990-02-22
trade,GSW,SAS,player,Chris Welp,,,,False,2298,1990-02-22
trade,GSW,LAC,player,Winston Garland,,,,False,2299,1990-02-22
trade,GSW,LAC,player,Kevin Pritchard,,,,False,2300,1990-02-22
trade,GSW,LAC,player,Sasha DaniloviÄ,,,,False,2301,1990-02-22
trade,GSW,LAC,pick,1990 2nd round draft pick,,,,False,2302,1990-02-22
trade,GSW,LAC,pick,1992 2nd round draft pick,,,,False,2303,1990-02-22
trade,CHO,NYK,player,Stuart Gray,,,,False,2304,1990-02-22
trade,CHO,NYK,player,Jimmy Oliver,,,,False,2305,1990-02-22
trade,CHO,NYK,pick,1991 2nd round draft pick,,,,False,2306,1990-02-22
trade,MIN,Seattle SuperSonics,player,Steve Johnson,,,,False,2307,1990-02-22
trade,MIN,Seattle SuperSonics,player,Brad Sellers,,,,False,2308,1990-02-22
trade,CHO,CLE,player,Jimmy Oliver,,,,False,2309,1990-02-22
trade,CHO,CLE,pick,1991 2nd round draft pick,,,,False,2310,1990-02-22
trade,DAL,DEN,player,Willie Burton,,,,False,2311,1990-06-21
trade,DAL,DEN,player,LaBradford Smith,,,,False,2312,1990-06-21
trade,DAL,DEN,pick,1990 1st round draft pick,,,,False,2313,1990-06-21
trade,DAL,DEN,pick,1991 1st round draft pick,,,,False,2314,1990-06-21
trade,DEN,MIA,player,Willie Burton,,,,False,2315,1990-06-22
trade,DEN,MIA,player,Dave Jamerson,,,,False,2316,1990-06-22
trade,DEN,MIA,pick,1990 1st round draft pick,,,,False,2317,1990-06-22
trade,DEN,MIA,pick,1990 1st round draft pick,,,,False,2318,1990-06-22
trade,DEN,MIA,pick,1990 1st round draft pick,,,,False,2319,1990-06-22
trade,MIN,PHI,player,Brian Oliver,,,,False,2320,1990-06-25
trade,MIN,PHI,pick,1990 2nd round draft pick,,,,False,2321,1990-06-25
trade,SAC,Washington Bullets,player,Pervis Ellison,,,,False,2322,1990-06-25
trade,UTA,SAC,player,Bob Hansen,,,,False,2323,1990-06-25
trade,UTA,SAC,player,Eric Leckner,,,,False,2324,1990-06-25
trade,UTA,SAC,player,Anthony Bonner,,,,False,2325,1990-06-25
trade,UTA,SAC,player,Phil Henderson,,,,False,2326,1990-06-25
trade,UTA,SAC,player,Walter Palmer,,,,False,2327,1990-06-25
trade,UTA,SAC,pick,1990 1st round draft pick,,,,False,2328,1990-06-25
trade,UTA,SAC,pick,1990 2nd round draft pick,,,,False,2329,1990-06-25
trade,UTA,SAC,pick,1990 2nd round draft pick,,,,False,2330,1990-06-25
trade,Washington Bullets,SAC,player,Mike Iuzzolino,,,,False,2331,1990-06-25
trade,Washington Bullets,SAC,pick,1991 2nd round draft pick,,,,False,2332,1990-06-25
trade,Washington Bullets,UTA,player,Jeff Malone,,,,False,2333,1990-06-25
trade,New Jersey Nets,ORL,player,Adonis Jordan,,,,False,2334,1990-06-25
trade,New Jersey Nets,ORL,player,Rashard Griffith,,,,False,2335,1990-06-25
trade,New Jersey Nets,ORL,pick,1993 2nd round draft pick,,,,False,2336,1990-06-25
trade,New Jersey Nets,ORL,pick,1995 2nd round draft pick,,,,False,2337,1990-06-25
trade,CHI,New Jersey Nets,player,Tate George,,,,False,2338,1990-06-26
trade,CHI,New Jersey Nets,player,Von McDade,,,,False,2339,1990-06-26
trade,CHI,New Jersey Nets,player,P.J. Brown,,,,False,2340,1990-06-26
trade,CHI,New Jersey Nets,pick,1990 1st round draft pick,,,,False,2341,1990-06-26
trade,CHI,New Jersey Nets,pick,1991 2nd round draft pick,,,,False,2342,1990-06-26
trade,CHI,New Jersey Nets,pick,1992 2nd round draft pick,,,,False,2343,1990-06-26
trade,DAL,SAC,player,Bill Wennington,,,,False,2344,1990-06-26
trade,DAL,SAC,player,Duane Causwell,,,,False,2345,1990-06-26
trade,DAL,SAC,player,Travis Mays,,,,False,2346,1990-06-26
trade,DAL,SAC,pick,1990 1st round draft pick,,,,False,2347,1990-06-26
trade,DAL,SAC,pick,1990 1st round draft pick,,,,False,2348,1990-06-26
trade,DAL,SAC,pick,1990 2nd round draft pick,,,,False,2349,1990-06-26
trade,DAL,SAC,pick,1991 2nd round draft pick,,,,False,2350,1990-06-26
trade,ATL,GSW,player,Tyrone Hill,,,,False,2351,1990-06-27
trade,ATL,GSW,player,Les Jepsen,,,,False,2352,1990-06-27
trade,ATL,GSW,pick,1990 1st round draft pick,,,,False,2353,1990-06-27
trade,ATL,GSW,pick,1990 2nd round draft pick,,,,False,2354,1990-06-27
trade,ATL,GSW,pick,1990 1st round draft pick,,,,False,2355,1990-06-27
trade,ATL,GSW,pick,1990 2nd round draft pick,,,,False,2356,1990-06-27
trade,ATL,GSW,pick,1990 2nd round draft pick,,,,False,2357,1990-06-27
trade,ORL,Seattle SuperSonics,player,Adonis Jordan,,,,False,2358,1990-06-27
trade,ORL,Seattle SuperSonics,player,Michael McDonald,,,,False,2359,1990-06-27
trade,ORL,Seattle SuperSonics,pick,1993 2nd round draft pick,,,,False,2360,1990-06-27
trade,ORL,Seattle SuperSonics,pick,1995 2nd round draft pick,,,,False,2361,1990-06-27
trade,MIA,SAC,player,Rory Sparrow,,,,False,2362,1990-06-27
trade,MIA,SAC,player,Bimbo Coles,,,,False,2363,1990-06-27
trade,CLE,PHO,player,Stefano Rusconi,,,,False,2364,1990-06-27
trade,CLE,PHO,player,MiloÅ¡ BabiÄ,,,,False,2365,1990-06-27
trade,Seattle SuperSonics,New Jersey Nets,player,Jud Buechler,,,,False,2366,1990-06-27
trade,HOU,MIA,player,Alec Kessler,,,,False,2367,1990-06-27
trade,HOU,MIA,player,Carl Herrera,,,,False,2368,1990-06-27
trade,HOU,MIA,player,Dave Jamerson,,,,False,2369,1990-06-27
trade,POR,SAC,player,Byron Irvin,,,,False,2370,1990-08-01
trade,POR,SAC,player,Pete Chilcutt,,,,False,2371,1990-08-01
trade,POR,SAC,player,Brett Roberts,,,,False,2372,1990-08-01
trade,POR,SAC,pick,1991 1st round draft pick,,,,False,2373,1990-08-01
trade,POR,SAC,pick,1992 2nd round draft pick,,,,False,2374,1990-08-01
trade,GSW,PHI,player,Manute Bol,,,,False,2375,1990-08-01
trade,GSW,PHI,player,Chris Gatling,,,,False,2376,1990-08-01
trade,GSW,PHI,pick,1991 1st round draft pick,,,,False,2377,1990-08-01
trade,MIL,SAS,player,Paul Pressey,,,,False,2378,1990-08-01
trade,MIL,SAS,player,Frank Brickowski,,,,False,2379,1990-08-01
trade,DEN,MIL,player,Danny Schayes,,,,False,2380,1990-08-01
trade,DEN,MIL,player,Terry Mills,,,,False,2381,1990-08-01
trade,DEN,LAL,player,Orlando Woolridge,,,,False,2382,1990-08-03
trade,DEN,LAL,pick,1993 2nd round draft pick,,,,False,2383,1990-08-03
trade,DEN,LAL,pick,1995 2nd round draft pick,,,,False,2384,1990-08-03
trade,LAL,SAS,player,Mark McNamara,,,,False,2385,1990-09-25
trade,LAL,SAS,pick,1994 2nd round draft pick,,,,False,2386,1990-09-25
trade,GSW,LAL,player,Terry Teagle,,,,False,2387,1990-09-25
trade,GSW,LAL,player,Shaun Vandiver,,,,False,2388,1990-09-25
trade,GSW,LAL,pick,1991 1st round draft pick,,,,False,2389,1990-09-25
trade,ATL,HOU,player,Roy Marble,,,,False,2390,1990-09-27
trade,ATL,HOU,player,Kenny Smith,,,,False,2391,1990-09-27
trade,ATL,HOU,player,John Lucas,,,,False,2392,1990-09-27
trade,ATL,HOU,player,Tim McCormick,,,,False,2393,1990-09-27
trade,ATL,HOU,player,Charlie Ward,,,,False,2394,1990-09-27
trade,ATL,HOU,pick,1994 1st round draft pick,,,,False,2395,1990-09-27
trade,DEN,DET,player,Anthony Cook,,,,False,2396,1990-09-28
trade,DEN,DET,pick,1992 2nd round draft pick,,,,False,2397,1990-09-28
trade,PHO,Washington Bullets,player,Mike Morrison,,,,False,2398,1990-09-28
trade,PHO,Washington Bullets,pick,1993 2nd round draft pick,,,,False,2399,1990-09-28
trade,CHI,MIA,player,Jeff Sanders,,,,False,2400,1990-10-02
trade,DEN,Seattle SuperSonics,player,Avery Johnson,,,,False,2401,1990-10-24
trade,DEN,Seattle SuperSonics,pick,1997 2nd round draft pick,,,,False,2402,1990-10-24
trade,PHI,PHO,player,Sharone Wright,,,,False,2403,1990-10-28
trade,PHI,PHO,pick,1994 1st round draft pick,,,,False,2404,1990-10-28
trade,SAC,Washington Bullets,player,Byron Irvin,,,,False,2405,1990-10-30
trade,SAC,Washington Bullets,player,Steve Colter,,,,False,2406,1990-10-30
trade,ORL,SAS,player,Sidney Green,,,,False,2407,1990-10-30
trade,ORL,SAS,player,Mark McNamara,,,,False,2408,1990-10-30
trade,ORL,SAS,player,Stanley Roberts,,,,False,2409,1990-10-30
trade,ORL,SAS,pick,1991 1st round draft pick,,,,False,2410,1990-10-30
trade,MIN,PHI,player,Alvaro Teheran,,,,False,2411,1990-11-10
trade,MIN,PHI,pick,1991 2nd round draft pick,,,,False,2412,1990-11-10
trade,PHO,Seattle SuperSonics,player,Eddie Johnson,,,,False,2413,1990-12-07
trade,PHO,Seattle SuperSonics,player,LeRon Ellis,,,,False,2414,1990-12-07
trade,PHO,Seattle SuperSonics,player,Sharone Wright,,,,False,2415,1990-12-07
trade,PHO,Seattle SuperSonics,pick,1991 1st round draft pick,,,,False,2416,1990-12-07
trade,PHO,Seattle SuperSonics,pick,1994 1st round draft pick,,,,False,2417,1990-12-07
trade,CHO,PHI,player,Armen Gilliam,,,,False,2418,1991-01-04
trade,CHO,PHI,player,Dave Hoppen,,,,False,2419,1991-01-04
trade,CHO,PHI,player,Mike Gminski,,,,False,2420,1991-01-04
trade,MIL,New Jersey Nets,player,Greg Anderson,,,,False,2421,1991-01-16
trade,MIL,New Jersey Nets,player,Lester Conner,,,,False,2422,1991-01-16
trade,DEN,New Jersey Nets,player,Terry Mills,,,,False,2423,1991-01-23
trade,DEN,POR,player,Walter Davis,,,,False,2424,1991-01-23
trade,DEN,POR,player,Reggie Smith,,,,False,2425,1991-01-23
trade,DEN,POR,pick,1992 2nd round draft pick,,,,False,2426,1991-01-23
trade,New Jersey Nets,DEN,player,Greg Anderson,,,,False,2427,1991-01-23
trade,New Jersey Nets,DEN,player,Bryant Stith,,,,False,2428,1991-01-23
trade,New Jersey Nets,DEN,pick,1992 1st round draft pick,,,,False,2429,1991-01-23
trade,POR,New Jersey Nets,player,DraÅ¾en PetroviÄ,,,,False,2430,1991-01-23
trade,POR,New Jersey Nets,player,Kevin Thompson,,,,False,2431,1991-01-23
trade,POR,New Jersey Nets,pick,1993 2nd round draft pick,,,,False,2432,1991-01-23
trade,CHO,SAC,player,Alex Holcombe,,,,False,2433,1991-01-29
trade,CHO,SAC,player,Dejan Bodiroga,,,,False,2434,1991-01-29
trade,CHO,SAC,pick,1993 2nd round draft pick,,,,False,2435,1991-01-29
trade,CHO,SAC,pick,1995 2nd round draft pick,,,,False,2436,1991-01-29
trade,MIL,Seattle SuperSonics,player,Ricky Pierce,,,,False,2437,1991-02-15
trade,MIL,Seattle SuperSonics,player,Dale Ellis,,,,False,2438,1991-02-15
trade,LAC,Seattle SuperSonics,player,Benoit Benjamin,,,,False,2439,1991-02-20
trade,LAC,Seattle SuperSonics,player,Olden Polynice,,,,False,2440,1991-02-20
trade,LAC,Seattle SuperSonics,player,LeRon Ellis,,,,False,2441,1991-02-20
trade,LAC,Seattle SuperSonics,player,Brooks Thompson,,,,False,2442,1991-02-20
trade,LAC,Seattle SuperSonics,pick,1991 1st round draft pick,,,,False,2443,1991-02-20
trade,LAC,Seattle SuperSonics,pick,1994 1st round draft pick,,,,False,2444,1991-02-20
trade,DEN,Washington Bullets,player,Michael Adams,,,,False,2445,1991-06-11
trade,DEN,Washington Bullets,player,LaBradford Smith,,,,False,2446,1991-06-11
trade,DEN,Washington Bullets,player,John Best,,,,False,2447,1991-06-11
trade,DEN,Washington Bullets,pick,1991 1st round draft pick,,,,False,2448,1991-06-11
trade,DEN,Washington Bullets,pick,1993 2nd round draft pick,,,,False,2449,1991-06-11
trade,DEN,Washington Bullets,pick,1991 1st round draft pick,,,,False,2450,1991-06-11
trade,ATL,LAC,player,Doc Rivers,,,,False,2451,1991-06-26
trade,ATL,LAC,player,Stacey Augmon,,,,False,2452,1991-06-26
trade,ATL,LAC,player,Rich Manning,,,,False,2453,1991-06-26
trade,ATL,LAC,player,Gaylon Nickerson,,,,False,2454,1991-06-26
trade,ATL,LAC,pick,1991 1st round draft pick,,,,False,2455,1991-06-26
trade,ATL,LAC,pick,1993 2nd round draft pick,,,,False,2456,1991-06-26
trade,ATL,LAC,pick,1994 2nd round draft pick,,,,False,2457,1991-06-26
trade,GSW,POR,player,Lamont Strothers,,,,False,2458,1991-06-26
trade,GSW,POR,player,Tyus Edney,,,,False,2459,1991-06-26
trade,GSW,POR,player,Tim Young,,,,False,2460,1991-06-26
trade,GSW,POR,pick,1995 2nd round draft pick,,,,False,2461,1991-06-26
trade,GSW,POR,pick,1999 2nd round draft pick,,,,False,2462,1991-06-26
trade,CLE,HOU,player,Terrell Bell,,,,False,2463,1991-06-26
trade,CLE,HOU,pick,1996 2nd round draft pick,,,,False,2464,1991-06-26
trade,DEN,LAC,player,Russ Millard,,,,False,2465,1991-06-26
trade,DEN,LAC,pick,1996 2nd round draft pick,,,,False,2466,1991-06-26
trade,ATL,SAC,player,Spud Webb,,,,False,2467,1991-07-01
trade,ATL,SAC,player,Lawrence Funderburke,,,,False,2468,1991-07-01
trade,ATL,SAC,pick,1994 2nd round draft pick,,,,False,2469,1991-07-01
trade,ATL,DEN,player,Josh Grant,,,,False,2470,1991-07-01
trade,ATL,DEN,pick,1993 2nd round draft pick,,,,False,2471,1991-07-01
trade,ATL,MIL,player,Anthony Avent,,,,False,2472,1991-07-01
trade,DEN,ATL,player,Blair Rasmussen,,,,False,2473,1991-07-01
trade,MIL,DEN,player,Kevin Brooks,,,,False,2474,1991-07-01
trade,MIL,DEN,player,Rodney Dent,,,,False,2475,1991-07-01
trade,MIL,DEN,pick,1994 2nd round draft pick,,,,False,2476,1991-07-01
trade,LAC,NYK,player,Joe Wylie,,,,False,2477,1991-07-03
trade,LAC,NYK,player,Leonard White,,,,False,2478,1991-07-03
trade,LAC,NYK,pick,1993 2nd round draft pick,,,,False,2479,1991-07-03
trade,DEN,DET,player,Orlando Woolridge,,,,False,2480,1991-08-13
trade,DEN,DET,player,Scott Hastings,,,,False,2481,1991-08-13
trade,DEN,DET,player,Robert Werdann,,,,False,2482,1991-08-13
trade,DEN,DET,pick,1992 2nd round draft pick,,,,False,2483,1991-08-13
trade,DET,LAC,player,James Edwards,,,,False,2484,1991-08-13
trade,DET,LAC,player,Jeff Martin,,,,False,2485,1991-08-13
trade,DET,LAC,player,Lou Roe,,,,False,2486,1991-08-13
trade,DET,LAC,pick,1995 2nd round draft pick,,,,False,2487,1991-08-13
trade,DET,Washington Bullets,player,Conrad McRae,,,,False,2488,1991-09-05
trade,DET,Washington Bullets,player,Frankie King,,,,False,2489,1991-09-05
trade,DET,Washington Bullets,pick,1993 2nd round draft pick,,,,False,2490,1991-09-05
trade,DET,Washington Bullets,pick,1995 2nd round draft pick,,,,False,2491,1991-09-05
trade,SAC,SAS,player,Antoine Carr,,,,False,2492,1991-09-23
trade,SAC,SAS,player,Dwayne Schintzius,,,,False,2493,1991-09-23
trade,SAC,SAS,player,Jevon Crudup,,,,False,2494,1991-09-23
trade,SAC,SAS,pick,1994 2nd round draft pick,,,,False,2495,1991-09-23
trade,NYK,PHO,player,Jerrod Mustaf,,,,False,2496,1991-10-01
trade,NYK,PHO,player,Trent Tucker,,,,False,2497,1991-10-01
trade,NYK,PHO,player,Brian Davis,,,,False,2498,1991-10-01
trade,NYK,PHO,player,Anthony Goldwire,,,,False,2499,1991-10-01
trade,NYK,PHO,pick,1992 2nd round draft pick,,,,False,2500,1991-10-01
trade,NYK,PHO,pick,1994 2nd round draft pick,,,,False,2501,1991-10-01
trade,LAL,Seattle SuperSonics,player,Dontonio Wingfield,,,,False,2502,1991-10-02
trade,LAL,Seattle SuperSonics,player,Martin Lewis,,,,False,2503,1991-10-02
trade,LAL,Seattle SuperSonics,player,Jeff Nordgaard,,,,False,2504,1991-10-02
trade,LAL,Seattle SuperSonics,pick,1994 2nd round draft pick,,,,False,2505,1991-10-02
trade,LAL,Seattle SuperSonics,pick,1995 2nd round draft pick,,,,False,2506,1991-10-02
trade,LAL,Seattle SuperSonics,pick,1996 2nd round draft pick,,,,False,2507,1991-10-02
trade,ATL,NYK,player,Tim McCormick,,,,False,2508,1991-10-03
trade,ATL,NYK,player,Charlie Ward,,,,False,2509,1991-10-03
trade,ATL,NYK,pick,1994 1st round draft pick,,,,False,2510,1991-10-03
trade,GSW,SAC,player,Les Jepsen,,,,False,2511,1991-11-01
trade,GSW,SAC,player,Mitch Richmond,,,,False,2512,1991-11-01
trade,GSW,SAC,player,Tyus Edney,,,,False,2513,1991-11-01
trade,GSW,SAC,pick,1995 2nd round draft pick,,,,False,2514,1991-11-01
trade,CHI,SAC,player,Dennis Hopson,,,,False,2515,1991-11-04
trade,CHI,SAC,player,Bob Hansen,,,,False,2516,1991-11-04
trade,CHI,SAC,player,Corey Williams,,,,False,2517,1991-11-04
trade,CHI,SAC,pick,1992 2nd round draft pick,,,,False,2518,1991-11-04
trade,MIN,UTA,player,Tyrone Corbin,,,,False,2519,1991-11-25
trade,MIN,UTA,player,Thurl Bailey,,,,False,2520,1991-11-25
trade,MIN,UTA,player,Tim Burroughs,,,,False,2521,1991-11-25
trade,MIN,UTA,pick,1992 2nd round draft pick,,,,False,2522,1991-11-25
trade,BOS,MIA,player,Brian Shaw,,,,False,2523,1992-01-10
trade,BOS,MIA,player,Sherman Douglas,,,,False,2524,1992-01-10
trade,CHO,Washington Bullets,player,Rex Chapman,,,,False,2525,1992-02-19
trade,CHO,Washington Bullets,player,Tom Hammonds,,,,False,2526,1992-02-19
trade,DAL,NYK,player,James Donaldson,,,,False,2527,1992-02-20
trade,DAL,NYK,player,Brian Quinnett,,,,False,2528,1992-02-20
trade,LAL,MIL,player,Duane Cooper,,,,False,2529,1992-05-11
trade,LAL,MIL,player,Dwayne Whitfield,,,,False,2530,1992-05-11
trade,LAL,MIL,pick,1992 2nd round draft pick,,,,False,2531,1992-05-11
trade,LAL,MIL,pick,1995 2nd round draft pick,,,,False,2532,1992-05-11
trade,PHI,PHO,player,Charles Barkley,,,,False,2533,1992-06-17
trade,PHI,PHO,player,Jeff Hornacek,,,,False,2534,1992-06-17
trade,PHI,PHO,player,Andrew Lang,,,,False,2535,1992-06-17
trade,PHI,PHO,player,Tim Perry,,,,False,2536,1992-06-17
trade,MIL,UTA,player,Jay Humphries,,,,False,2537,1992-06-24
trade,MIL,UTA,player,Larry Krystkowiak,,,,False,2538,1992-06-24
trade,MIL,UTA,player,Blue Edwards,,,,False,2539,1992-06-24
trade,MIL,UTA,player,Eric Murdock,,,,False,2540,1992-06-24
trade,MIL,UTA,player,Lee Mayberry,,,,False,2541,1992-06-24
trade,MIL,UTA,pick,1992 1st round draft pick,,,,False,2542,1992-06-24
trade,DET,LAC,player,William Bedford,,,,False,2543,1992-06-24
trade,DET,LAC,player,Don MacLean,,,,False,2544,1992-06-24
trade,DET,LAC,player,Olden Polynice,,,,False,2545,1992-06-24
trade,DET,LAC,player,Russ Millard,,,,False,2546,1992-06-24
trade,DET,LAC,player,Eddie Elisma,,,,False,2547,1992-06-24
trade,DET,LAC,pick,1996 2nd round draft pick,,,,False,2548,1992-06-24
trade,DET,LAC,pick,1997 2nd round draft pick,,,,False,2549,1992-06-24
trade,DAL,NYK,player,Rolando Blackman,,,,False,2550,1992-06-24
trade,DAL,NYK,player,Loren Meyer,,,,False,2551,1992-06-24
trade,DAL,NYK,pick,1995 1st round draft pick,,,,False,2552,1992-06-24
trade,MIL,POR,player,Tracy Murray,,,,False,2553,1992-07-01
trade,MIL,POR,player,Alaa Abdelnaby,,,,False,2554,1992-07-01
trade,MIL,SAS,player,Dale Ellis,,,,False,2555,1992-07-01
trade,MIL,SAS,player,Tracy Murray,,,,False,2556,1992-07-01
trade,CHI,ORL,player,Litterial Green,,,,False,2557,1992-07-07
trade,CHI,ORL,player,Anthony Reed,,,,False,2558,1992-07-07
trade,CHI,ORL,pick,1993 2nd round draft pick,,,,False,2559,1992-07-07
trade,MIL,ORL,player,Lester Conner,,,,False,2560,1992-08-04
trade,MIL,ORL,player,Sam Vincent,,,,False,2561,1992-08-04
trade,MIL,ORL,player,Voshon Lenard,,,,False,2562,1992-08-04
trade,MIL,ORL,pick,1994 2nd round draft pick,,,,False,2563,1992-08-04
trade,IND,MIN,player,Chuck Person,,,,False,2564,1992-09-08
trade,IND,MIN,player,Micheal Williams,,,,False,2565,1992-09-08
trade,IND,MIN,player,Sam Mitchell,,,,False,2566,1992-09-08
trade,IND,MIN,player,Pooh Richardson,,,,False,2567,1992-09-08
trade,DET,MIA,player,John Salley,,,,False,2568,1992-09-08
trade,DET,MIA,player,Isaiah Morris,,,,False,2569,1992-09-08
trade,DET,MIA,player,Lindsey Hunter,,,,False,2570,1992-09-08
trade,DET,MIA,pick,1993 1st round draft pick,,,,False,2571,1992-09-08
trade,MIN,NYK,player,Tony Campbell,,,,False,2572,1992-09-13
trade,MIN,NYK,player,Amal McCaskill,,,,False,2573,1992-09-13
trade,MIN,NYK,pick,1996 2nd round draft pick,,,,False,2574,1992-09-13
trade,CHI,DAL,player,Darnell Robinson,,,,False,2575,1992-09-18
trade,CHI,DAL,pick,1996 2nd round draft pick,,,,False,2576,1992-09-18
trade,CHI,GSW,player,Byron Houston,,,,False,2577,1992-09-18
trade,DAL,CHI,player,Rodney McCray,,,,False,2578,1992-09-18
trade,GSW,DAL,player,Tony Dumas,,,,False,2579,1992-09-18
trade,GSW,DAL,pick,1994 1st round draft pick,,,,False,2580,1992-09-18
trade,LAC,NYK,player,Bo Kimble,,,,False,2581,1992-09-22
trade,LAC,NYK,player,Doc Rivers,,,,False,2582,1992-09-22
trade,LAC,NYK,player,Charles Smith,,,,False,2583,1992-09-22
trade,LAC,ORL,player,Brooks Thompson,,,,False,2584,1992-09-22
trade,LAC,ORL,pick,1994 1st round draft pick,,,,False,2585,1992-09-22
trade,NYK,LAC,player,Mark Jackson,,,,False,2586,1992-09-22
trade,NYK,LAC,player,Constantin Popa,,,,False,2587,1992-09-22
trade,NYK,LAC,pick,1995 2nd round draft pick,,,,False,2588,1992-09-22
trade,NYK,ORL,player,Geert Hammink,,,,False,2589,1992-09-22
trade,NYK,ORL,pick,1993 1st round draft pick,,,,False,2590,1992-09-22
trade,ORL,LAC,player,Stanley Roberts,,,,False,2591,1992-09-22
trade,HOU,MIN,player,Jerome Allen,,,,False,2592,1992-09-25
trade,HOU,MIN,pick,1995 2nd round draft pick,,,,False,2593,1992-09-25
trade,HOU,SAS,player,David Wood,,,,False,2594,1992-10-05
trade,HOU,SAS,player,Don Reid,,,,False,2595,1992-10-05
trade,HOU,SAS,pick,1995 2nd round draft pick,,,,False,2596,1992-10-05
trade,LAC,Washington Bullets,player,William Bedford,,,,False,2597,1992-10-08
trade,LAC,Washington Bullets,player,Don MacLean,,,,False,2598,1992-10-08
trade,LAC,Washington Bullets,player,John Williams,,,,False,2599,1992-10-08
trade,New Jersey Nets,PHI,player,William Njoku,,,,False,2600,1992-10-08
trade,New Jersey Nets,PHI,player,Kebu Stewart,,,,False,2601,1992-10-08
trade,New Jersey Nets,PHI,pick,1994 2nd round draft pick,,,,False,2602,1992-10-08
trade,New Jersey Nets,PHI,pick,1997 2nd round draft pick,,,,False,2603,1992-10-08
trade,DEN,POR,player,Kevin Thompson,,,,False,2604,1992-10-23
trade,DEN,POR,pick,1993 2nd round draft pick,,,,False,2605,1992-10-23
trade,ATL,New Jersey Nets,player,Rumeal Robinson,,,,False,2606,1992-11-03
trade,ATL,New Jersey Nets,player,Mookie Blaylock,,,,False,2607,1992-11-03
trade,ATL,New Jersey Nets,player,Roy Hinson,,,,False,2608,1992-11-03
trade,DET,MIN,player,Lance Blanks,,,,False,2609,1992-11-15
trade,DET,MIN,player,Brad Sellers,,,,False,2610,1992-11-15
trade,DET,MIN,pick,2000 2nd round draft pick,,,,False,2611,1992-11-15
trade,SAC,Seattle SuperSonics,player,Vincent Askew,,,,False,2612,1992-11-25
trade,SAC,Seattle SuperSonics,player,Mike Peplowski,,,,False,2613,1992-11-25
trade,SAC,Seattle SuperSonics,pick,1993 2nd round draft pick,,,,False,2614,1992-11-25
trade,CLE,ORL,player,Steve Kerr,,,,False,2615,1992-12-02
trade,CLE,ORL,player,Reggie Geary,,,,False,2616,1992-12-02
trade,CLE,ORL,pick,1996 2nd round draft pick,,,,False,2617,1992-12-02
trade,BOS,MIL,player,Jon Barry,,,,False,2618,1992-12-04
trade,BOS,MIL,player,Eric Snow,,,,False,2619,1992-12-04
trade,BOS,MIL,pick,1995 2nd round draft pick,,,,False,2620,1992-12-04
trade,CHO,SAS,player,J.R. Reid,,,,False,2621,1992-12-09
trade,CHO,SAS,player,Sidney Green,,,,False,2622,1992-12-09
trade,CHO,SAS,player,Scott Burrell,,,,False,2623,1992-12-09
trade,CHO,SAS,player,Ronnie Henderson,,,,False,2624,1992-12-09
trade,CHO,SAS,pick,1993 1st round draft pick,,,,False,2625,1992-12-09
trade,CHO,SAS,pick,1996 2nd round draft pick,,,,False,2626,1992-12-09
trade,LAL,Seattle SuperSonics,player,Sam Perkins,,,,False,2627,1993-02-22
trade,LAL,Seattle SuperSonics,player,Benoit Benjamin,,,,False,2628,1993-02-22
trade,LAL,Seattle SuperSonics,player,Doug Christie,,,,False,2629,1993-02-22
trade,CHI,GSW,player,Ed Nealy,,,,False,2630,1993-02-25
trade,CHI,GSW,pick,2001 2nd round draft pick,,,,False,2631,1993-02-25
trade,DET,MIL,player,Orlando Woolridge,,,,False,2632,1993-02-25
trade,DET,MIL,player,Alvin Robertson,,,,False,2633,1993-02-25
trade,LAL,New Jersey Nets,player,Benoit Benjamin,,,,False,2634,1993-06-21
trade,LAL,New Jersey Nets,player,Sam Bowie,,,,False,2635,1993-06-21
trade,LAL,New Jersey Nets,player,Toby Bailey,,,,False,2636,1993-06-21
trade,LAL,New Jersey Nets,pick,1998 2nd round draft pick,,,,False,2637,1993-06-21
trade,POR,Washington Bullets,player,Kevin Duckworth,,,,False,2638,1993-06-24
trade,POR,Washington Bullets,player,Harvey Grant,,,,False,2639,1993-06-24
trade,MIN,UTA,player,Felton Spencer,,,,False,2640,1993-06-30
trade,MIN,UTA,player,Mike Brown,,,,False,2641,1993-06-30
trade,DAL,HOU,player,Eric Riley,,,,False,2642,1993-06-30
trade,DAL,HOU,player,Popeye Jones,,,,False,2643,1993-06-30
trade,GSW,ORL,player,Anfernee Hardaway,,,,False,2644,1993-06-30
trade,GSW,ORL,player,Todd Fuller,,,,False,2645,1993-06-30
trade,GSW,ORL,player,Vince Carter,,,,False,2646,1993-06-30
trade,GSW,ORL,player,Mike Miller,,,,False,2647,1993-06-30
trade,GSW,ORL,pick,1996 1st round draft pick,,,,False,2648,1993-06-30
trade,GSW,ORL,pick,1998 1st round draft pick,,,,False,2649,1993-06-30
trade,GSW,ORL,pick,2000 1st round draft pick,,,,False,2650,1993-06-30
trade,DEN,GSW,player,Josh Grant,,,,False,2651,1993-06-30
trade,DEN,GSW,player,Anthony Miller,,,,False,2652,1993-06-30
trade,DEN,GSW,pick,1994 2nd round draft pick,,,,False,2653,1993-06-30
trade,CLE,GSW,player,Clifford Rozier,,,,False,2654,1993-07-15
trade,CLE,GSW,pick,1994 1st round draft pick,,,,False,2655,1993-07-15
trade,HOU,POR,player,Don Reid,,,,False,2656,1993-08-02
trade,HOU,POR,pick,1995 2nd round draft pick,,,,False,2657,1993-08-02
trade,DEN,ORL,player,Anthony Cook,,,,False,2658,1993-08-19
trade,DEN,ORL,player,Todd Lichti,,,,False,2659,1993-08-19
trade,DEN,ORL,player,Rodney Dent,,,,False,2660,1993-08-19
trade,DEN,ORL,pick,1994 2nd round draft pick,,,,False,2661,1993-08-19
trade,CHO,Seattle SuperSonics,player,Kendall Gill,,,,False,2662,1993-09-01
trade,CHO,Seattle SuperSonics,player,Carlos Rogers,,,,False,2663,1993-09-01
trade,CHO,Seattle SuperSonics,pick,1994 1st round draft pick,,,,False,2664,1993-09-01
trade,CHO,Seattle SuperSonics,pick,1994 1st round draft pick,,,,False,2665,1993-09-01
trade,CHO,PHI,player,Dana Barros,,,,False,2666,1993-09-03
trade,CHO,PHI,player,Greg Graham,,,,False,2667,1993-09-03
trade,CHO,PHI,player,Sidney Green,,,,False,2668,1993-09-03
trade,CHO,PHI,player,Sharone Wright,,,,False,2669,1993-09-03
trade,CHO,PHI,pick,1994 1st round draft pick,,,,False,2670,1993-09-03
trade,DET,SAS,player,Isaiah Morris,,,,False,2671,1993-10-01
trade,DET,SAS,player,Dennis Rodman,,,,False,2672,1993-10-01
trade,DET,SAS,player,Antonio Lang,,,,False,2673,1993-10-01
trade,DET,SAS,player,John Wallace,,,,False,2674,1993-10-01
trade,DET,SAS,pick,1994 2nd round draft pick,,,,False,2675,1993-10-01
trade,DET,SAS,pick,1996 1st round draft pick,,,,False,2676,1993-10-01
trade,DET,SAS,pick,1996 1st round draft pick,,,,False,2677,1993-10-01
trade,IND,PHI,player,Sean Green,,,,False,2678,1993-10-11
trade,IND,PHI,player,William Njoku,,,,False,2679,1993-10-11
trade,IND,PHI,pick,1994 2nd round draft pick,,,,False,2680,1993-10-11
trade,IND,Seattle SuperSonics,player,Detlef Schrempf,,,,False,2681,1993-11-01
trade,IND,Seattle SuperSonics,player,Derrick McKey,,,,False,2682,1993-11-01
trade,IND,Seattle SuperSonics,player,Gerald Paddio,,,,False,2683,1993-11-01
trade,CHI,MIN,player,Jo Jo English,,,,False,2684,1993-11-04
trade,PHO,SAS,player,Negele Knight,,,,False,2685,1993-11-08
trade,PHO,SAS,player,Antonio Lang,,,,False,2686,1993-11-08
trade,PHO,SAS,pick,1994 2nd round draft pick,,,,False,2687,1993-11-08
trade,DEN,DET,player,Marcus Liberty,,,,False,2688,1993-11-19
trade,DEN,DET,player,Mark Macon,,,,False,2689,1993-11-19
trade,DEN,DET,player,Alvin Robertson,,,,False,2690,1993-11-19
trade,DEN,DET,pick,1995 2nd round draft pick,,,,False,2691,1993-11-19
trade,CHO,New Jersey Nets,player,Johnny Newman,,,,False,2692,1993-12-10
trade,CHO,New Jersey Nets,player,Rumeal Robinson,,,,False,2693,1993-12-10
trade,DAL,NYK,player,Derek Harper,,,,False,2694,1994-01-06
trade,DAL,NYK,player,Tony Campbell,,,,False,2695,1994-01-06
trade,DAL,NYK,player,John Thomas,,,,False,2696,1994-01-06
trade,DAL,NYK,pick,1997 1st round draft pick,,,,False,2697,1994-01-06
trade,MIL,ORL,player,Anthony Avent,,,,False,2698,1994-01-15
trade,MIL,ORL,player,Anthony Cook,,,,False,2699,1994-01-15
trade,MIL,ORL,player,Eric Mobley,,,,False,2700,1994-01-15
trade,MIL,ORL,player,Rashard Griffith,,,,False,2701,1994-01-15
trade,MIL,ORL,pick,1994 1st round draft pick,,,,False,2702,1994-01-15
trade,MIL,ORL,pick,1995 2nd round draft pick,,,,False,2703,1994-01-15
trade,DET,SAC,player,Olden Polynice,,,,False,2704,1994-02-20
trade,DET,SAC,player,Pete Chilcutt,,,,False,2705,1994-02-20
trade,DET,SAC,player,Jevon Crudup,,,,False,2706,1994-02-20
trade,DET,SAC,player,Cal Bowdler,,,,False,2707,1994-02-20
trade,DET,SAC,pick,1994 2nd round draft pick,,,,False,2708,1994-02-20
trade,DET,SAC,pick,1999 1st round draft pick,,,,False,2709,1994-02-20
trade,CHI,MIN,player,Stacey King,,,,False,2710,1994-02-23
trade,CHI,MIN,player,Luc Longley,,,,False,2711,1994-02-23
trade,CHI,MIN,player,Dragan TarlaÄ,,,,False,2712,1994-02-23
trade,CHI,MIN,pick,1995 2nd round draft pick,,,,False,2713,1994-02-23
trade,CHO,MIL,player,Mike Gminski,,,,False,2714,1994-02-24
trade,CHO,MIL,player,Paul Grant,,,,False,2715,1994-02-24
trade,CHO,MIL,pick,1997 1st round draft pick,,,,False,2716,1994-02-24
trade,PHI,UTA,player,Sean Green,,,,False,2717,1994-02-24
trade,PHI,UTA,player,Jeff Hornacek,,,,False,2718,1994-02-24
trade,PHI,UTA,player,Junior Burrough,,,,False,2719,1994-02-24
trade,PHI,UTA,pick,1995 2nd round draft pick,,,,False,2720,1994-02-24
trade,PHI,UTA,pick,1994 1st round draft pick,,,,False,2721,1994-02-24
trade,ATL,LAC,player,Dominique Wilkins,,,,False,2722,1994-02-24
trade,ATL,LAC,player,Greg Minor,,,,False,2723,1994-02-24
trade,ATL,LAC,pick,1994 1st round draft pick,,,,False,2724,1994-02-24
trade,ATL,MIL,player,Roy Hinson,,,,False,2725,1994-06-22
trade,ATL,MIL,player,Ken Norman,,,,False,2726,1994-06-22
trade,MIN,Seattle SuperSonics,player,Joseph Blair,,,,False,2727,1994-06-29
trade,MIN,Seattle SuperSonics,pick,1996 2nd round draft pick,,,,False,2728,1994-06-29
trade,BOS,MIL,player,Andrei Fetisov,,,,False,2729,1994-06-29
trade,BOS,MIL,player,Ed Pinckney,,,,False,2730,1994-06-29
trade,BOS,MIL,player,Blue Edwards,,,,False,2731,1994-06-29
trade,BOS,MIL,player,Derek Strong,,,,False,2732,1994-06-29
trade,IND,LAC,player,Eric Piatkowski,,,,False,2733,1994-06-30
trade,IND,LAC,player,Pooh Richardson,,,,False,2734,1994-06-30
trade,IND,LAC,player,Malik Sealy,,,,False,2735,1994-06-30
trade,IND,LAC,player,Mark Jackson,,,,False,2736,1994-06-30
trade,IND,LAC,player,Greg Minor,,,,False,2737,1994-06-30
trade,GSW,LAL,player,Anthony Miller,,,,False,2738,1994-07-01
trade,GSW,LAL,player,Dwayne Whitfield,,,,False,2739,1994-07-01
trade,GSW,LAL,pick,1995 2nd round draft pick,,,,False,2740,1994-07-01
trade,GSW,Seattle SuperSonics,player,Byron Houston,,,,False,2741,1994-07-18
trade,GSW,Seattle SuperSonics,player,Å arÅ«nas MarÄiulionis,,,,False,2742,1994-07-18
trade,GSW,Seattle SuperSonics,player,Ricky Pierce,,,,False,2743,1994-07-18
trade,GSW,Seattle SuperSonics,player,Carlos Rogers,,,,False,2744,1994-07-18
trade,GSW,Seattle SuperSonics,player,Martin Lewis,,,,False,2745,1994-07-18
trade,GSW,Seattle SuperSonics,player,Michael McDonald,,,,False,2746,1994-07-18
trade,GSW,Seattle SuperSonics,pick,1995 2nd round draft pick,,,,False,2747,1994-07-18
trade,GSW,Seattle SuperSonics,pick,1995 2nd round draft pick,,,,False,2748,1994-07-18
trade,DET,SAS,player,Sean Elliott,,,,False,2749,1994-07-19
trade,DET,SAS,player,Bill Curley,,,,False,2750,1994-07-19
trade,DET,SAS,player,Charles O'Bannon,,,,False,2751,1994-07-19
trade,DET,SAS,pick,1997 2nd round draft pick,,,,False,2752,1994-07-19
trade,DET,PHI,player,Jamie Feick,,,,False,2753,1994-07-25
trade,DET,PHI,pick,1996 2nd round draft pick,,,,False,2754,1994-07-25
trade,ORL,Washington Bullets,player,Scott Skiles,,,,False,2755,1994-07-29
trade,ORL,Washington Bullets,player,Todd Fuller,,,,False,2756,1994-07-29
trade,ORL,Washington Bullets,player,Vince Carter,,,,False,2757,1994-07-29
trade,ORL,Washington Bullets,pick,1996 1st round draft pick,,,,False,2758,1994-07-29
trade,ORL,Washington Bullets,pick,1998 1st round draft pick,,,,False,2759,1994-07-29
trade,ORL,Washington Bullets,pick,1996 2nd round draft pick,,,,False,2760,1994-07-29
trade,ORL,Washington Bullets,pick,1998 1st round draft pick,,,,False,2761,1994-07-29
trade,DET,PHO,player,Russ Millard,,,,False,2762,1994-08-01
trade,DET,PHO,pick,1996 2nd round draft pick,,,,False,2763,1994-08-01
trade,DET,PHO,pick,1999 2nd round draft pick,,,,False,2764,1994-08-01
trade,CHO,Washington Bullets,player,Ronnie Henderson,,,,False,2765,1994-08-02
trade,CHO,Washington Bullets,player,Predrag Drobnjak,,,,False,2766,1994-08-02
trade,CHO,Washington Bullets,pick,1996 2nd round draft pick,,,,False,2767,1994-08-02
trade,CHO,Washington Bullets,pick,1997 2nd round draft pick,,,,False,2768,1994-08-02
trade,ATL,UTA,player,Adam Keefe,,,,False,2769,1994-09-16
trade,ATL,UTA,player,Tyrone Corbin,,,,False,2770,1994-09-16
trade,ATL,UTA,player,Cuonzo Martin,,,,False,2771,1994-09-16
trade,ATL,UTA,pick,1995 2nd round draft pick,,,,False,2772,1994-09-16
trade,LAL,PHO,player,Michael Finley,,,,False,2773,1994-09-23
trade,LAL,PHO,pick,1995 1st round draft pick,,,,False,2774,1994-09-23
trade,LAL,NYK,player,Doug Christie,,,,False,2775,1994-10-13
trade,LAL,NYK,player,Paul Rogers,,,,False,2776,1994-10-13
trade,LAL,NYK,pick,1997 2nd round draft pick,,,,False,2777,1994-10-13
trade,LAL,NYK,pick,1998 2nd round draft pick,,,,False,2778,1994-10-13
trade,DAL,MIN,player,Sean Rooks,,,,False,2779,1994-11-01
trade,DAL,MIN,player,Kelvin Cato,,,,False,2780,1994-11-01
trade,DAL,MIN,pick,1997 1st round draft pick,,,,False,2781,1994-11-01
trade,GSW,MIA,player,Sasha DaniloviÄ,,,,False,2782,1994-11-02
trade,GSW,MIA,player,Billy Owens,,,,False,2783,1994-11-02
trade,GSW,MIA,player,Rony Seikaly,,,,False,2784,1994-11-02
trade,ATL,MIA,player,Kevin Willis,,,,False,2785,1994-11-07
trade,ATL,MIA,player,Walter McCarty,,,,False,2786,1994-11-07
trade,ATL,MIA,pick,1996 1st round draft pick,,,,False,2787,1994-11-07
trade,ATL,MIA,pick,1996 2nd round draft pick,,,,False,2788,1994-11-07
trade,GSW,Washington Bullets,player,Chris Webber,,,,False,2789,1994-11-17
trade,GSW,Washington Bullets,player,Tom Gugliotta,,,,False,2790,1994-11-17
trade,GSW,Washington Bullets,player,Todd Fuller,,,,False,2791,1994-11-17
trade,GSW,Washington Bullets,player,Vince Carter,,,,False,2792,1994-11-17
trade,GSW,Washington Bullets,player,Chris Mihm,,,,False,2793,1994-11-17
trade,GSW,Washington Bullets,pick,1996 1st round draft pick,,,,False,2794,1994-11-17
trade,GSW,Washington Bullets,pick,1998 1st round draft pick,,,,False,2795,1994-11-17
trade,GSW,Washington Bullets,pick,2000 1st round draft pick,,,,False,2796,1994-11-17
trade,BOS,UTA,player,Blue Edwards,,,,False,2797,1995-02-03
trade,BOS,UTA,player,Jay Humphries,,,,False,2798,1995-02-03
trade,BOS,UTA,player,Junior Burrough,,,,False,2799,1995-02-03
trade,BOS,UTA,pick,1995 2nd round draft pick,,,,False,2800,1995-02-03
trade,HOU,POR,player,Marcelo Nicola,,,,False,2801,1995-02-14
trade,HOU,POR,player,Otis Thorpe,,,,False,2802,1995-02-14
trade,HOU,POR,player,Randolph Childress,,,,False,2803,1995-02-14
trade,HOU,POR,pick,1995 1st round draft pick,,,,False,2804,1995-02-14
trade,GSW,MIN,player,Tom Gugliotta,,,,False,2805,1995-02-18
trade,GSW,MIN,player,Donyell Marshall,,,,False,2806,1995-02-18
trade,DAL,HOU,player,Morlon Wiley,,,,False,2807,1995-02-23
trade,DAL,HOU,player,Erik Meek,,,,False,2808,1995-02-23
trade,DAL,HOU,pick,1995 2nd round draft pick,,,,False,2809,1995-02-23
trade,CLE,MIA,player,George Banks,,,,False,2810,1995-06-14
trade,CLE,MIA,pick,1995 2nd round draft pick,,,,False,2811,1995-06-14
trade,CLE,MIA,pick,1995 2nd round draft pick,,,,False,2812,1995-06-14
trade,CHO,Seattle SuperSonics,player,Hersey Hawkins,,,,False,2813,1995-06-27
trade,CHO,Seattle SuperSonics,player,David Wingate,,,,False,2814,1995-06-27
trade,CHO,Seattle SuperSonics,player,Kendall Gill,,,,False,2815,1995-06-27
trade,DET,POR,player,Shawn Respert,,,,False,2816,1995-06-28
trade,DET,POR,pick,1995 1st round draft pick,,,,False,2817,1995-06-28
trade,DET,POR,pick,1995 1st round draft pick,,,,False,2818,1995-06-28
trade,DET,POR,pick,1995 1st round draft pick,,,,False,2819,1995-06-28
trade,DET,POR,pick,1995 2nd round draft pick,,,,False,2820,1995-06-28
trade,MIA,Washington Bullets,player,Ed Stokes,,,,False,2821,1995-06-28
trade,MIA,Washington Bullets,player,Jeff Webster,,,,False,2822,1995-06-28
trade,MIA,Washington Bullets,player,Rex Chapman,,,,False,2823,1995-06-28
trade,MIA,Washington Bullets,player,Terrence Rencher,,,,False,2824,1995-06-28
trade,DEN,LAC,player,Brent Barry,,,,False,2825,1995-06-28
trade,DEN,LAC,player,Rodney Rogers,,,,False,2826,1995-06-28
trade,DEN,LAC,player,Antonio McDyess,,,,False,2827,1995-06-28
trade,DEN,LAC,player,Randy Woods,,,,False,2828,1995-06-28
trade,MIL,POR,player,Gary Trent,,,,False,2829,1995-06-28
trade,MIL,POR,player,Paul Grant,,,,False,2830,1995-06-28
trade,MIL,POR,pick,1997 1st round draft pick,,,,False,2831,1995-06-28
trade,MIL,Seattle SuperSonics,player,Eric Snow,,,,False,2832,1995-06-28
trade,MIL,Seattle SuperSonics,player,Eurelijus Å½ukauskas,,,,False,2833,1995-06-28
trade,MIL,Seattle SuperSonics,player,Jeff Nordgaard,,,,False,2834,1995-06-28
trade,MIL,Seattle SuperSonics,pick,1996 2nd round draft pick,,,,False,2835,1995-06-28
trade,ATL,SAC,player,Tyrone Corbin,,,,False,2836,1995-06-29
trade,ATL,SAC,player,Spud Webb,,,,False,2837,1995-06-29
trade,MIA,NYK,player,Walter McCarty,,,,False,2838,1995-09-01
trade,MIA,NYK,pick,1996 1st round draft pick,,,,False,2839,1995-09-01
trade,GSW,TOR,player,Victor Alexander,,,,False,2840,1995-09-18
trade,GSW,TOR,player,Martin Lewis,,,,False,2841,1995-09-18
trade,GSW,TOR,player,Michael McDonald,,,,False,2842,1995-09-18
trade,GSW,TOR,player,Carlos Rogers,,,,False,2843,1995-09-18
trade,GSW,TOR,player,Dwayne Whitfield,,,,False,2844,1995-09-18
trade,GSW,TOR,player,B.J. Armstrong,,,,False,2845,1995-09-18
trade,SAC,Seattle SuperSonics,player,Frank Brickowski,,,,False,2846,1995-09-18
trade,SAC,Seattle SuperSonics,player,Byron Houston,,,,False,2847,1995-09-18
trade,SAC,Seattle SuperSonics,player,Å arÅ«nas MarÄiulionis,,,,False,2848,1995-09-18
trade,DEN,LAC,player,Bison Dele,,,,False,2849,1995-09-19
trade,DEN,LAC,player,Elmore Spencer,,,,False,2850,1995-09-19
trade,DET,POR,player,Randolph Childress,,,,False,2851,1995-09-20
trade,DET,POR,player,Bill Curley,,,,False,2852,1995-09-20
trade,DET,POR,player,Otis Thorpe,,,,False,2853,1995-09-20
trade,CLE,Washington Bullets,player,Mark Price,,,,False,2854,1995-09-27
trade,CLE,Washington Bullets,player,Vitaly Potapenko,,,,False,2855,1995-09-27
trade,CLE,Washington Bullets,pick,1996 1st round draft pick,,,,False,2856,1995-09-27
trade,CHI,SAS,player,Will Perdue,,,,False,2857,1995-10-02
trade,CHI,SAS,player,Dennis Rodman,,,,False,2858,1995-10-02
trade,CLE,PHO,player,Hot Rod Williams,,,,False,2859,1995-10-07
trade,CLE,PHO,player,Antonio Lang,,,,False,2860,1995-10-07
trade,CLE,PHO,player,Dan Majerle,,,,False,2861,1995-10-07
trade,CLE,PHO,player,Brevin Knight,,,,False,2862,1995-10-07
trade,CLE,PHO,pick,1997 1st round draft pick,,,,False,2863,1995-10-07
trade,MIL,Washington Bullets,player,Bob McCann,,,,False,2864,1995-10-18
trade,MIL,Washington Bullets,player,Kevin Duckworth,,,,False,2865,1995-10-18
trade,DEN,Washington Bullets,player,Robert Pack,,,,False,2866,1995-10-30
trade,DEN,Washington Bullets,player,Don MacLean,,,,False,2867,1995-10-30
trade,DEN,Washington Bullets,player,Doug Overton,,,,False,2868,1995-10-30
trade,ORL,Vancouver Grizzlies,player,Anthony Avent,,,,False,2869,1995-11-01
trade,ORL,Vancouver Grizzlies,player,Kevin Pritchard,,,,False,2870,1995-11-01
trade,ORL,Vancouver Grizzlies,player,Larry Stewart,,,,False,2871,1995-11-01
trade,CHO,MIA,player,LeRon Ellis,,,,False,2872,1995-11-03
trade,CHO,MIA,player,Alonzo Mourning,,,,False,2873,1995-11-03
trade,CHO,MIA,player,Pete Myers,,,,False,2874,1995-11-03
trade,CHO,MIA,player,Matt Geiger,,,,False,2875,1995-11-03
trade,CHO,MIA,player,Khalid Reeves,,,,False,2876,1995-11-03
trade,CHO,MIA,player,Glen Rice,,,,False,2877,1995-11-03
trade,CHO,MIA,player,Tony Delk,,,,False,2878,1995-11-03
trade,CHO,MIA,pick,1996 1st round draft pick,,,,False,2879,1995-11-03
trade,BOS,MIL,player,Sherman Douglas,,,,False,2880,1995-11-26
trade,BOS,MIL,player,Todd Day,,,,False,2881,1995-11-26
trade,BOS,MIL,player,Alton Lister,,,,False,2882,1995-11-26
trade,MIL,Vancouver Grizzlies,player,Eric Mobley,,,,False,2883,1995-11-27
trade,MIL,Vancouver Grizzlies,player,Eric Murdock,,,,False,2884,1995-11-27
trade,MIL,Vancouver Grizzlies,player,Benoit Benjamin,,,,False,2885,1995-11-27
trade,New Jersey Nets,PHI,player,Derrick Coleman,,,,False,2886,1995-11-30
trade,New Jersey Nets,PHI,player,Sean Higgins,,,,False,2887,1995-11-30
trade,New Jersey Nets,PHI,player,Rex Walters,,,,False,2888,1995-11-30
trade,New Jersey Nets,PHI,player,Shawn Bradley,,,,False,2889,1995-11-30
trade,New Jersey Nets,PHI,player,Greg Graham,,,,False,2890,1995-11-30
trade,New Jersey Nets,PHI,player,Tim Perry,,,,False,2891,1995-11-30
trade,MIN,Vancouver Grizzlies,player,Amal McCaskill,,,,False,2892,1996-01-12
trade,MIN,Vancouver Grizzlies,pick,1996 2nd round draft pick,,,,False,2893,1996-01-12
trade,CHO,New Jersey Nets,player,Kendall Gill,,,,False,2894,1996-01-19
trade,CHO,New Jersey Nets,player,Khalid Reeves,,,,False,2895,1996-01-19
trade,CHO,New Jersey Nets,player,Kenny Anderson,,,,False,2896,1996-01-19
trade,CHO,New Jersey Nets,player,Gerald Glass,,,,False,2897,1996-01-19
trade,NYK,SAS,player,Charles Smith,,,,False,2898,1996-02-08
trade,NYK,SAS,player,Monty Williams,,,,False,2899,1996-02-08
trade,NYK,SAS,player,Brad Lohaus,,,,False,2900,1996-02-08
trade,NYK,SAS,player,J.R. Reid,,,,False,2901,1996-02-08
trade,NYK,SAS,player,John Wallace,,,,False,2902,1996-02-08
trade,NYK,SAS,pick,1996 1st round draft pick,,,,False,2903,1996-02-08
trade,NYK,TOR,player,Doug Christie,,,,False,2904,1996-02-18
trade,NYK,TOR,player,Herb Williams,,,,False,2905,1996-02-18
trade,GSW,MIA,player,Chris Gatling,,,,False,2906,1996-02-22
trade,GSW,MIA,player,Tim Hardaway,,,,False,2907,1996-02-22
trade,GSW,MIA,player,Bimbo Coles,,,,False,2908,1996-02-22
trade,GSW,MIA,player,Kevin Willis,,,,False,2909,1996-02-22
trade,MIA,SAC,player,Kevin Gamble,,,,False,2910,1996-02-22
trade,MIA,SAC,player,Billy Owens,,,,False,2911,1996-02-22
trade,MIA,SAC,player,Tyrone Corbin,,,,False,2912,1996-02-22
trade,MIA,SAC,player,Walt Williams,,,,False,2913,1996-02-22
trade,ATL,MIN,player,Andrew Lang,,,,False,2914,1996-02-22
trade,ATL,MIN,player,Spud Webb,,,,False,2915,1996-02-22
trade,ATL,MIN,player,Christian Laettner,,,,False,2916,1996-02-22
trade,ATL,MIN,player,Sean Rooks,,,,False,2917,1996-02-22
trade,PHI,TOR,player,Sharone Wright,,,,False,2918,1996-02-22
trade,PHI,TOR,player,Tony Massenburg,,,,False,2919,1996-02-22
trade,PHI,TOR,player,Ed Pinckney,,,,False,2920,1996-02-22
trade,PHI,TOR,player,Ryan Minor,,,,False,2921,1996-02-22
trade,PHI,TOR,player,James Collins,,,,False,2922,1996-02-22
trade,PHI,TOR,pick,1996 2nd round draft pick,,,,False,2923,1996-02-22
trade,PHI,TOR,pick,1997 2nd round draft pick,,,,False,2924,1996-02-22
trade,MIA,PHO,player,Terrence Rencher,,,,False,2925,1996-02-22
trade,MIA,PHO,player,Tony Smith,,,,False,2926,1996-02-22
trade,ORL,Vancouver Grizzlies,player,Jeff Turner,,,,False,2927,1996-02-22
trade,ORL,Vancouver Grizzlies,player,Kenny Gattison,,,,False,2928,1996-02-22
trade,ORL,Vancouver Grizzlies,player,Amal McCaskill,,,,False,2929,1996-02-22
trade,ORL,Vancouver Grizzlies,pick,1996 2nd round draft pick,,,,False,2930,1996-02-22
trade,DEN,SAC,player,Mahmoud Abdul-Rauf,,,,False,2931,1996-06-13
trade,DEN,SAC,player,Å arÅ«nas MarÄiulionis,,,,False,2932,1996-06-13
trade,DEN,SAC,player,Jeff McInnis,,,,False,2933,1996-06-13
trade,DEN,SAC,pick,1996 2nd round draft pick,,,,False,2934,1996-06-13
trade,DEN,IND,player,Jalen Rose,,,,False,2935,1996-06-13
trade,DEN,IND,player,Reggie Williams,,,,False,2936,1996-06-13
trade,DEN,IND,player,Erick Dampier,,,,False,2937,1996-06-13
trade,DEN,IND,pick,1996 1st round draft pick,,,,False,2938,1996-06-13
trade,DEN,IND,pick,1996 1st round draft pick,,,,False,2939,1996-06-13
trade,HOU,Vancouver Grizzlies,player,Tim Breaux,,,,False,2940,1996-06-19
trade,HOU,Vancouver Grizzlies,player,Pete Chilcutt,,,,False,2941,1996-06-19
trade,HOU,Vancouver Grizzlies,player,Roy Rogers,,,,False,2942,1996-06-19
trade,HOU,Vancouver Grizzlies,player,Chris Robinson,,,,False,2943,1996-06-19
trade,HOU,Vancouver Grizzlies,player,C.J. Bruton,,,,False,2944,1996-06-19
trade,HOU,Vancouver Grizzlies,pick,1996 1st round draft pick,,,,False,2945,1996-06-19
trade,HOU,Vancouver Grizzlies,pick,1996 2nd round draft pick,,,,False,2946,1996-06-19
trade,HOU,Vancouver Grizzlies,pick,1997 2nd round draft pick,,,,False,2947,1996-06-19
trade,HOU,Vancouver Grizzlies,pick,1996 2nd round draft pick,,,,False,2948,1996-06-19
trade,HOU,Vancouver Grizzlies,pick,1996 2nd round draft pick,,,,False,2949,1996-06-19
trade,HOU,Vancouver Grizzlies,pick,1997 2nd round draft pick,,,,False,2950,1996-06-19
trade,BOS,DAL,player,Eric Montross,,,,False,2951,1996-06-21
trade,BOS,DAL,player,Samaki Walker,,,,False,2952,1996-06-21
trade,BOS,DAL,pick,1996 1st round draft pick,,,,False,2953,1996-06-21
trade,BOS,DAL,pick,1996 1st round draft pick,,,,False,2954,1996-06-21
trade,BOS,DAL,pick,1997 1st round draft pick,,,,False,2955,1996-06-21
trade,ATL,Seattle SuperSonics,player,Ron Riley,,,,False,2956,1996-06-25
trade,ATL,Seattle SuperSonics,player,Joe Vogel,,,,False,2957,1996-06-25
trade,ATL,Seattle SuperSonics,pick,1996 2nd round draft pick,,,,False,2958,1996-06-25
trade,ATL,Seattle SuperSonics,pick,1996 2nd round draft pick,,,,False,2959,1996-06-25
trade,ATL,Seattle SuperSonics,pick,1996 1st round draft pick,,,,False,2960,1996-06-25
trade,MIA,UTA,player,DeShawn Stevenson,,,,False,2961,1996-06-26
trade,MIA,UTA,pick,2000 1st round draft pick,,,,False,2962,1996-06-26
trade,MIL,MIN,player,Stephon Marbury,,,,False,2963,1996-06-26
trade,MIL,MIN,player,Ray Allen,,,,False,2964,1996-06-26
trade,MIL,MIN,player,Rasho NesteroviÄ,,,,False,2965,1996-06-26
trade,MIL,MIN,pick,1998 1st round draft pick,,,,False,2966,1996-06-26
trade,DET,Seattle SuperSonics,player,Eddie Elisma,,,,False,2967,1996-06-28
trade,DET,Seattle SuperSonics,pick,1997 2nd round draft pick,,,,False,2968,1996-06-28
trade,DAL,MIN,player,Cherokee Parks,,,,False,2969,1996-06-29
trade,CHO,LAL,player,Kobe Bryant,,,,False,2970,1996-07-11
trade,CHO,LAL,player,Vlade Divac,,,,False,2971,1996-07-11
trade,MIL,MIN,player,Rasho NesteroviÄ,,,,False,2972,1996-07-11
trade,MIL,MIN,pick,1998 1st round draft pick,,,,False,2973,1996-07-11
trade,CHO,NYK,player,Larry Johnson,,,,False,2974,1996-07-14
trade,CHO,NYK,player,Brad Lohaus,,,,False,2975,1996-07-14
trade,CHO,NYK,player,Anthony Mason,,,,False,2976,1996-07-14
trade,ATL,DET,player,Stacey Augmon,,,,False,2977,1996-07-15
trade,ATL,DET,player,Grant Long,,,,False,2978,1996-07-15
trade,ATL,DET,player,Alain Digbeau,,,,False,2979,1996-07-15
trade,ATL,DET,player,Cal Bowdler,,,,False,2980,1996-07-15
trade,ATL,DET,player,Dion Glover,,,,False,2981,1996-07-15
trade,ATL,DET,player,Lari Ketner,,,,False,2982,1996-07-15
trade,ATL,DET,pick,1997 2nd round draft pick,,,,False,2983,1996-07-15
trade,ATL,DET,pick,1999 1st round draft pick,,,,False,2984,1996-07-15
trade,ATL,DET,pick,1999 1st round draft pick,,,,False,2985,1996-07-15
trade,ATL,DET,pick,1999 2nd round draft pick,,,,False,2986,1996-07-15
trade,POR,Washington Bullets,player,Harvey Grant,,,,False,2987,1996-07-15
trade,POR,Washington Bullets,player,Rod Strickland,,,,False,2988,1996-07-15
trade,POR,Washington Bullets,player,Mitchell Butler,,,,False,2989,1996-07-15
trade,POR,Washington Bullets,player,Rasheed Wallace,,,,False,2990,1996-07-15
trade,New Jersey Nets,Seattle SuperSonics,player,Greg Graham,,,,False,2991,1996-07-16
trade,New Jersey Nets,Seattle SuperSonics,player,Vincent Askew,,,,False,2992,1996-07-16
trade,LAL,Vancouver Grizzlies,player,George Lynch,,,,False,2993,1996-07-16
trade,LAL,Vancouver Grizzlies,player,Anthony Peeler,,,,False,2994,1996-07-16
trade,LAL,Vancouver Grizzlies,player,J.R. Henderson,,,,False,2995,1996-07-16
trade,LAL,Vancouver Grizzlies,player,Antwain Smith,,,,False,2996,1996-07-16
trade,LAL,Vancouver Grizzlies,pick,1998 2nd round draft pick,,,,False,2997,1996-07-16
trade,LAL,Vancouver Grizzlies,pick,1999 2nd round draft pick,,,,False,2998,1996-07-16
trade,LAL,Vancouver Grizzlies,pick,1998 2nd round draft pick,,,,False,2999,1996-07-16
trade,LAL,Vancouver Grizzlies,pick,1999 2nd round draft pick,,,,False,3000,1996-07-16
trade,DAL,TOR,player,Popeye Jones,,,,False,3001,1996-07-23
trade,DAL,TOR,player,John Thomas,,,,False,3002,1996-07-23
trade,DAL,TOR,pick,1997 1st round draft pick,,,,False,3003,1996-07-23
trade,DAL,TOR,pick,1998 2nd round draft pick,,,,False,3004,1996-07-23
trade,DAL,TOR,pick,1999 2nd round draft pick,,,,False,3005,1996-07-23
trade,MIN,POR,player,Isaiah Rider,,,,False,3006,1996-07-23
trade,MIN,POR,player,Bill Curley,,,,False,3007,1996-07-23
trade,MIN,POR,player,James Robinson,,,,False,3008,1996-07-23
trade,MIN,POR,player,Paul Grant,,,,False,3009,1996-07-23
trade,MIN,POR,pick,1997 1st round draft pick,,,,False,3010,1996-07-23
trade,NYK,TOR,player,Hubert Davis,,,,False,3011,1996-07-24
trade,NYK,TOR,player,John Thomas,,,,False,3012,1996-07-24
trade,NYK,TOR,pick,1997 1st round draft pick,,,,False,3013,1996-07-24
trade,ORL,UTA,player,Kenny Gattison,,,,False,3014,1996-08-09
trade,ORL,UTA,player,Brooks Thompson,,,,False,3015,1996-08-09
trade,ORL,UTA,player,Andrei Kirilenko,,,,False,3016,1996-08-09
trade,ORL,UTA,pick,1999 1st round draft pick,,,,False,3017,1996-08-09
trade,HOU,PHO,player,Chucky Brown,,,,False,3018,1996-08-19
trade,HOU,PHO,player,Mark Bryant,,,,False,3019,1996-08-19
trade,HOU,PHO,player,Sam Cassell,,,,False,3020,1996-08-19
trade,HOU,PHO,player,Robert Horry,,,,False,3021,1996-08-19
trade,HOU,PHO,player,Charles Barkley,,,,False,3022,1996-08-19
trade,HOU,PHO,player,Tyrone Washington,,,,False,3023,1996-08-19
trade,HOU,PHO,pick,1999 2nd round draft pick,,,,False,3024,1996-08-19
trade,MIL,PHO,player,Marty Conlon,,,,False,3025,1996-09-25
trade,MIL,PHO,player,James Posey,,,,False,3026,1996-09-25
trade,MIL,PHO,pick,1999 1st round draft pick,,,,False,3027,1996-09-25
trade,GSW,ORL,player,Clifford Rozier,,,,False,3028,1996-11-02
trade,GSW,ORL,player,Rony Seikaly,,,,False,3029,1996-11-02
trade,GSW,ORL,player,Laron Profit,,,,False,3030,1996-11-02
trade,GSW,ORL,pick,1999 2nd round draft pick,,,,False,3031,1996-11-02
trade,IND,New Jersey Nets,player,Reggie Williams,,,,False,3032,1996-11-04
trade,IND,New Jersey Nets,player,Vincent Askew,,,,False,3033,1996-11-04
trade,MIL,PHO,player,Darrin Hancock,,,,False,3034,1996-12-04
trade,MIL,PHO,pick,1997 2nd round draft pick,,,,False,3035,1996-12-04
trade,DAL,PHO,player,Tony Dumas,,,,False,3036,1996-12-26
trade,DAL,PHO,player,Jason Kidd,,,,False,3037,1996-12-26
trade,DAL,PHO,player,Loren Meyer,,,,False,3038,1996-12-26
trade,DAL,PHO,player,Sam Cassell,,,,False,3039,1996-12-26
trade,DAL,PHO,player,Michael Finley,,,,False,3040,1996-12-26
trade,DAL,PHO,player,A.C. Green,,,,False,3041,1996-12-26
trade,DAL,PHO,player,Greg Buckner,,,,False,3042,1996-12-26
trade,DAL,PHO,pick,1998 2nd round draft pick,,,,False,3043,1996-12-26
trade,LAL,PHO,player,Cedric Ceballos,,,,False,3044,1997-01-10
trade,LAL,PHO,player,Rumeal Robinson,,,,False,3045,1997-01-10
trade,LAL,PHO,player,Robert Horry,,,,False,3046,1997-01-10
trade,LAL,PHO,player,Joe Kleine,,,,False,3047,1997-01-10
trade,DET,POR,player,Stacey Augmon,,,,False,3048,1997-01-24
trade,DET,POR,player,Randolph Childress,,,,False,3049,1997-01-24
trade,DET,POR,player,Reggie Jordan,,,,False,3050,1997-01-24
trade,DET,POR,player,Aaron McKie,,,,False,3051,1997-01-24
trade,DAL,MIA,player,Jamal Mashburn,,,,False,3052,1997-02-14
trade,DAL,MIA,player,Sasha DaniloviÄ,,,,False,3053,1997-02-14
trade,DAL,MIA,player,Martin MÃ¼Ã¼rsepp,,,,False,3054,1997-02-14
trade,DAL,MIA,player,Kurt Thomas,,,,False,3055,1997-02-14
trade,DAL,New Jersey Nets,player,Sam Cassell,,,,False,3056,1997-02-17
trade,DAL,New Jersey Nets,player,Chris Gatling,,,,False,3057,1997-02-17
trade,DAL,New Jersey Nets,player,Jim Jackson,,,,False,3058,1997-02-17
trade,DAL,New Jersey Nets,player,George McCloud,,,,False,3059,1997-02-17
trade,DAL,New Jersey Nets,player,Eric Montross,,,,False,3060,1997-02-17
trade,DAL,New Jersey Nets,player,Shawn Bradley,,,,False,3061,1997-02-17
trade,DAL,New Jersey Nets,player,Ed O'Bannon,,,,False,3062,1997-02-17
trade,DAL,New Jersey Nets,player,Robert Pack,,,,False,3063,1997-02-17
trade,DAL,New Jersey Nets,player,Khalid Reeves,,,,False,3064,1997-02-17
trade,DEN,IND,player,Mark Jackson,,,,False,3065,1997-02-20
trade,DEN,IND,player,LaSalle Thompson,,,,False,3066,1997-02-20
trade,DEN,IND,player,Vincent Askew,,,,False,3067,1997-02-20
trade,DEN,IND,player,Eddie Johnson,,,,False,3068,1997-02-20
trade,DEN,IND,player,Jason Lawson,,,,False,3069,1997-02-20
trade,DEN,IND,player,Tremaine Fowlkes,,,,False,3070,1997-02-20
trade,DEN,IND,pick,1997 2nd round draft pick,,,,False,3071,1997-02-20
trade,DEN,IND,pick,1998 2nd round draft pick,,,,False,3072,1997-02-20
trade,LAL,New Jersey Nets,player,Joe Kleine,,,,False,3073,1997-02-20
trade,LAL,New Jersey Nets,player,Anthony Parker,,,,False,3074,1997-02-20
trade,LAL,New Jersey Nets,pick,1997 1st round draft pick,,,,False,3075,1997-02-20
trade,CHO,GSW,player,Scott Burrell,,,,False,3076,1997-02-20
trade,CHO,GSW,player,Donald Royal,,,,False,3077,1997-02-20
trade,CHO,DEN,player,Anthony Goldwire,,,,False,3078,1997-02-20
trade,CHO,DEN,player,George ZÃ­dek,,,,False,3079,1997-02-20
trade,CHO,DEN,player,Ricky Pierce,,,,False,3080,1997-02-20
trade,DEN,IND,player,Darvin Ham,,,,False,3081,1997-02-20
trade,DEN,IND,player,Jerome Allen,,,,False,3082,1997-02-20
trade,MIL,TOR,player,Shawn Respert,,,,False,3083,1997-02-20
trade,MIL,TOR,player,Acie Earl,,,,False,3084,1997-02-20
trade,BOS,MIA,player,Ben Pepper,,,,False,3085,1997-05-27
trade,BOS,MIA,pick,1997 2nd round draft pick,,,,False,3086,1997-05-27
trade,BOS,MIA,pick,1997 2nd round draft pick,,,,False,3087,1997-05-27
trade,DEN,MIL,player,Ervin Johnson,,,,False,3088,1997-06-25
trade,DEN,MIL,player,Danny Fortson,,,,False,3089,1997-06-25
trade,DEN,MIL,player,Johnny Newman,,,,False,3090,1997-06-25
trade,DEN,MIL,player,Joe Wolf,,,,False,3091,1997-06-25
trade,LAC,MIN,player,Stanley Roberts,,,,False,3092,1997-06-25
trade,LAC,MIN,player,Stojko VrankoviÄ,,,,False,3093,1997-06-25
trade,DAL,POR,player,Kelvin Cato,,,,False,3094,1997-06-25
trade,DAL,POR,player,Chris Anstey,,,,False,3095,1997-06-25
trade,LAC,PHI,player,Jelani McCoy,,,,False,3096,1997-06-25
trade,LAC,PHI,pick,1998 2nd round draft pick,,,,False,3097,1997-06-25
trade,DEN,Seattle SuperSonics,player,James Cotton,,,,False,3098,1997-06-25
trade,DEN,Seattle SuperSonics,player,Rashard Lewis,,,,False,3099,1997-06-25
trade,DEN,Seattle SuperSonics,pick,1998 2nd round draft pick,,,,False,3100,1997-06-25
trade,DEN,ORL,player,Jason Lawson,,,,False,3101,1997-06-25
trade,DEN,ORL,player,Eric Washington,,,,False,3102,1997-06-25
trade,DEN,ORL,player,Kris Clack,,,,False,3103,1997-06-25
trade,DEN,ORL,pick,1999 2nd round draft pick,,,,False,3104,1997-06-25
trade,New Jersey Nets,PHI,player,Jim Jackson,,,,False,3105,1997-06-27
trade,New Jersey Nets,PHI,player,Eric Montross,,,,False,3106,1997-06-27
trade,New Jersey Nets,PHI,player,Anthony Parker,,,,False,3107,1997-06-27
trade,New Jersey Nets,PHI,player,Tim Thomas,,,,False,3108,1997-06-27
trade,New Jersey Nets,PHI,player,Michael Cage,,,,False,3109,1997-06-27
trade,New Jersey Nets,PHI,player,Lucious Harris,,,,False,3110,1997-06-27
trade,New Jersey Nets,PHI,player,Don MacLean,,,,False,3111,1997-06-27
trade,New Jersey Nets,PHI,player,Keith Van Horn,,,,False,3112,1997-06-27
trade,DET,Vancouver Grizzlies,player,Otis Thorpe,,,,False,3113,1997-08-07
trade,DET,Vancouver Grizzlies,player,Darko MiliÄiÄ,,,,False,3114,1997-08-07
trade,DET,Vancouver Grizzlies,pick,2003 1st round draft pick,,,,False,3115,1997-08-07
trade,MIA,SAC,player,Matt Fish,,,,False,3116,1997-08-12
trade,MIA,SAC,player,Gary Grant,,,,False,3117,1997-08-12
trade,MIA,SAC,pick,1999 2nd round draft pick,,,,False,3118,1997-08-12
trade,GSW,IND,player,Chris Mullin,,,,False,3119,1997-08-12
trade,GSW,IND,player,Erick Dampier,,,,False,3120,1997-08-12
trade,GSW,IND,player,Duane Ferrell,,,,False,3121,1997-08-12
trade,BOS,DEN,player,Eric Williams,,,,False,3122,1997-08-21
trade,BOS,DEN,player,Kris Clack,,,,False,3123,1997-08-21
trade,BOS,DEN,player,Earl Watson,,,,False,3124,1997-08-21
trade,BOS,DEN,pick,1999 2nd round draft pick,,,,False,3125,1997-08-21
trade,BOS,DEN,pick,2001 2nd round draft pick,,,,False,3126,1997-08-21
trade,CHI,GSW,player,Dickey Simpkins,,,,False,3127,1997-09-22
trade,CHI,GSW,player,Scott Burrell,,,,False,3128,1997-09-22
trade,DAL,ORL,player,Derek Harper,,,,False,3129,1997-09-24
trade,DAL,ORL,player,Ed O'Bannon,,,,False,3130,1997-09-24
trade,DAL,ORL,player,Dennis Scott,,,,False,3131,1997-09-24
trade,CLE,MIL,player,Terrell Brandon,,,,False,3132,1997-09-25
trade,CLE,MIL,player,Tyrone Hill,,,,False,3133,1997-09-25
trade,CLE,MIL,player,Pat Garrity,,,,False,3134,1997-09-25
trade,CLE,MIL,pick,1998 1st round draft pick,,,,False,3135,1997-09-25
trade,MIL,CLE,player,Sherman Douglas,,,,False,3136,1997-09-25
trade,MIL,Seattle SuperSonics,player,Vin Baker,,,,False,3137,1997-09-25
trade,Seattle SuperSonics,CLE,player,Shawn Kemp,,,,False,3138,1997-09-25
trade,ATL,DEN,player,Priest Lauderdale,,,,False,3139,1997-09-29
trade,ATL,DEN,player,Efthimis Rentzias,,,,False,3140,1997-09-29
trade,ATL,DEN,player,Hanno MÃ¶ttÃ¶lÃ¤,,,,False,3141,1997-09-29
trade,ATL,DEN,pick,2000 2nd round draft pick,,,,False,3142,1997-09-29
trade,CLE,PHO,player,Sean May,,,,False,3143,1997-10-01
trade,CLE,PHO,pick,2005 1st round draft pick,,,,False,3144,1997-10-01
trade,DEN,PHO,player,Antonio McDyess,,,,False,3145,1997-10-01
trade,PHO,CLE,player,Tony Dumas,,,,False,3146,1997-10-01
trade,PHO,CLE,player,Wesley Person,,,,False,3147,1997-10-01
trade,PHO,DEN,player,Tyronn Lue,,,,False,3148,1997-10-01
trade,PHO,DEN,player,James Posey,,,,False,3149,1997-10-01
trade,PHO,DEN,player,Dan McClintock,,,,False,3150,1997-10-01
trade,PHO,DEN,player,Joseph Forte,,,,False,3151,1997-10-01
trade,PHO,DEN,player,Rod Grizzard,,,,False,3152,1997-10-01
trade,PHO,DEN,pick,1998 1st round draft pick,,,,False,3153,1997-10-01
trade,PHO,DEN,pick,1999 1st round draft pick,,,,False,3154,1997-10-01
trade,PHO,DEN,pick,2000 2nd round draft pick,,,,False,3155,1997-10-01
trade,PHO,DEN,pick,2001 1st round draft pick,,,,False,3156,1997-10-01
trade,PHO,DEN,pick,2002 2nd round draft pick,,,,False,3157,1997-10-01
trade,DEN,Seattle SuperSonics,player,Dale Ellis,,,,False,3158,1997-10-02
trade,DEN,Seattle SuperSonics,player,Greg Graham,,,,False,3159,1997-10-02
trade,DEN,Seattle SuperSonics,player,Steve Scheffler,,,,False,3160,1997-10-02
trade,DEN,Seattle SuperSonics,player,Ryan Bowen,,,,False,3161,1997-10-02
trade,DEN,Seattle SuperSonics,player,Francisco Elson,,,,False,3162,1997-10-02
trade,DEN,Seattle SuperSonics,pick,1998 2nd round draft pick,,,,False,3163,1997-10-02
trade,DEN,Seattle SuperSonics,pick,1999 2nd round draft pick,,,,False,3164,1997-10-02
trade,NYK,POR,player,Bryce Drew,,,,False,3165,1997-10-10
trade,NYK,POR,pick,1998 1st round draft pick,,,,False,3166,1997-10-10
trade,NYK,TOR,player,John Wallace,,,,False,3167,1997-10-10
trade,POR,NYK,player,Chris Dudley,,,,False,3168,1997-10-10
trade,TOR,NYK,player,Quentin Richardson,,,,False,3169,1997-10-10
trade,TOR,NYK,pick,2000 1st round draft pick,,,,False,3170,1997-10-10
trade,TOR,POR,player,Taurean Green,,,,False,3171,1997-10-10
trade,TOR,POR,pick,2007 2nd round draft pick,,,,False,3172,1997-10-10
trade,CLE,DEN,player,Sherman Douglas,,,,False,3173,1997-10-20
trade,CLE,DEN,player,Eddie House,,,,False,3174,1997-10-20
trade,CLE,DEN,pick,2000 2nd round draft pick,,,,False,3175,1997-10-20
trade,BOS,NYK,player,Chris Mills,,,,False,3176,1997-10-22
trade,BOS,NYK,player,DeMarco Johnson,,,,False,3177,1997-10-22
trade,BOS,NYK,player,Lavor Postell,,,,False,3178,1997-10-22
trade,BOS,NYK,pick,1998 2nd round draft pick,,,,False,3179,1997-10-22
trade,BOS,NYK,pick,2000 2nd round draft pick,,,,False,3180,1997-10-22
trade,HOU,Vancouver Grizzlies,player,Sam Mack,,,,False,3181,1997-10-28
trade,HOU,Vancouver Grizzlies,player,Jake Voskuhl,,,,False,3182,1997-10-28
trade,HOU,Vancouver Grizzlies,pick,2000 2nd round draft pick,,,,False,3183,1997-10-28
trade,BOS,Vancouver Grizzlies,player,Tony Massenburg,,,,False,3184,1997-10-28
trade,BOS,Vancouver Grizzlies,player,Obinna Ekezie,,,,False,3185,1997-10-28
trade,BOS,Vancouver Grizzlies,pick,1999 2nd round draft pick,,,,False,3186,1997-10-28
trade,GSW,ORL,player,Mark Price,,,,False,3187,1997-10-28
trade,GSW,ORL,player,Brian Shaw,,,,False,3188,1997-10-28
trade,GSW,ORL,player,David Vaughn,,,,False,3189,1997-10-28
trade,CHO,GSW,player,Muggsy Bogues,,,,False,3190,1997-11-07
trade,CHO,GSW,player,Tony Delk,,,,False,3191,1997-11-07
trade,CHO,GSW,player,B.J. Armstrong,,,,False,3192,1997-11-07
trade,PHI,PHO,player,Marko MiliÄ,,,,False,3193,1997-11-21
trade,PHI,PHO,player,Tom Chambers,,,,False,3194,1997-11-21
trade,DET,PHI,player,Aaron McKie,,,,False,3195,1997-12-18
trade,DET,PHI,player,Theo Ratliff,,,,False,3196,1997-12-18
trade,DET,PHI,player,Carlos Delfino,,,,False,3197,1997-12-18
trade,DET,PHI,pick,2003 1st round draft pick,,,,False,3198,1997-12-18
trade,DET,PHI,pick,2005 2nd round draft pick,,,,False,3199,1997-12-18
trade,PHI,Seattle SuperSonics,player,Jelani McCoy,,,,False,3200,1998-01-18
trade,PHI,Seattle SuperSonics,pick,1998 2nd round draft pick,,,,False,3201,1998-01-18
trade,POR,TOR,player,Kenny Anderson,,,,False,3202,1998-02-13
trade,POR,TOR,player,Gary Trent,,,,False,3203,1998-02-13
trade,POR,TOR,player,Alvin Williams,,,,False,3204,1998-02-13
trade,POR,TOR,player,Bryce Drew,,,,False,3205,1998-02-13
trade,POR,TOR,player,Mirsad TÃ¼rkcan,,,,False,3206,1998-02-13
trade,POR,TOR,player,Tyson Wheeler,,,,False,3207,1998-02-13
trade,POR,TOR,pick,1998 1st round draft pick,,,,False,3208,1998-02-13
trade,POR,TOR,pick,1998 1st round draft pick,,,,False,3209,1998-02-13
trade,POR,TOR,pick,1998 2nd round draft pick,,,,False,3210,1998-02-13
trade,GSW,PHI,player,Brian Shaw,,,,False,3211,1998-02-17
trade,GSW,PHI,player,Joe Smith,,,,False,3212,1998-02-17
trade,GSW,PHI,player,Jim Jackson,,,,False,3213,1998-02-17
trade,GSW,PHI,player,Clarence Weatherspoon,,,,False,3214,1998-02-17
trade,BOS,TOR,player,Chauncey Billups,,,,False,3215,1998-02-18
trade,BOS,TOR,player,Dee Brown,,,,False,3216,1998-02-18
trade,BOS,TOR,player,Roy Rogers,,,,False,3217,1998-02-18
trade,BOS,TOR,player,John Thomas,,,,False,3218,1998-02-18
trade,BOS,TOR,player,Kenny Anderson,,,,False,3219,1998-02-18
trade,BOS,TOR,player,Popeye Jones,,,,False,3220,1998-02-18
trade,BOS,TOR,player,Å½an Tabak,,,,False,3221,1998-02-18
trade,DAL,PHO,player,Dennis Scott,,,,False,3222,1998-02-18
trade,DAL,PHO,player,Cedric Ceballos,,,,False,3223,1998-02-18
trade,SAC,Vancouver Grizzlies,player,Bobby Hurley,,,,False,3224,1998-02-18
trade,SAC,Vancouver Grizzlies,player,Michael Smith,,,,False,3225,1998-02-18
trade,SAC,Vancouver Grizzlies,player,Chris Robinson,,,,False,3226,1998-02-18
trade,SAC,Vancouver Grizzlies,player,Otis Thorpe,,,,False,3227,1998-02-18
trade,MIN,Vancouver Grizzlies,player,Doug West,,,,False,3228,1998-02-18
trade,MIN,Vancouver Grizzlies,player,Anthony Peeler,,,,False,3229,1998-02-18
trade,LAC,MIA,player,Brent Barry,,,,False,3230,1998-02-19
trade,LAC,MIA,player,Isaac Austin,,,,False,3231,1998-02-19
trade,LAC,MIA,player,Charles Smith,,,,False,3232,1998-02-19
trade,LAC,MIA,player,Brian Skinner,,,,False,3233,1998-02-19
trade,LAC,MIA,pick,1998 1st round draft pick,,,,False,3234,1998-02-19
trade,New Jersey Nets,ORL,player,David Benoit,,,,False,3235,1998-02-19
trade,New Jersey Nets,ORL,player,Yinka Dare,,,,False,3236,1998-02-19
trade,New Jersey Nets,ORL,player,Kevin Edwards,,,,False,3237,1998-02-19
trade,New Jersey Nets,ORL,player,Matt Harpring,,,,False,3238,1998-02-19
trade,New Jersey Nets,ORL,pick,1998 1st round draft pick,,,,False,3239,1998-02-19
trade,CHI,GSW,player,Jason Caffey,,,,False,3240,1998-02-19
trade,CHI,GSW,player,David Vaughn,,,,False,3241,1998-02-19
trade,CHI,GSW,player,Shammond Williams,,,,False,3242,1998-02-19
trade,CHI,GSW,player,A.J. Guyton,,,,False,3243,1998-02-19
trade,CHI,GSW,pick,1998 2nd round draft pick,,,,False,3244,1998-02-19
trade,CHI,GSW,pick,2000 2nd round draft pick,,,,False,3245,1998-02-19
trade,NYK,PHI,player,Ron Grandison,,,,False,3246,1998-02-19
trade,NYK,PHI,player,Herb Williams,,,,False,3247,1998-02-19
trade,NYK,PHI,player,Terry Cummings,,,,False,3248,1998-02-19
trade,SAC,WAS,player,Mitch Richmond,,,,False,3249,1998-05-14
trade,SAC,WAS,player,Otis Thorpe,,,,False,3250,1998-05-14
trade,SAC,WAS,player,Chris Webber,,,,False,3251,1998-05-14
trade,HOU,TOR,player,Kevin Willis,,,,False,3252,1998-06-09
trade,HOU,TOR,player,Roy Rogers,,,,False,3253,1998-06-09
trade,HOU,TOR,player,Bryce Drew,,,,False,3254,1998-06-09
trade,HOU,TOR,player,Mirsad TÃ¼rkcan,,,,False,3255,1998-06-09
trade,HOU,TOR,pick,1998 1st round draft pick,,,,False,3256,1998-06-09
trade,HOU,TOR,pick,1998 1st round draft pick,,,,False,3257,1998-06-09
trade,DEN,LAL,player,Tony Battie,,,,False,3258,1998-06-24
trade,DEN,LAL,player,Tyronn Lue,,,,False,3259,1998-06-24
trade,DEN,LAL,player,Nick Van Exel,,,,False,3260,1998-06-24
trade,GSW,TOR,player,Vince Carter,,,,False,3261,1998-06-24
trade,SAS,Vancouver Grizzlies,player,Carl Herrera,,,,False,3262,1998-06-24
trade,SAS,Vancouver Grizzlies,player,Felipe LÃ³pez,,,,False,3263,1998-06-24
trade,SAS,Vancouver Grizzlies,player,Antonio Daniels,,,,False,3264,1998-06-24
trade,PHI,UTA,player,Quincy Lewis,,,,False,3265,1998-06-24
trade,PHI,UTA,pick,1999 1st round draft pick,,,,False,3266,1998-06-24
trade,DAL,PHO,player,Pat Garrity,,,,False,3267,1998-06-24
trade,DAL,PHO,player,Martin MÃ¼Ã¼rsepp,,,,False,3268,1998-06-24
trade,DAL,PHO,player,Bubba Wells,,,,False,3269,1998-06-24
trade,DAL,PHO,player,Shawn Marion,,,,False,3270,1998-06-24
trade,DAL,PHO,pick,1999 1st round draft pick,,,,False,3271,1998-06-24
trade,DAL,MIL,player,Robert Traylor,,,,False,3272,1998-06-24
trade,DAL,MIL,player,Pat Garrity,,,,False,3273,1998-06-24
trade,DAL,MIL,player,Dirk Nowitzki,,,,False,3274,1998-06-24
trade,ATL,CHI,player,Cory Carr,,,,False,3275,1998-06-24
trade,ATL,CHI,player,Lari Ketner,,,,False,3276,1998-06-24
trade,ATL,CHI,player,Khalid El-Amin,,,,False,3277,1998-06-24
trade,ATL,CHI,pick,1999 2nd round draft pick,,,,False,3278,1998-06-24
trade,ATL,CHI,pick,2000 2nd round draft pick,,,,False,3279,1998-06-24
trade,NYK,TOR,player,Sean Marks,,,,False,3280,1998-06-25
trade,NYK,TOR,player,Charles Oakley,,,,False,3281,1998-06-25
trade,BOS,LAL,player,Travis Knight,,,,False,3282,1999-01-21
trade,BOS,LAL,player,Tony Battie,,,,False,3283,1999-01-21
trade,DEN,MIN,player,Dean Garrett,,,,False,3284,1999-01-21
trade,DEN,MIN,player,Bobby Jackson,,,,False,3285,1999-01-21
trade,DEN,TOR,player,Jonathan Bender,,,,False,3286,1999-01-21
trade,DEN,TOR,pick,1999 1st round draft pick,,,,False,3287,1999-01-21
trade,MIN,TOR,player,Å½eljko RebraÄa,,,,False,3288,1999-01-21
trade,MIN,TOR,player,Micheal Williams,,,,False,3289,1999-01-21
trade,MIN,TOR,player,Morris Peterson,,,,False,3290,1999-01-21
trade,MIN,TOR,pick,2000 1st round draft pick,,,,False,3291,1999-01-21
trade,TOR,DEN,player,Chauncey Billups,,,,False,3292,1999-01-21
trade,TOR,DEN,player,Tyson Wheeler,,,,False,3293,1999-01-21
trade,GSW,NYK,player,Latrell Sprewell,,,,False,3294,1999-01-21
trade,GSW,NYK,player,Terry Cummings,,,,False,3295,1999-01-21
trade,GSW,NYK,player,Chris Mills,,,,False,3296,1999-01-21
trade,GSW,NYK,player,John Starks,,,,False,3297,1999-01-21
trade,CHI,SAS,player,Steve Kerr,,,,False,3298,1999-01-21
trade,CHI,SAS,player,Chuck Person,,,,False,3299,1999-01-21
trade,CHI,SAS,player,Dalibor BagariÄ,,,,False,3300,1999-01-21
trade,CHI,SAS,pick,2000 1st round draft pick,,,,False,3301,1999-01-21
trade,New Jersey Nets,Seattle SuperSonics,player,Michael Cage,,,,False,3302,1999-01-21
trade,New Jersey Nets,Seattle SuperSonics,player,Don MacLean,,,,False,3303,1999-01-21
trade,New Jersey Nets,Seattle SuperSonics,player,Jim McIlvaine,,,,False,3304,1999-01-21
trade,DEN,ORL,player,Keyon Dooling,,,,False,3305,1999-01-21
trade,DEN,ORL,pick,2000 1st round draft pick,,,,False,3306,1999-01-21
trade,HOU,PHI,player,Mirsad TÃ¼rkcan,,,,False,3307,1999-01-21
trade,HOU,PHI,player,Carlos Delfino,,,,False,3308,1999-01-21
trade,HOU,PHI,pick,2003 1st round draft pick,,,,False,3309,1999-01-21
trade,CHI,HOU,player,Scottie Pippen,,,,False,3310,1999-01-22
trade,CHI,HOU,player,Roy Rogers,,,,False,3311,1999-01-22
trade,CHI,HOU,player,Jake Voskuhl,,,,False,3312,1999-01-22
trade,CHI,HOU,pick,2000 2nd round draft pick,,,,False,3313,1999-01-22
trade,DET,POR,player,Bonzi Wells,,,,False,3314,1999-01-22
trade,DET,POR,player,Jumaine Jones,,,,False,3315,1999-01-22
trade,DET,POR,player,Scoonie Penn,,,,False,3316,1999-01-22
trade,DET,POR,pick,1999 1st round draft pick,,,,False,3317,1999-01-22
trade,DET,POR,pick,2000 2nd round draft pick,,,,False,3318,1999-01-22
trade,ATL,DET,player,Christian Laettner,,,,False,3319,1999-01-22
trade,ATL,DET,player,Scot Pollard,,,,False,3320,1999-01-22
trade,ATL,DET,player,Jumaine Jones,,,,False,3321,1999-01-22
trade,ATL,DET,pick,1999 1st round draft pick,,,,False,3322,1999-01-22
trade,CHI,MIL,player,Andre Hutson,,,,False,3323,1999-01-22
trade,CHI,MIL,pick,2001 2nd round draft pick,,,,False,3324,1999-01-22
trade,CHI,PHO,player,Luc Longley,,,,False,3325,1999-01-23
trade,CHI,PHO,player,Mark Bryant,,,,False,3326,1999-01-23
trade,CHI,PHO,player,Martin MÃ¼Ã¼rsepp,,,,False,3327,1999-01-23
trade,CHI,PHO,player,Bubba Wells,,,,False,3328,1999-01-23
trade,CHI,PHO,player,Metta World Peace,,,,False,3329,1999-01-23
trade,CHI,PHO,pick,1999 1st round draft pick,,,,False,3330,1999-01-23
trade,GSW,UTA,player,Todd Fuller,,,,False,3331,1999-02-04
trade,GSW,UTA,player,Chris Porter,,,,False,3332,1999-02-04
trade,GSW,UTA,pick,2000 2nd round draft pick,,,,False,3333,1999-02-04
trade,CHO,LAL,player,B.J. Armstrong,,,,False,3334,1999-03-10
trade,CHO,LAL,player,J.R. Reid,,,,False,3335,1999-03-10
trade,CHO,LAL,player,Glen Rice,,,,False,3336,1999-03-10
trade,CHO,LAL,player,Elden Campbell,,,,False,3337,1999-03-10
trade,CHO,LAL,player,Eddie Jones,,,,False,3338,1999-03-10
trade,MIL,MIN,player,Terrell Brandon,,,,False,3339,1999-03-11
trade,MIL,New Jersey Nets,player,Elliot Perry,,,,False,3340,1999-03-11
trade,MIN,MIL,player,Paul Grant,,,,False,3341,1999-03-11
trade,MIN,New Jersey Nets,player,Chris Carr,,,,False,3342,1999-03-11
trade,MIN,New Jersey Nets,player,Bill Curley,,,,False,3343,1999-03-11
trade,MIN,New Jersey Nets,player,Stephon Marbury,,,,False,3344,1999-03-11
trade,New Jersey Nets,MIL,player,Sam Cassell,,,,False,3345,1999-03-11
trade,New Jersey Nets,MIL,player,Chris Gatling,,,,False,3346,1999-03-11
trade,New Jersey Nets,MIN,player,Brian Evans,,,,False,3347,1999-03-11
trade,New Jersey Nets,MIN,player,Wally Szczerbiak,,,,False,3348,1999-03-11
trade,New Jersey Nets,MIN,pick,1999 1st round draft pick,,,,False,3349,1999-03-11
trade,BOS,CLE,player,Andrew DeClercq,,,,False,3350,1999-03-11
trade,BOS,CLE,player,Andre Miller,,,,False,3351,1999-03-11
trade,BOS,CLE,pick,1999 1st round draft pick,,,,False,3352,1999-03-11
trade,MIL,PHI,player,Tyrone Hill,,,,False,3353,1999-03-11
trade,MIL,PHI,player,Jerald Honeycutt,,,,False,3354,1999-03-11
trade,MIL,PHI,player,Tim Thomas,,,,False,3355,1999-03-11
trade,MIL,PHI,player,Scott Williams,,,,False,3356,1999-03-11
trade,HOU,Vancouver Grizzlies,player,Rodrick Rhodes,,,,False,3357,1999-03-11
trade,HOU,Vancouver Grizzlies,player,Sam Mack,,,,False,3358,1999-03-11
trade,NYK,PHI,player,Quentin Richardson,,,,False,3359,1999-03-11
trade,NYK,PHI,pick,2000 1st round draft pick,,,,False,3360,1999-03-11
trade,ATL,GSW,player,Mookie Blaylock,,,,False,3361,1999-06-29
trade,ATL,GSW,player,Jeff Foster,,,,False,3362,1999-06-29
trade,ATL,GSW,pick,1999 1st round draft pick,,,,False,3363,1999-06-29
trade,ATL,GSW,pick,1999 1st round draft pick,,,,False,3364,1999-06-29
trade,DAL,SAS,player,Gordan GiriÄek,,,,False,3365,1999-06-30
trade,DAL,SAS,player,Chris Carrawell,,,,False,3366,1999-06-30
trade,DAL,SAS,pick,2000 2nd round draft pick,,,,False,3367,1999-06-30
trade,GSW,IND,player,Jeff Foster,,,,False,3368,1999-06-30
trade,GSW,IND,player,Vonteego Cummings,,,,False,3369,1999-06-30
trade,GSW,IND,player,Troy Murphy,,,,False,3370,1999-06-30
trade,GSW,IND,pick,2001 1st round draft pick,,,,False,3371,1999-06-30
trade,ORL,Seattle SuperSonics,player,Horace Grant,,,,False,3372,1999-06-30
trade,ORL,Seattle SuperSonics,player,Olumide Oyedeji,,,,False,3373,1999-06-30
trade,ORL,Seattle SuperSonics,player,Bobby Simmons,,,,False,3374,1999-06-30
trade,ORL,Seattle SuperSonics,pick,2000 2nd round draft pick,,,,False,3375,1999-06-30
trade,ORL,Seattle SuperSonics,pick,2001 2nd round draft pick,,,,False,3376,1999-06-30
trade,ATL,PHI,player,Jumaine Jones,,,,False,3377,1999-06-30
trade,ATL,PHI,player,Quentin Richardson,,,,False,3378,1999-06-30
trade,ATL,PHI,pick,2000 1st round draft pick,,,,False,3379,1999-06-30
trade,IND,TOR,player,Antonio Davis,,,,False,3380,1999-08-01
trade,IND,TOR,player,Jonathan Bender,,,,False,3381,1999-08-01
trade,ATL,POR,player,Ed Gray,,,,False,3382,1999-08-02
trade,ATL,POR,player,Steve Smith,,,,False,3383,1999-08-02
trade,ATL,POR,player,Jim Jackson,,,,False,3384,1999-08-02
trade,ATL,POR,player,Isaiah Rider,,,,False,3385,1999-08-02
trade,ORL,SAC,player,Nick Anderson,,,,False,3386,1999-08-03
trade,ORL,SAC,player,Tariq Abdul-Wahad,,,,False,3387,1999-08-03
trade,ORL,SAC,player,Kendrick Perkins,,,,False,3388,1999-08-03
trade,ORL,SAC,pick,2003 1st round draft pick,,,,False,3389,1999-08-03
trade,BOS,DEN,player,Popeye Jones,,,,False,3390,1999-08-03
trade,BOS,DEN,player,Ron Mercer,,,,False,3391,1999-08-03
trade,BOS,DEN,player,Dwayne Schintzius,,,,False,3392,1999-08-03
trade,BOS,DEN,player,Danny Fortson,,,,False,3393,1999-08-03
trade,BOS,DEN,player,Eric Washington,,,,False,3394,1999-08-03
trade,BOS,DEN,player,Eric Williams,,,,False,3395,1999-08-03
trade,BOS,DEN,player,Kedrick Brown,,,,False,3396,1999-08-03
trade,BOS,DEN,pick,2001 1st round draft pick,,,,False,3397,1999-08-03
trade,CLE,LAC,player,Derek Anderson,,,,False,3398,1999-08-04
trade,CLE,LAC,player,Johnny Newman,,,,False,3399,1999-08-04
trade,CLE,LAC,player,Lamond Murray,,,,False,3400,1999-08-04
trade,ORL,PHO,player,Anfernee Hardaway,,,,False,3401,1999-08-05
trade,ORL,PHO,player,Pat Garrity,,,,False,3402,1999-08-05
trade,ORL,PHO,player,Danny Manning,,,,False,3403,1999-08-05
trade,ORL,PHO,player,Jason Collins,,,,False,3404,1999-08-05
trade,ORL,PHO,player,Amar'e Stoudemire,,,,False,3405,1999-08-05
trade,ORL,PHO,pick,2001 1st round draft pick,,,,False,3406,1999-08-05
trade,ORL,PHO,pick,2002 1st round draft pick,,,,False,3407,1999-08-05
trade,ATL,LAC,player,Quentin Richardson,,,,False,3408,1999-08-08
trade,ATL,LAC,player,Chris Wilcox,,,,False,3409,1999-08-08
trade,ATL,LAC,pick,2000 1st round draft pick,,,,False,3410,1999-08-08
trade,ATL,LAC,pick,2002 1st round draft pick,,,,False,3411,1999-08-08
trade,ORL,WAS,player,Isaac Austin,,,,False,3412,1999-08-11
trade,ORL,WAS,player,Terry Davis,,,,False,3413,1999-08-11
trade,ORL,WAS,player,Tim Legler,,,,False,3414,1999-08-11
trade,ORL,WAS,player,Jeff McInnis,,,,False,3415,1999-08-11
trade,ORL,WAS,player,Ben Wallace,,,,False,3416,1999-08-11
trade,CHI,Seattle SuperSonics,player,Brent Barry,,,,False,3417,1999-08-12
trade,CHI,Seattle SuperSonics,player,James Cotton,,,,False,3418,1999-08-12
trade,CHI,Seattle SuperSonics,player,Hersey Hawkins,,,,False,3419,1999-08-12
trade,ORL,PHI,player,Billy Owens,,,,False,3420,1999-08-13
trade,ORL,PHI,player,Harvey Grant,,,,False,3421,1999-08-13
trade,ORL,PHI,player,Anthony Parker,,,,False,3422,1999-08-13
trade,MIL,ORL,player,Chris Gatling,,,,False,3423,1999-08-19
trade,MIL,ORL,player,Armen Gilliam,,,,False,3424,1999-08-19
trade,MIL,ORL,player,Dale Ellis,,,,False,3425,1999-08-19
trade,MIL,ORL,player,Danny Manning,,,,False,3426,1999-08-19
trade,HOU,Vancouver Grizzlies,player,Antoine Carr,,,,False,3427,1999-08-27
trade,HOU,Vancouver Grizzlies,player,Michael Dickerson,,,,False,3428,1999-08-27
trade,HOU,Vancouver Grizzlies,player,Othella Harrington,,,,False,3429,1999-08-27
trade,HOU,Vancouver Grizzlies,player,Brent Price,,,,False,3430,1999-08-27
trade,HOU,Vancouver Grizzlies,player,Marcus Banks,,,,False,3431,1999-08-27
trade,HOU,Vancouver Grizzlies,pick,2003 1st round draft pick,,,,False,3432,1999-08-27
trade,ORL,HOU,player,Don MacLean,,,,False,3433,1999-08-27
trade,ORL,HOU,player,Jason Collins,,,,False,3434,1999-08-27
trade,ORL,HOU,pick,2001 1st round draft pick,,,,False,3435,1999-08-27
trade,ORL,Vancouver Grizzlies,player,Matt Barnes,,,,False,3436,1999-08-27
trade,ORL,Vancouver Grizzlies,pick,2002 2nd round draft pick,,,,False,3437,1999-08-27
trade,Vancouver Grizzlies,HOU,player,Steve Francis,,,,False,3438,1999-08-27
trade,Vancouver Grizzlies,HOU,player,Tony Massenburg,,,,False,3439,1999-08-27
trade,Vancouver Grizzlies,ORL,player,Lee Mayberry,,,,False,3440,1999-08-27
trade,Vancouver Grizzlies,ORL,player,Makhtar N'Diaye,,,,False,3441,1999-08-27
trade,Vancouver Grizzlies,ORL,player,Rodrick Rhodes,,,,False,3442,1999-08-27
trade,Vancouver Grizzlies,ORL,player,Michael Smith,,,,False,3443,1999-08-27
trade,DAL,LAL,player,A.C. Green,,,,False,3444,1999-09-01
trade,DAL,LAL,player,Sean Rooks,,,,False,3445,1999-09-01
trade,DAL,LAL,player,Pete Mickeal,,,,False,3446,1999-09-01
trade,DAL,LAL,pick,2000 2nd round draft pick,,,,False,3447,1999-09-01
trade,ORL,WAS,player,Laron Profit,,,,False,3448,1999-09-22
trade,ORL,WAS,player,Omar Cook,,,,False,3449,1999-09-22
trade,ORL,WAS,pick,2001 2nd round draft pick,,,,False,3450,1999-09-22
trade,LAC,New Jersey Nets,player,Johnny Newman,,,,False,3451,1999-09-23
trade,LAC,New Jersey Nets,player,Eric Murdock,,,,False,3452,1999-09-23
trade,CHI,DAL,player,Dan Langhi,,,,False,3453,1999-09-29
trade,CHI,DAL,pick,2000 2nd round draft pick,,,,False,3454,1999-09-29
trade,HOU,POR,player,Scottie Pippen,,,,False,3455,1999-10-02
trade,HOU,POR,player,Stacey Augmon,,,,False,3456,1999-10-02
trade,HOU,POR,player,Kelvin Cato,,,,False,3457,1999-10-02
trade,HOU,POR,player,Ed Gray,,,,False,3458,1999-10-02
trade,HOU,POR,player,Carlos Rogers,,,,False,3459,1999-10-02
trade,HOU,POR,player,Brian Shaw,,,,False,3460,1999-10-02
trade,HOU,POR,player,Walt Williams,,,,False,3461,1999-10-02
trade,CHO,MIL,player,Jason Hart,,,,False,3462,2000-01-18
trade,CHO,MIL,player,Chris Owens,,,,False,3463,2000-01-18
trade,CHO,MIL,pick,2000 2nd round draft pick,,,,False,3464,2000-01-18
trade,CHO,MIL,pick,2002 2nd round draft pick,,,,False,3465,2000-01-18
trade,DEN,ORL,player,Chauncey Billups,,,,False,3466,2000-02-01
trade,DEN,ORL,player,Ron Mercer,,,,False,3467,2000-02-01
trade,DEN,ORL,player,Johnny Taylor,,,,False,3468,2000-02-01
trade,DEN,ORL,player,Tariq Abdul-Wahad,,,,False,3469,2000-02-01
trade,DEN,ORL,player,Omar Cook,,,,False,3470,2000-02-01
trade,DEN,ORL,player,Chris Gatling,,,,False,3471,2000-02-01
trade,DEN,ORL,pick,2001 in lieu of the future 1st round draft pick,,,,False,3472,2000-02-01
trade,CHI,PHI,player,Toni KukoÄ,,,,False,3473,2000-02-16
trade,GSW,CHI,player,John Starks,,,,False,3474,2000-02-16
trade,GSW,CHI,player,Chris Mihm,,,,False,3475,2000-02-16
trade,GSW,CHI,pick,2000 1st round draft pick,,,,False,3476,2000-02-16
trade,PHI,CHI,player,Bruce Bowen,,,,False,3477,2000-02-16
trade,PHI,GSW,player,Larry Hughes,,,,False,3478,2000-02-16
trade,PHI,GSW,player,Billy Owens,,,,False,3479,2000-02-16
trade,ATL,ORL,player,Anthony Johnson,,,,False,3480,2000-02-24
trade,ATL,ORL,player,Viktor Sanikidze,,,,False,3481,2000-02-24
trade,ATL,ORL,pick,2004 2nd round draft pick,,,,False,3482,2000-02-24
trade,DEN,UTA,player,Joseph Forte,,,,False,3483,2000-06-23
trade,DEN,UTA,pick,2001 1st round draft pick,,,,False,3484,2000-06-23
trade,DEN,UTA,pick,2000 1st round draft pick,,,,False,3485,2000-06-23
trade,CLE,GSW,player,Bob Sura,,,,False,3486,2000-06-27
trade,GSW,MIL,player,Jason Caffey,,,,False,3487,2000-06-27
trade,GSW,MIL,player,Billy Owens,,,,False,3488,2000-06-27
trade,MIL,CLE,player,J.R. Reid,,,,False,3489,2000-06-27
trade,MIL,CLE,player,Robert Traylor,,,,False,3490,2000-06-27
trade,MIL,GSW,player,Vinny Del Negro,,,,False,3491,2000-06-27
trade,DEN,MIA,player,Chris Gatling,,,,False,3492,2000-06-27
trade,DEN,MIA,player,Eddie House,,,,False,3493,2000-06-27
trade,DEN,MIA,pick,2000 2nd round draft pick,,,,False,3494,2000-06-27
trade,BOS,Seattle SuperSonics,player,Earl Watson,,,,False,3495,2000-06-28
trade,BOS,Seattle SuperSonics,player,Michael Wright,,,,False,3496,2000-06-28
trade,BOS,Seattle SuperSonics,pick,2001 2nd round draft pick,,,,False,3497,2000-06-28
trade,BOS,Seattle SuperSonics,pick,2001 2nd round draft pick,,,,False,3498,2000-06-28
trade,CHI,CLE,player,Chris Mihm,,,,False,3499,2000-06-28
trade,CHI,CLE,player,Jamal Crawford,,,,False,3500,2000-06-28
trade,HOU,MIL,player,Joel Przybilla,,,,False,3501,2000-06-28
trade,HOU,MIL,player,Jason Collier,,,,False,3502,2000-06-28
trade,HOU,MIL,player,Jeryl Sasser,,,,False,3503,2000-06-28
trade,HOU,MIL,pick,2001 1st round draft pick,,,,False,3504,2000-06-28
trade,DAL,ORL,player,Brandon Armstrong,,,,False,3505,2000-06-28
trade,DAL,ORL,pick,2001 1st round draft pick,,,,False,3506,2000-06-28
trade,DAL,HOU,player,Dan Langhi,,,,False,3507,2000-06-28
trade,DAL,HOU,player,Eduardo NÃ¡jera,,,,False,3508,2000-06-28
trade,DAL,HOU,player,Kyle Hill,,,,False,3509,2000-06-28
trade,DAL,HOU,pick,2001 2nd round draft pick,,,,False,3510,2000-06-28
trade,LAC,ORL,player,Marcus Williams,,,,False,3511,2000-06-28
trade,LAC,ORL,pick,2006 1st round draft pick,,,,False,3512,2000-06-28
trade,DAL,NYK,player,Pete Mickeal,,,,False,3513,2000-06-28
trade,DAL,NYK,player,Erick Strickland,,,,False,3514,2000-06-28
trade,DAL,NYK,player,Donnell Harvey,,,,False,3515,2000-06-28
trade,DAL,NYK,player,John Wallace,,,,False,3516,2000-06-28
trade,DAL,LAC,player,Sean Rooks,,,,False,3517,2000-06-28
trade,DAL,LAC,player,Eric Murdock,,,,False,3518,2000-06-28
trade,LAL,SAS,player,Robetas Javtokas,,,,False,3519,2000-06-28
trade,LAL,SAS,player,Randy Holcomb,,,,False,3520,2000-06-28
trade,LAL,SAS,pick,2001 2nd round draft pick,,,,False,3521,2000-06-28
trade,LAL,SAS,pick,2002 2nd round draft pick,,,,False,3522,2000-06-28
trade,CHO,MIA,player,Ricky Davis,,,,False,3523,2000-08-01
trade,CHO,MIA,player,Dale Ellis,,,,False,3524,2000-08-01
trade,CHO,MIA,player,Eddie Jones,,,,False,3525,2000-08-01
trade,CHO,MIA,player,Anthony Mason,,,,False,3526,2000-08-01
trade,CHO,MIA,player,P.J. Brown,,,,False,3527,2000-08-01
trade,CHO,MIA,player,Rodney Buford,,,,False,3528,2000-08-01
trade,CHO,MIA,player,Tim James,,,,False,3529,2000-08-01
trade,CHO,MIA,player,Jamal Mashburn,,,,False,3530,2000-08-01
trade,CHO,MIA,player,Otis Thorpe,,,,False,3531,2000-08-01
trade,DET,ORL,player,Grant Hill,,,,False,3532,2000-08-03
trade,DET,ORL,player,Chucky Atkins,,,,False,3533,2000-08-03
trade,DET,ORL,player,Ben Wallace,,,,False,3534,2000-08-03
trade,CLE,ORL,player,Andrew DeClercq,,,,False,3535,2000-08-03
trade,CLE,ORL,player,Matt Harpring,,,,False,3536,2000-08-03
trade,ORL,TOR,player,Fran VÃ¡zquez,,,,False,3537,2000-08-03
trade,ORL,TOR,pick,2005 1st round draft pick,,,,False,3538,2000-08-03
trade,BOS,DAL,player,Dana Barros,,,,False,3539,2000-08-16
trade,BOS,GSW,player,Danny Fortson,,,,False,3540,2000-08-16
trade,DAL,BOS,player,Robert Pack,,,,False,3541,2000-08-16
trade,DAL,BOS,player,Hot Rod Williams,,,,False,3542,2000-08-16
trade,DAL,UTA,player,Bruno Å undov,,,,False,3543,2000-08-16
trade,GSW,DAL,player,Bill Curley,,,,False,3544,2000-08-16
trade,GSW,UTA,player,Donyell Marshall,,,,False,3545,2000-08-16
trade,UTA,BOS,player,Joseph Forte,,,,False,3546,2000-08-16
trade,UTA,BOS,pick,2001 1st round draft pick,,,,False,3547,2000-08-16
trade,UTA,DAL,player,Howard Eisley,,,,False,3548,2000-08-16
trade,UTA,GSW,player,Adam Keefe,,,,False,3549,2000-08-16
trade,Vancouver Grizzlies,WAS,player,Obinna Ekezie,,,,False,3550,2000-08-22
trade,Vancouver Grizzlies,WAS,player,Felipe LÃ³pez,,,,False,3551,2000-08-22
trade,Vancouver Grizzlies,WAS,player,Cherokee Parks,,,,False,3552,2000-08-22
trade,Vancouver Grizzlies,WAS,player,Dennis Scott,,,,False,3553,2000-08-22
trade,Vancouver Grizzlies,WAS,player,Isaac Austin,,,,False,3554,2000-08-22
trade,DET,MIL,player,Lindsey Hunter,,,,False,3555,2000-08-22
trade,DET,MIL,player,Billy Owens,,,,False,3556,2000-08-22
trade,DAL,DET,player,Cedric Ceballos,,,,False,3557,2000-08-29
trade,DAL,DET,player,Eric Murdock,,,,False,3558,2000-08-29
trade,DAL,DET,player,John Wallace,,,,False,3559,2000-08-29
trade,DAL,DET,player,Christian Laettner,,,,False,3560,2000-08-29
trade,DAL,DET,player,Terry Mills,,,,False,3561,2000-08-29
trade,CLE,POR,player,Shawn Kemp,,,,False,3562,2000-08-30
trade,MIA,CLE,player,Chris Gatling,,,,False,3563,2000-08-30
trade,MIA,CLE,player,Clarence Weatherspoon,,,,False,3564,2000-08-30
trade,MIA,CLE,player,Brendan Haywood,,,,False,3565,2000-08-30
trade,MIA,CLE,pick,2001 1st round draft pick,,,,False,3566,2000-08-30
trade,POR,CLE,player,Gary Grant,,,,False,3567,2000-08-30
trade,POR,MIA,player,Brian Grant,,,,False,3568,2000-08-30
trade,IND,POR,player,Dale Davis,,,,False,3569,2000-08-31
trade,IND,POR,player,Joe Kleine,,,,False,3570,2000-08-31
trade,IND,POR,player,Jermaine O'Neal,,,,False,3571,2000-08-31
trade,LAL,NYK,player,Travis Knight,,,,False,3572,2000-09-20
trade,LAL,NYK,player,Glen Rice,,,,False,3573,2000-09-20
trade,LAL,NYK,player,Jamaal Tinsley,,,,False,3574,2000-09-20
trade,LAL,NYK,pick,2001 1st round draft pick,,,,False,3575,2000-09-20
trade,NYK,PHO,player,Chris Dudley,,,,False,3576,2000-09-20
trade,NYK,PHO,player,Jason Collins,,,,False,3577,2000-09-20
trade,NYK,PHO,pick,2001 1st round draft pick,,,,False,3578,2000-09-20
trade,NYK,Seattle SuperSonics,player,Patrick Ewing,,,,False,3579,2000-09-20
trade,PHO,NYK,player,Luc Longley,,,,False,3580,2000-09-20
trade,Seattle SuperSonics,LAL,player,Emanual Davis,,,,False,3581,2000-09-20
trade,Seattle SuperSonics,LAL,player,Greg Foster,,,,False,3582,2000-09-20
trade,Seattle SuperSonics,LAL,player,Horace Grant,,,,False,3583,2000-09-20
trade,Seattle SuperSonics,LAL,player,Chuck Person,,,,False,3584,2000-09-20
trade,Seattle SuperSonics,NYK,player,Lazaro Borrell,,,,False,3585,2000-09-20
trade,Seattle SuperSonics,NYK,player,Vernon Maxwell,,,,False,3586,2000-09-20
trade,Seattle SuperSonics,NYK,player,Vladimir Stepania,,,,False,3587,2000-09-20
trade,Seattle SuperSonics,NYK,player,Eric Chenowith,,,,False,3588,2000-09-20
trade,Seattle SuperSonics,NYK,player,Michael Wright,,,,False,3589,2000-09-20
trade,Seattle SuperSonics,NYK,player,Kareem Rush,,,,False,3590,2000-09-20
trade,Seattle SuperSonics,NYK,pick,2001 2nd round draft pick,,,,False,3591,2000-09-20
trade,Seattle SuperSonics,NYK,pick,2001 2nd round draft pick,,,,False,3592,2000-09-20
trade,Seattle SuperSonics,NYK,pick,2002 1st round draft pick,,,,False,3593,2000-09-20
trade,DEN,WAS,player,Popeye Jones,,,,False,3594,2000-09-25
trade,DEN,WAS,player,Rod Grizzard,,,,False,3595,2000-09-25
trade,DEN,WAS,pick,2002 2nd round draft pick,,,,False,3596,2000-09-25
trade,CHI,HOU,player,Robert Whaley,,,,False,3597,2000-09-28
trade,CHI,HOU,player,Dee Brown,,,,False,3598,2000-09-28
trade,CHI,HOU,pick,2005 2nd round draft pick,,,,False,3599,2000-09-28
trade,CHI,HOU,pick,2006 2nd round draft pick,,,,False,3600,2000-09-28
trade,SAC,TOR,player,Corliss Williamson,,,,False,3601,2000-09-30
trade,SAC,TOR,player,Doug Christie,,,,False,3602,2000-09-30
trade,BOS,DEN,player,Calbert Cheaney,,,,False,3603,2000-10-16
trade,BOS,DEN,player,Robert Pack,,,,False,3604,2000-10-16
trade,BOS,DEN,player,Chris Herren,,,,False,3605,2000-10-16
trade,BOS,DEN,player,Bryant Stith,,,,False,3606,2000-10-16
trade,DAL,DET,player,Dana Barros,,,,False,3607,2000-10-17
trade,DAL,DET,player,Ansu Sesay,,,,False,3608,2000-10-17
trade,DAL,DET,player,Loy Vaught,,,,False,3609,2000-10-17
trade,DET,MIA,player,Cedric Ceballos,,,,False,3610,2000-11-26
trade,DET,MIA,player,Rasual Butler,,,,False,3611,2000-11-26
trade,DET,MIA,player,Tommy Smith,,,,False,3612,2000-11-26
trade,DET,MIA,pick,2002 2nd round draft pick,,,,False,3613,2000-11-26
trade,DET,MIA,pick,2003 2nd round draft pick,,,,False,3614,2000-11-26
trade,DET,MIA,pick,2002 2nd round draft pick,,,,False,3615,2000-11-26
trade,LAC,WAS,player,Tyrone Nesby,,,,False,3616,2000-11-28
trade,LAC,WAS,player,Obinna Ekezie,,,,False,3617,2000-11-28
trade,LAC,WAS,player,Cherokee Parks,,,,False,3618,2000-11-28
trade,ATL,CLE,player,Jim Jackson,,,,False,3619,2001-01-02
trade,ATL,CLE,player,Anthony Johnson,,,,False,3620,2001-01-02
trade,ATL,CLE,player,Larry Robinson,,,,False,3621,2001-01-02
trade,ATL,CLE,player,Brevin Knight,,,,False,3622,2001-01-02
trade,DEN,TOR,player,Keon Clark,,,,False,3623,2001-01-12
trade,DEN,TOR,player,Tracy Murray,,,,False,3624,2001-01-12
trade,DEN,TOR,player,Mamadou N'Diaye,,,,False,3625,2001-01-12
trade,DEN,TOR,player,Garth Joseph,,,,False,3626,2001-01-12
trade,DEN,TOR,player,Aleksandar RadojeviÄ,,,,False,3627,2001-01-12
trade,DEN,TOR,player,Kevin Willis,,,,False,3628,2001-01-12
trade,DEN,TOR,player,Ousmane Cisse,,,,False,3629,2001-01-12
trade,DEN,TOR,pick,2001 2nd round draft pick,,,,False,3630,2001-01-12
trade,GSW,PHO,player,Vinny Del Negro,,,,False,3631,2001-01-26
trade,GSW,PHO,player,Corie Blount,,,,False,3632,2001-01-26
trade,GSW,PHO,player,RubÃ©n GarcÃ©s,,,,False,3633,2001-01-26
trade,GSW,PHO,player,Paul McPherson,,,,False,3634,2001-01-26
trade,NYK,Vancouver Grizzlies,player,Erick Strickland,,,,False,3635,2001-01-30
trade,NYK,Vancouver Grizzlies,player,Jamaal Tinsley,,,,False,3636,2001-01-30
trade,NYK,Vancouver Grizzlies,player,Antonis Fotsis,,,,False,3637,2001-01-30
trade,NYK,Vancouver Grizzlies,pick,2001 1st round draft pick,,,,False,3638,2001-01-30
trade,NYK,Vancouver Grizzlies,pick,2001 2nd round draft pick,,,,False,3639,2001-01-30
trade,ATL,PHI,player,Roshown McLeod,,,,False,3640,2001-02-22
trade,ATL,PHI,player,Dikembe Mutombo,,,,False,3641,2001-02-22
trade,ATL,PHI,player,Toni KukoÄ,,,,False,3642,2001-02-22
trade,ATL,PHI,player,Nazr Mohammed,,,,False,3643,2001-02-22
trade,ATL,PHI,player,Theo Ratliff,,,,False,3644,2001-02-22
trade,ATL,PHI,player,Pepe SÃ¡nchez,,,,False,3645,2001-02-22
trade,DET,TOR,player,Eric Montross,,,,False,3646,2001-02-22
trade,DET,TOR,player,Jerome Williams,,,,False,3647,2001-02-22
trade,DET,TOR,player,Tyrone Corbin,,,,False,3648,2001-02-22
trade,DET,TOR,player,KornÃ©l DÃ¡vid,,,,False,3649,2001-02-22
trade,DET,TOR,player,Corliss Williamson,,,,False,3650,2001-02-22
trade,DET,TOR,player,Fran VÃ¡zquez,,,,False,3651,2001-02-22
trade,DET,TOR,pick,2005 1st round draft pick,,,,False,3652,2001-02-22
trade,NYK,TOR,player,Chris Childs,,,,False,3653,2001-02-22
trade,NYK,TOR,player,Kareem Rush,,,,False,3654,2001-02-22
trade,NYK,TOR,pick,2002 1st round draft pick,,,,False,3655,2001-02-22
trade,DAL,WAS,player,Courtney Alexander,,,,False,3656,2001-02-22
trade,DAL,WAS,player,Hubert Davis,,,,False,3657,2001-02-22
trade,DAL,WAS,player,Christian Laettner,,,,False,3658,2001-02-22
trade,DAL,WAS,player,Etan Thomas,,,,False,3659,2001-02-22
trade,DAL,WAS,player,Loy Vaught,,,,False,3660,2001-02-22
trade,DET,ORL,player,Fran VÃ¡zquez,,,,False,3661,2001-06-02
trade,DET,ORL,pick,2005 1st round draft pick,,,,False,3662,2001-06-02
trade,ORL,HOU,player,Brandon Armstrong,,,,False,3663,2001-06-02
trade,ORL,HOU,player,Jeryl Sasser,,,,False,3664,2001-06-02
trade,ORL,HOU,pick,2001 1st round draft pick,,,,False,3665,2001-06-02
trade,ORL,HOU,pick,2001 1st round draft pick,,,,False,3666,2001-06-02
trade,CHO,CHI,player,Sean Lampley,,,,False,3667,2001-06-14
trade,CHO,CHI,pick,2001 2nd round draft pick,,,,False,3668,2001-06-14
trade,LAC,PHI,player,Damone Brown,,,,False,3669,2001-06-26
trade,LAC,PHI,pick,2001 2nd round draft pick,,,,False,3670,2001-06-26
trade,DEN,ORL,player,Omar Cook,,,,False,3671,2001-06-27
trade,ATL,HOU,player,Terence Morris,,,,False,3672,2001-06-27
trade,ATL,HOU,player,Carlos Delfino,,,,False,3673,2001-06-27
trade,ATL,HOU,pick,2003 1st round draft pick,,,,False,3674,2001-06-27
trade,Seattle SuperSonics,WAS,player,Bobby Simmons,,,,False,3675,2001-06-27
trade,Seattle SuperSonics,WAS,player,Predrag Drobnjak,,,,False,3676,2001-06-27
trade,ATL,Vancouver Grizzlies,player,Pau Gasol,,,,False,3677,2001-06-27
trade,ATL,Vancouver Grizzlies,player,Brevin Knight,,,,False,3678,2001-06-27
trade,ATL,Vancouver Grizzlies,player,Lorenzen Wright,,,,False,3679,2001-06-27
trade,ATL,Vancouver Grizzlies,player,Shareef Abdur-Rahim,,,,False,3680,2001-06-27
trade,ATL,Vancouver Grizzlies,player,Jamaal Tinsley,,,,False,3681,2001-06-27
trade,ATL,IND,player,Jamaal Tinsley,,,,False,3682,2001-06-27
trade,ATL,IND,player,Boris Diaw,,,,False,3683,2001-06-27
trade,ATL,IND,pick,2003 1st round draft pick,,,,False,3684,2001-06-27
trade,SAC,Vancouver Grizzlies,player,Nick Anderson,,,,False,3685,2001-06-27
trade,SAC,Vancouver Grizzlies,player,Jason Williams,,,,False,3686,2001-06-27
trade,SAC,Vancouver Grizzlies,player,Mike Bibby,,,,False,3687,2001-06-27
trade,SAC,Vancouver Grizzlies,player,Brent Price,,,,False,3688,2001-06-27
trade,CHI,LAC,player,Elton Brand,,,,False,3689,2001-06-27
trade,CHI,LAC,player,Tyson Chandler,,,,False,3690,2001-06-27
trade,CHI,LAC,player,Brian Skinner,,,,False,3691,2001-06-27
trade,CLE,ORL,player,Brendan Haywood,,,,False,3692,2001-06-27
trade,CLE,ORL,player,Michael Doleac,,,,False,3693,2001-06-27
trade,HOU,New Jersey Nets,player,Brandon Armstrong,,,,False,3694,2001-06-27
trade,HOU,New Jersey Nets,player,Jason Collins,,,,False,3695,2001-06-27
trade,HOU,New Jersey Nets,player,Richard Jefferson,,,,False,3696,2001-06-27
trade,HOU,New Jersey Nets,player,Eddie Griffin,,,,False,3697,2001-06-27
trade,LAL,MIL,player,Greg Foster,,,,False,3698,2001-06-28
trade,LAL,MIL,player,Lindsey Hunter,,,,False,3699,2001-06-28
trade,DET,TOR,player,Tito Maddox,,,,False,3700,2001-07-18
trade,DET,TOR,pick,2002 2nd round draft pick,,,,False,3701,2001-07-18
trade,CHI,TOR,player,Brian Skinner,,,,False,3702,2001-07-18
trade,CHI,TOR,player,Charles Oakley,,,,False,3703,2001-07-18
trade,CHI,TOR,player,Jason Jennings,,,,False,3704,2001-07-18
trade,CHI,TOR,pick,2002 2nd round draft pick,,,,False,3705,2001-07-18
trade,New Jersey Nets,PHO,player,Stephon Marbury,,,,False,3706,2001-07-18
trade,New Jersey Nets,PHO,player,Johnny Newman,,,,False,3707,2001-07-18
trade,New Jersey Nets,PHO,player,Soumaila Samake,,,,False,3708,2001-07-18
trade,New Jersey Nets,PHO,player,Chris Dudley,,,,False,3709,2001-07-18
trade,New Jersey Nets,PHO,player,Jason Kidd,,,,False,3710,2001-07-18
trade,DET,PHO,player,Jud Buechler,,,,False,3711,2001-07-18
trade,DET,PHO,player,John Wallace,,,,False,3712,2001-07-18
trade,DET,PHO,player,Clifford Robinson,,,,False,3713,2001-07-18
trade,CHI,POR,player,Jason Jennings,,,,False,3714,2001-07-20
trade,CHI,POR,pick,2002 2nd round draft pick,,,,False,3715,2001-07-20
trade,POR,SAS,player,Steve Smith,,,,False,3716,2001-07-25
trade,POR,SAS,player,Derek Anderson,,,,False,3717,2001-07-25
trade,POR,SAS,player,Steve Kerr,,,,False,3718,2001-07-25
trade,POR,SAS,player,Andreas Glyniadakis,,,,False,3719,2001-07-25
trade,POR,SAS,pick,2003 2nd round draft pick,,,,False,3720,2001-07-25
trade,ORL,WAS,player,Brendan Haywood,,,,False,3721,2001-08-01
trade,ORL,WAS,player,Laron Profit,,,,False,3722,2001-08-01
trade,ORL,WAS,player,Julius Hodge,,,,False,3723,2001-08-01
trade,ORL,WAS,pick,2005 1st round draft pick,,,,False,3724,2001-08-01
trade,HOU,TOR,player,Hakeem Olajuwon,,,,False,3725,2001-08-02
trade,HOU,TOR,player,BoÅ¡tjan Nachbar,,,,False,3726,2001-08-02
trade,HOU,TOR,player,Tito Maddox,,,,False,3727,2001-08-02
trade,HOU,TOR,pick,2002 1st round draft pick,,,,False,3728,2001-08-02
trade,HOU,TOR,pick,2002 2nd round draft pick,,,,False,3729,2001-08-02
trade,CLE,PHI,player,Matt Harpring,,,,False,3730,2001-08-03
trade,CLE,PHI,player,Cedric Henderson,,,,False,3731,2001-08-03
trade,CLE,PHI,player,Robert Traylor,,,,False,3732,2001-08-03
trade,CLE,PHI,player,Tyrone Hill,,,,False,3733,2001-08-03
trade,CLE,PHI,player,Jumaine Jones,,,,False,3734,2001-08-03
trade,BOS,PHI,player,JÃ©rÃ´me MoÃ¯so,,,,False,3735,2001-08-03
trade,BOS,PHI,player,Roshown McLeod,,,,False,3736,2001-08-03
trade,BOS,PHI,player,Dahntay Jones,,,,False,3737,2001-08-03
trade,BOS,PHI,pick,2003 1st round draft pick,,,,False,3738,2001-08-03
trade,DAL,HOU,player,Kyle Hill,,,,True,3739,2001-08-10
trade,DAL,NYK,player,Howard Eisley,,,,True,3740,2001-08-10
trade,HOU,NYK,player,Shandon Anderson,,,,True,3741,2001-08-10
trade,NYK,DAL,player,Muggsy Bogues,,,,True,3742,2001-08-10
trade,NYK,HOU,player,Glen Rice,,,,True,3743,2001-08-10
trade,DAL,MIA,player,Matt Freije,,,,True,3744,2001-08-22
trade,DAL,MIA,pick,2004 2nd round draft pick,,,,True,3745,2001-08-22
trade,DET,SAC,player,Mateen Cleaves,,,,False,3746,2001-09-07
trade,DET,SAC,player,Jon Barry,,,,False,3747,2001-09-07
trade,DET,SAC,player,Carlos Delfino,,,,False,3748,2001-09-07
trade,DET,SAC,pick,2003 1st round draft pick,,,,False,3749,2001-09-07
trade,DAL,DEN,player,Kenny Satterfield,,,,False,3750,2001-09-25
trade,CHI,MIA,player,Sean Lampley,,,,False,3751,2001-10-01
trade,CHI,MIA,player,Tommy Smith,,,,False,3752,2001-10-01
trade,CHI,MIA,pick,2003 2nd round draft pick,,,,False,3753,2001-10-01
trade,DEN,MIL,player,Aleksandar RadojeviÄ,,,,False,3754,2001-10-22
trade,DEN,MIL,player,Kevin Willis,,,,False,3755,2001-10-22
trade,DEN,MIL,player,Scott Williams,,,,False,3756,2001-10-22
trade,DEN,MIL,player,Josh Smith,,,,False,3757,2001-10-22
trade,DEN,MIL,pick,2004 1st round draft pick,,,,False,3758,2001-10-22
trade,HOU,MIL,player,Dan Gadzuric,,,,False,3759,2001-10-22
trade,HOU,MIL,pick,2002 2nd round draft pick,,,,False,3760,2001-10-22
trade,CHO,PHI,player,Derrick Coleman,,,,False,3761,2001-10-25
trade,GSW,CHO,player,Chris Porter,,,,False,3762,2001-10-25
trade,GSW,PHI,player,Corie Blount,,,,False,3763,2001-10-25
trade,GSW,PHI,player,Vonteego Cummings,,,,False,3764,2001-10-25
trade,PHI,CHO,player,George Lynch,,,,False,3765,2001-10-25
trade,PHI,CHO,player,JÃ©rÃ´me MoÃ¯so,,,,False,3766,2001-10-25
trade,PHI,CHO,player,Robert Traylor,,,,False,3767,2001-10-25
trade,PHI,GSW,player,Cedric Henderson,,,,False,3768,2001-10-25
trade,PHI,GSW,player,Joey Graham,,,,False,3769,2001-10-25
trade,PHI,GSW,pick,2005 1st round draft pick,,,,False,3770,2001-10-25
trade,CLE,MIA,player,Chris Gatling,,,,False,3771,2001-10-26
trade,MIA,CLE,player,Ricky Davis,,,,False,3772,2001-10-26
trade,MIA,TOR,player,Don MacLean,,,,False,3773,2001-10-26
trade,TOR,CLE,player,Brian Skinner,,,,False,3774,2001-10-26
trade,CHI,PHO,player,Jake Voskuhl,,,,False,3775,2001-10-29
trade,CHI,PHO,player,Soumaila Samake,,,,False,3776,2001-10-29
trade,CHI,PHO,player,Matt Bonner,,,,False,3777,2001-10-29
trade,CHI,PHO,pick,2003 2nd round draft pick,,,,False,3778,2001-10-29
trade,LAC,POR,player,Doron Sheffer,,,,False,3779,2001-10-29
trade,LAC,POR,player,Will Perdue,,,,False,3780,2001-10-29
trade,ORL,PHO,player,Bo Outlaw,,,,False,3781,2001-11-16
trade,ORL,PHO,player,Amar'e Stoudemire,,,,False,3782,2001-11-16
trade,ORL,PHO,pick,2002 1st round draft pick,,,,False,3783,2001-11-16
trade,PHO,LAC,player,Vinny Del Negro,,,,False,3784,2001-11-16
trade,PHO,ORL,player,Jud Buechler,,,,False,3785,2001-11-16
trade,CHI,IND,player,Metta World Peace,,,,False,3786,2002-02-19
trade,CHI,IND,player,Ron Mercer,,,,False,3787,2002-02-19
trade,CHI,IND,player,Brad Miller,,,,False,3788,2002-02-19
trade,CHI,IND,player,Kevin Ollie,,,,False,3789,2002-02-19
trade,CHI,IND,player,Travis Best,,,,False,3790,2002-02-19
trade,CHI,IND,player,Norm Richardson,,,,False,3791,2002-02-19
trade,CHI,IND,player,Jalen Rose,,,,False,3792,2002-02-19
trade,CHI,IND,player,Lonny Baxter,,,,False,3793,2002-02-19
trade,CHI,IND,pick,2002 2nd round draft pick,,,,False,3794,2002-02-19
trade,BOS,PHO,player,Randy Brown,,,,False,3795,2002-02-20
trade,BOS,PHO,player,Joe Johnson,,,,False,3796,2002-02-20
trade,BOS,PHO,player,Milt Palacio,,,,False,3797,2002-02-20
trade,BOS,PHO,player,Casey Jacobsen,,,,False,3798,2002-02-20
trade,BOS,PHO,pick,2002 1st round draft pick,,,,False,3799,2002-02-20
trade,DAL,DEN,player,Tim Hardaway,,,,False,3800,2002-02-21
trade,DAL,DEN,player,Donnell Harvey,,,,False,3801,2002-02-21
trade,DAL,DEN,player,Juwan Howard,,,,False,3802,2002-02-21
trade,DAL,DEN,player,Frank Williams,,,,False,3803,2002-02-21
trade,DAL,DEN,pick,2002 1st round draft pick,,,,False,3804,2002-02-21
trade,GSW,MIN,player,Marc Jackson,,,,False,3805,2002-02-21
trade,GSW,MIN,player,Dean Garrett,,,,False,3806,2002-02-21
trade,GSW,MIN,player,Jermareo Davidson,,,,False,3807,2002-02-21
trade,GSW,MIN,pick,2007 2nd round draft pick,,,,False,3808,2002-02-21
trade,CHO,WAS,player,Juan Dixon,,,,False,3809,2002-06-25
trade,CHO,WAS,pick,2002 1st round draft pick,,,,False,3810,2002-06-25
trade,LAC,ORL,player,Mario Kasun,,,,False,3811,2002-06-26
trade,GSW,PHI,player,Viktor Sanikidze,,,,False,3812,2002-06-26
trade,GSW,PHI,player,Joey Graham,,,,False,3813,2002-06-26
trade,GSW,PHI,pick,2004 2nd round draft pick,,,,False,3814,2002-06-26
trade,GSW,PHI,pick,2005 1st round draft pick,,,,False,3815,2002-06-26
trade,ORL,UTA,player,Curtis Borchardt,,,,False,3816,2002-06-26
trade,ORL,UTA,player,Ryan Humphrey,,,,False,3817,2002-06-26
trade,ORL,UTA,player,Jamal Sampson,,,,False,3818,2002-06-26
trade,MIL,ORL,player,Rashard Griffith,,,,False,3819,2002-06-26
trade,MIL,ORL,player,Jamal Sampson,,,,False,3820,2002-06-26
trade,DEN,NYK,player,Antonio McDyess,,,,False,3821,2002-06-26
trade,DEN,NYK,player,Frank Williams,,,,False,3822,2002-06-26
trade,DEN,NYK,player,Maciej Lampe,,,,False,3823,2002-06-26
trade,DEN,NYK,pick,2003 2nd round draft pick,,,,False,3824,2002-06-26
trade,PHI,SAS,player,Speedy Claxton,,,,False,3825,2002-06-26
trade,PHI,SAS,player,Mark Bryant,,,,False,3826,2002-06-26
trade,PHI,SAS,player,Randy Holcomb,,,,False,3827,2002-06-26
trade,PHI,SAS,player,John Salmons,,,,False,3828,2002-06-26
trade,LAL,TOR,player,Lindsey Hunter,,,,False,3829,2002-06-26
trade,LAL,TOR,player,Chris Jefferies,,,,False,3830,2002-06-26
trade,LAL,TOR,player,Remon van de Hare,,,,False,3831,2002-06-26
trade,LAL,TOR,pick,2003 2nd round draft pick,,,,False,3832,2002-06-26
trade,LAL,TOR,pick,2003 2nd round draft pick,,,,False,3833,2002-06-26
trade,CLE,MEM,player,Wesley Person,,,,False,3834,2002-06-26
trade,CLE,MEM,player,Nick Anderson,,,,False,3835,2002-06-26
trade,CLE,MEM,player,Matt Barnes,,,,False,3836,2002-06-26
trade,MEM,MIL,player,Szymon Szewczyk,,,,False,3837,2002-06-26
trade,MEM,MIL,pick,2003 2nd round draft pick,,,,False,3838,2002-06-26
trade,ATL,PHI,player,Efthimis Rentzias,,,,False,3839,2002-06-26
trade,ATL,PHI,player,Royal Ivey,,,,False,3840,2002-06-26
trade,ATL,PHI,player,Daniel Gibson,,,,False,3841,2002-06-26
trade,ATL,PHI,pick,2004 2nd round draft pick,,,,False,3842,2002-06-26
trade,ATL,PHI,pick,2006 2nd round draft pick,,,,False,3843,2002-06-26
trade,ATL,SAC,player,Carlos Delfino,,,,False,3844,2002-06-26
trade,ATL,SAC,pick,2003 1st round draft pick,,,,False,3845,2002-06-26
trade,MEM,SAS,player,Romain Sato,,,,False,3846,2002-06-28
trade,MEM,SAS,pick,2004 2nd round draft pick,,,,False,3847,2002-06-28
trade,BOS,Seattle SuperSonics,player,Kenny Anderson,,,,False,3848,2002-07-22
trade,BOS,Seattle SuperSonics,player,Joseph Forte,,,,False,3849,2002-07-22
trade,BOS,Seattle SuperSonics,player,Vitaly Potapenko,,,,False,3850,2002-07-22
trade,BOS,Seattle SuperSonics,player,Vin Baker,,,,False,3851,2002-07-22
trade,BOS,Seattle SuperSonics,player,Shammond Williams,,,,False,3852,2002-07-22
trade,CLE,LAC,player,Andre Miller,,,,False,3853,2002-07-30
trade,CLE,LAC,player,Bryant Stith,,,,False,3854,2002-07-30
trade,CLE,LAC,player,Harold Jamison,,,,False,3855,2002-07-30
trade,CLE,LAC,player,Darius Miles,,,,False,3856,2002-07-30
trade,DEN,ORL,player,Sergei Lishouk,,,,False,3857,2002-08-01
trade,DEN,ORL,pick,2004 2nd round draft pick,,,,False,3858,2002-08-01
trade,DEN,ORL,pick,2006 1st round draft pick,,,,False,3859,2002-08-01
trade,ATL,MIL,player,Toni KukoÄ,,,,False,3860,2002-08-02
trade,ATL,MIL,player,Leon Smith,,,,False,3861,2002-08-02
trade,ATL,MIL,player,T.J. Ford,,,,False,3862,2002-08-02
trade,ATL,MIL,pick,2003 1st round draft pick,,,,False,3863,2002-08-02
trade,POR,SAS,player,Erick Barkley,,,,False,3864,2002-08-05
trade,POR,SAS,player,Steve Kerr,,,,False,3865,2002-08-05
trade,POR,SAS,player,Andreas Glyniadakis,,,,False,3866,2002-08-05
trade,POR,SAS,pick,2003 2nd round draft pick,,,,False,3867,2002-08-05
trade,New Jersey Nets,PHI,player,Todd MacCulloch,,,,False,3868,2002-08-06
trade,New Jersey Nets,PHI,player,Keith Van Horn,,,,False,3869,2002-08-06
trade,New Jersey Nets,PHI,player,Dikembe Mutombo,,,,False,3870,2002-08-06
trade,DET,WAS,player,Brian Cardinal,,,,False,3871,2002-09-11
trade,DET,WAS,player,Jerry Stackhouse,,,,False,3872,2002-09-11
trade,DET,WAS,player,Ratko Varda,,,,False,3873,2002-09-11
trade,DET,WAS,player,Hubert Davis,,,,False,3874,2002-09-11
trade,DET,WAS,player,Richard Hamilton,,,,False,3875,2002-09-11
trade,DET,WAS,player,Bobby Simmons,,,,False,3876,2002-09-11
trade,CLE,PHO,player,Malik Hairston,,,,False,3877,2002-09-17
trade,CLE,PHO,pick,2008 2nd round draft pick,,,,False,3878,2002-09-17
trade,CLE,TOR,player,Lamond Murray,,,,False,3879,2002-09-25
trade,CLE,TOR,player,Albert Miralles,,,,False,3880,2002-09-25
trade,CLE,TOR,pick,2004 2nd round draft pick,,,,False,3881,2002-09-25
trade,CLE,TOR,pick,2007 1st round draft pick,,,,False,3882,2002-09-25
trade,DEN,DET,player,Mengke Bateer,,,,False,3883,2002-10-01
trade,DEN,DET,player,Don Reid,,,,False,3884,2002-10-01
trade,DEN,DET,player,Josh Smith,,,,False,3885,2002-10-01
trade,DEN,DET,pick,2004 1st round draft pick,,,,False,3886,2002-10-01
trade,DET,SAS,player,Mengke Bateer,,,,False,3887,2002-10-03
trade,DET,SAS,player,Andreas Glyniadakis,,,,False,3888,2002-10-03
trade,DET,SAS,pick,2003 2nd round draft pick,,,,False,3889,2002-10-03
trade,DEN,WAS,player,George McCloud,,,,False,3890,2002-10-24
trade,DEN,WAS,player,Chris Whitney,,,,False,3891,2002-10-24
trade,DEN,HOU,player,James Posey,,,,False,3892,2002-12-18
trade,HOU,DEN,player,Vassilis Spanoulis,,,,False,3893,2002-12-18
trade,HOU,DEN,pick,2004 2nd round draft pick,,,,False,3894,2002-12-18
trade,HOU,PHI,player,Kenny Thomas,,,,False,3895,2002-12-18
trade,PHI,DEN,player,Mark Bryant,,,,False,3896,2002-12-18
trade,PHI,DEN,player,Art Long,,,,False,3897,2002-12-18
trade,PHI,DEN,player,Joey Graham,,,,False,3898,2002-12-18
trade,PHI,DEN,pick,2005 1st round draft pick,,,,False,3899,2002-12-18
trade,MEM,ORL,player,Gordan GiriÄek,,,,False,3900,2003-02-19
trade,MEM,ORL,player,Drew Gooden,,,,False,3901,2003-02-19
trade,MEM,ORL,player,Ryan Humphrey,,,,False,3902,2003-02-19
trade,MEM,ORL,player,Mike Miller,,,,False,3903,2003-02-19
trade,MEM,ORL,player,Kendrick Perkins,,,,False,3904,2003-02-19
trade,MEM,ORL,player,Sergei Lishouk,,,,False,3905,2003-02-19
trade,MEM,ORL,pick,2003 1st round draft pick,,,,False,3906,2003-02-19
trade,MEM,ORL,pick,2004 2nd round draft pick,,,,False,3907,2003-02-19
trade,MIL,Seattle SuperSonics,player,Ray Allen,,,,False,3908,2003-02-20
trade,MIL,Seattle SuperSonics,player,Ronald Murray,,,,False,3909,2003-02-20
trade,MIL,Seattle SuperSonics,player,Kevin Ollie,,,,False,3910,2003-02-20
trade,MIL,Seattle SuperSonics,player,Luke Ridnour,,,,False,3911,2003-02-20
trade,MIL,Seattle SuperSonics,pick,2003 1st round draft pick,,,,False,3912,2003-02-20
trade,New Orleans Hornets,Seattle SuperSonics,player,Elden Campbell,,,,False,3913,2003-02-20
trade,New Orleans Hornets,Seattle SuperSonics,player,Kenny Anderson,,,,False,3914,2003-02-20
trade,BOS,DEN,player,Shammond Williams,,,,False,3915,2003-02-20
trade,BOS,DEN,player,Sani BeÄiroviÄ,,,,False,3916,2003-02-20
trade,BOS,DEN,pick,2003 2nd round draft pick,,,,False,3917,2003-02-20
trade,HOU,NYK,player,Dijon Thompson,,,,False,3918,2003-06-11
trade,HOU,NYK,pick,2005 2nd round draft pick,,,,False,3919,2003-06-11
trade,DAL,DEN,player,Xue Yuyang,,,,False,3920,2003-06-23
trade,DAL,DEN,player,Vassilis Spanoulis,,,,False,3921,2003-06-23
trade,DAL,DEN,pick,2004 2nd round draft pick,,,,False,3922,2003-06-23
trade,BOS,SAC,player,Darius Songaila,,,,False,3923,2003-06-25
trade,BOS,SAC,player,Brandon Hunter,,,,False,3924,2003-06-25
trade,BOS,SAC,player,Orien Greene,,,,False,3925,2003-06-25
trade,BOS,SAC,pick,2003 2nd round draft pick,,,,False,3926,2003-06-25
trade,BOS,SAC,pick,2005 2nd round draft pick,,,,False,3927,2003-06-25
trade,CHI,TOR,player,Matt Bonner,,,,False,3928,2003-06-26
trade,CHI,TOR,player,Chris Duhon,,,,False,3929,2003-06-26
trade,CHI,TOR,pick,2004 2nd round draft pick,,,,False,3930,2003-06-26
trade,BOS,MEM,player,Troy Bell,,,,False,3931,2003-06-26
trade,BOS,MEM,player,Dahntay Jones,,,,False,3932,2003-06-26
trade,BOS,MEM,player,Marcus Banks,,,,False,3933,2003-06-26
trade,BOS,MEM,player,Kendrick Perkins,,,,False,3934,2003-06-26
trade,PHI,Seattle SuperSonics,player,Paccelis Morlende,,,,False,3935,2003-06-26
trade,PHI,Seattle SuperSonics,player,Willie Green,,,,False,3936,2003-06-26
trade,PHO,SAS,player,David Lee,,,,False,3937,2003-06-26
trade,PHO,SAS,pick,2005 1st round draft pick,,,,False,3938,2003-06-26
trade,MIL,ORL,player,Keith Bogans,,,,False,3939,2003-06-26
trade,MIL,MIN,player,Sam Cassell,,,,False,3940,2003-06-27
trade,MIL,MIN,player,Ervin Johnson,,,,False,3941,2003-06-27
trade,MIL,MIN,player,Anthony Peeler,,,,False,3942,2003-06-27
trade,MIL,MIN,player,Joe Smith,,,,False,3943,2003-06-27
trade,ATL,PHI,player,Glenn Robinson,,,,False,3944,2003-07-23
trade,ATL,PHI,player,Daniel Gibson,,,,False,3945,2003-07-23
trade,ATL,PHI,pick,2006 2nd round draft pick,,,,False,3946,2003-07-23
trade,MIN,ATL,player,Terrell Brandon,,,,False,3947,2003-07-23
trade,MIN,PHI,player,Marc Jackson,,,,False,3948,2003-07-23
trade,NYK,MIN,player,Latrell Sprewell,,,,False,3949,2003-07-23
trade,PHI,ATL,player,Randy Holcomb,,,,False,3950,2003-07-23
trade,PHI,ATL,pick,2007 1st round draft pick,,,,False,3951,2003-07-23
trade,PHI,NYK,player,Keith Van Horn,,,,False,3952,2003-07-23
trade,IND,SAC,player,Brad Miller,,,,False,3953,2003-07-24
trade,IND,SAS,player,Ron Mercer,,,,False,3954,2003-07-24
trade,SAC,IND,player,Scot Pollard,,,,False,3955,2003-07-24
trade,SAC,SAS,player,Hedo TÃ¼rkoÄlu,,,,False,3956,2003-07-24
trade,SAS,IND,player,Danny Ferry,,,,False,3957,2003-07-24
trade,BOS,CLE,player,J.R. Bremer,,,,False,3958,2003-07-29
trade,BOS,CLE,player,Bruno Å undov,,,,False,3959,2003-07-29
trade,BOS,CLE,player,Ryan Gomes,,,,False,3960,2003-07-29
trade,BOS,CLE,pick,2005 2nd round draft pick,,,,False,3961,2003-07-29
trade,SAC,UTA,player,Keon Clark,,,,False,3962,2003-08-05
trade,SAC,UTA,player,Luis Flores,,,,False,3963,2003-08-05
trade,SAC,UTA,player,Stanko BaraÄ,,,,False,3964,2003-08-05
trade,SAC,UTA,pick,2004 2nd round draft pick,,,,False,3965,2003-08-05
trade,SAC,UTA,pick,2007 2nd round draft pick,,,,False,3966,2003-08-05
trade,SAC,UTA,pick,2004 2nd round draft pick,,,,False,3967,2003-08-05
trade,DAL,GSW,player,Evan Eschmeyer,,,,False,3968,2003-08-18
trade,DAL,GSW,player,Avery Johnson,,,,False,3969,2003-08-18
trade,DAL,GSW,player,Popeye Jones,,,,False,3970,2003-08-18
trade,DAL,GSW,player,Antoine Rigaudeau,,,,False,3971,2003-08-18
trade,DAL,GSW,player,Nick Van Exel,,,,False,3972,2003-08-18
trade,DAL,GSW,player,Danny Fortson,,,,False,3973,2003-08-18
trade,DAL,GSW,player,Antawn Jamison,,,,False,3974,2003-08-18
trade,DAL,GSW,player,Chris Mills,,,,False,3975,2003-08-18
trade,DAL,GSW,player,JiÅÃ­ Welsch,,,,False,3976,2003-08-18
trade,DET,GSW,player,Clifford Robinson,,,,False,3977,2003-08-21
trade,DET,GSW,player,Pepe SÃ¡nchez,,,,False,3978,2003-08-21
trade,DET,GSW,player,Bob Sura,,,,False,3979,2003-08-21
trade,DET,TOR,player,Michael Curry,,,,False,3980,2003-08-28
trade,DET,TOR,player,Lindsey Hunter,,,,False,3981,2003-08-28
trade,LAC,Seattle SuperSonics,player,Andre Emmett,,,,False,3982,2003-09-28
trade,LAC,Seattle SuperSonics,pick,2004 2nd round draft pick,,,,False,3983,2003-09-28
trade,HOU,UTA,player,Glen Rice,,,,True,3984,2003-09-30
trade,HOU,UTA,player,Pavel Podkolzin,,,,True,3985,2003-09-30
trade,HOU,UTA,player,Robert Whaley,,,,True,3986,2003-09-30
trade,HOU,UTA,player,Dee Brown,,,,True,3987,2003-09-30
trade,HOU,UTA,pick,2004 2nd round draft pick,,,,True,3988,2003-09-30
trade,HOU,UTA,pick,2005 2nd round draft pick,,,,True,3989,2003-09-30
trade,HOU,UTA,pick,2006 2nd round draft pick,,,,True,3990,2003-09-30
trade,HOU,UTA,pick,2004 2nd round draft pick,,,,True,3991,2003-09-30
trade,MEM,PHO,player,Robert Archibald,,,,False,3992,2003-09-30
trade,MEM,PHO,player,Brevin Knight,,,,False,3993,2003-09-30
trade,MEM,PHO,player,Cezary TrybaÅski,,,,False,3994,2003-09-30
trade,MEM,PHO,player,Bo Outlaw,,,,False,3995,2003-09-30
trade,MEM,PHO,player,Jake Tsakalidis,,,,False,3996,2003-09-30
trade,BOS,DAL,player,Tony Delk,,,,False,3997,2003-10-20
trade,BOS,DAL,player,Antoine Walker,,,,False,3998,2003-10-20
trade,BOS,DAL,player,Raef LaFrentz,,,,False,3999,2003-10-20
trade,BOS,DAL,player,Chris Mills,,,,False,4000,2003-10-20
trade,BOS,DAL,player,JiÅÃ­ Welsch,,,,False,4001,2003-10-20
trade,BOS,DAL,player,Delonte West,,,,False,4002,2003-10-20
trade,BOS,DAL,pick,2004 1st round draft pick,,,,False,4003,2003-10-20
trade,CHI,SAS,player,Erick Barkley,,,,False,4004,2003-10-25
trade,PHO,WAS,player,Brevin Knight,,,,False,4005,2003-11-05
trade,PHO,WAS,player,Jahidi White,,,,False,4006,2003-11-05
trade,CHI,TOR,player,Lonny Baxter,,,,False,4007,2003-12-01
trade,CHI,TOR,player,Donyell Marshall,,,,False,4008,2003-12-01
trade,CHI,TOR,player,Jalen Rose,,,,False,4009,2003-12-01
trade,CHI,TOR,player,Antonio Davis,,,,False,4010,2003-12-01
trade,CHI,TOR,player,Chris Jefferies,,,,False,4011,2003-12-01
trade,CHI,TOR,player,Jerome Williams,,,,False,4012,2003-12-01
trade,MEM,POR,player,Wesley Person,,,,False,4013,2003-12-03
trade,MEM,POR,player,Sergei Monia,,,,False,4014,2003-12-03
trade,MEM,POR,pick,2004 1st round draft pick,,,,False,4015,2003-12-03
trade,BOS,CLE,player,Tony Battie,,,,False,4016,2003-12-15
trade,BOS,CLE,player,Kedrick Brown,,,,False,4017,2003-12-15
trade,BOS,CLE,player,Eric Williams,,,,False,4018,2003-12-15
trade,BOS,CLE,player,Ricky Davis,,,,False,4019,2003-12-15
trade,BOS,CLE,player,Chris Mihm,,,,False,4020,2003-12-15
trade,BOS,CLE,player,Michael Stewart,,,,False,4021,2003-12-15
trade,BOS,CLE,player,Ryan Gomes,,,,False,4022,2003-12-15
trade,BOS,CLE,pick,2005 2nd round draft pick,,,,False,4023,2003-12-15
trade,CHI,TOR,player,Roger Mason,,,,False,4024,2003-12-16
trade,CHI,TOR,player,Rick Brunson,,,,False,4025,2003-12-16
trade,ORL,PHI,player,Monty Williams,,,,True,4026,2003-12-23
trade,ORL,PHI,player,Viktor Sanikidze,,,,True,4027,2003-12-23
trade,ORL,PHI,pick,2004 2nd round draft pick,,,,True,4028,2003-12-23
trade,ORL,PHI,pick,2004 2nd round draft pick,,,,True,4029,2003-12-23
trade,ORL,PHO,player,Donnell Harvey,,,,False,4030,2003-12-23
trade,ORL,PHO,player,Antonio Burks,,,,False,4031,2003-12-23
trade,ORL,PHO,pick,2004 2nd round draft pick,,,,False,4032,2003-12-23
trade,ORL,PHO,player,Robert Archibald,,,,False,4033,2003-12-26
trade,HOU,NYK,player,John Amaechi,,,,False,4034,2003-12-30
trade,HOU,NYK,player,Moochie Norris,,,,False,4035,2003-12-30
trade,HOU,NYK,player,Clarence Weatherspoon,,,,False,4036,2003-12-30
trade,ORL,TOR,player,Robert Archibald,,,,False,4037,2004-01-02
trade,ORL,TOR,player,Roko UkiÄ,,,,False,4038,2004-01-02
trade,ORL,TOR,pick,2005 2nd round draft pick,,,,False,4039,2004-01-02
trade,ORL,TOR,pick,2005 2nd round draft pick,,,,False,4040,2004-01-02
trade,NYK,PHO,player,Howard Eisley,,,,False,4041,2004-01-05
trade,NYK,PHO,player,Maciej Lampe,,,,False,4042,2004-01-05
trade,NYK,PHO,player,Antonio McDyess,,,,False,4043,2004-01-05
trade,NYK,PHO,player,Milos Vujanic,,,,False,4044,2004-01-05
trade,NYK,PHO,player,Charlie Ward,,,,False,4045,2004-01-05
trade,NYK,PHO,player,Kirk Snyder,,,,False,4046,2004-01-05
trade,NYK,PHO,player,Gordon Hayward,,,,False,4047,2004-01-05
trade,NYK,PHO,pick,2004 1st round draft pick,,,,False,4048,2004-01-05
trade,NYK,PHO,pick,2010 1st round draft pick,,,,False,4049,2004-01-05
trade,CLE,POR,player,Darius Miles,,,,False,4050,2004-01-21
trade,CLE,POR,player,Ruben Boumtje-Boumtje,,,,False,4051,2004-01-21
trade,CLE,POR,player,Jeff McInnis,,,,False,4052,2004-01-21
trade,ATL,POR,player,Shareef Abdur-Rahim,,,,False,4053,2004-02-09
trade,ATL,POR,player,Dan Dickau,,,,False,4054,2004-02-09
trade,ATL,POR,player,Theo Ratliff,,,,False,4055,2004-02-09
trade,ATL,POR,player,Wesley Person,,,,False,4056,2004-02-09
trade,ATL,POR,player,Rasheed Wallace,,,,False,4057,2004-02-09
trade,ATL,NYK,player,Nazr Mohammed,,,,False,4058,2004-02-15
trade,MIL,ATL,player,Joel Przybilla,,,,False,4059,2004-02-15
trade,MIL,NYK,player,Tim Thomas,,,,False,4060,2004-02-15
trade,NYK,ATL,player,Michael Doleac,,,,False,4061,2004-02-15
trade,NYK,ATL,player,Ronny Turiaf,,,,False,4062,2004-02-15
trade,NYK,ATL,pick,2005 2nd round draft pick,,,,False,4063,2004-02-15
trade,NYK,MIL,player,Keith Van Horn,,,,False,4064,2004-02-15
trade,ATL,DET,player,Rasheed Wallace,,,,False,4065,2004-02-19
trade,BOS,ATL,player,Chris Mills,,,,False,4066,2004-02-19
trade,BOS,DET,player,Mike James,,,,False,4067,2004-02-19
trade,DET,ATL,player,Å½eljko RebraÄa,,,,False,4068,2004-02-19
trade,DET,ATL,player,Bob Sura,,,,False,4069,2004-02-19
trade,DET,ATL,player,Josh Smith,,,,False,4070,2004-02-19
trade,DET,ATL,pick,2004 1st round draft pick,,,,False,4071,2004-02-19
trade,DET,BOS,player,Chucky Atkins,,,,False,4072,2004-02-19
trade,DET,BOS,player,Lindsey Hunter,,,,False,4073,2004-02-19
trade,DET,BOS,player,Tony Allen,,,,False,4074,2004-02-19
trade,DET,BOS,pick,2004 1st round draft pick,,,,False,4075,2004-02-19
trade,ORL,UTA,player,Gordan GiriÄek,,,,False,4076,2004-02-19
trade,ORL,UTA,player,DeShawn Stevenson,,,,False,4077,2004-02-19
trade,ORL,UTA,player,Stanko BaraÄ,,,,False,4078,2004-02-19
trade,ORL,UTA,pick,2007 2nd round draft pick,,,,False,4079,2004-02-19
trade,PHO,UTA,player,Tom Gugliotta,,,,False,4080,2004-02-19
trade,PHO,UTA,player,Kirk Snyder,,,,False,4081,2004-02-19
trade,PHO,UTA,player,Alex Acker,,,,False,4082,2004-02-19
trade,PHO,UTA,player,Gordon Hayward,,,,False,4083,2004-02-19
trade,PHO,UTA,pick,2004 1st round draft pick,,,,False,4084,2004-02-19
trade,PHO,UTA,pick,2005 2nd round draft pick,,,,False,4085,2004-02-19
trade,PHO,UTA,pick,2010 1st round draft pick,,,,False,4086,2004-02-19
trade,New Orleans Hornets,ORL,player,Sean Rooks,,,,False,4087,2004-02-19
trade,New Orleans Hornets,ORL,player,Shammond Williams,,,,False,4088,2004-02-19
trade,ATL,SAS,player,Viktor Sanikidze,,,,False,4089,2004-06-24
trade,ATL,SAS,player,Cenk Akyol,,,,False,4090,2004-06-24
trade,ATL,SAS,pick,2005 2nd round draft pick,,,,False,4091,2004-06-24
trade,DAL,UTA,player,Linas Kleiza,,,,False,4092,2004-06-24
trade,DAL,UTA,pick,2005 1st round draft pick,,,,False,4093,2004-06-24
trade,DEN,ORL,player,Jameer Nelson,,,,False,4094,2004-06-24
trade,DEN,ORL,player,Julius Hodge,,,,False,4095,2004-06-24
trade,DEN,ORL,pick,2005 1st round draft pick,,,,False,4096,2004-06-24
trade,CHI,PHO,player,Jackson Vroman,,,,False,4097,2004-06-24
trade,CHI,PHO,player,Nate Robinson,,,,False,4098,2004-06-24
trade,CHI,PHO,pick,2005 1st round draft pick,,,,False,4099,2004-06-24
trade,DAL,HOU,player,Vassilis Spanoulis,,,,False,4100,2004-06-24
trade,DAL,HOU,player,Luis Flores,,,,False,4101,2004-06-24
trade,DAL,WAS,player,Antawn Jamison,,,,False,4102,2004-06-24
trade,DAL,WAS,player,Devin Harris,,,,False,4103,2004-06-24
trade,DAL,WAS,player,Christian Laettner,,,,False,4104,2004-06-24
trade,DAL,WAS,player,Jerry Stackhouse,,,,False,4105,2004-06-24
trade,New Jersey Nets,POR,player,Viktor Khryapa,,,,False,4106,2004-06-24
trade,New Jersey Nets,POR,player,Eddie Gill,,,,False,4107,2004-06-24
trade,MEM,Seattle SuperSonics,player,MickaÃ«l Gelabale,,,,False,4108,2004-06-24
trade,MEM,Seattle SuperSonics,pick,2005 2nd round draft pick,,,,False,4109,2004-06-24
trade,MIA,TOR,player,Pape Sow,,,,False,4110,2004-06-24
trade,MIA,TOR,player,UroÅ¡ Slokar,,,,False,4111,2004-06-24
trade,MIA,TOR,pick,2005 2nd round draft pick,,,,False,4112,2004-06-24
trade,HOU,ORL,player,Kelvin Cato,,,,False,4113,2004-06-29
trade,HOU,ORL,player,Steve Francis,,,,False,4114,2004-06-29
trade,HOU,ORL,player,Cuttino Mobley,,,,False,4115,2004-06-29
trade,HOU,ORL,player,Reece Gaines,,,,False,4116,2004-06-29
trade,HOU,ORL,player,Juwan Howard,,,,False,4117,2004-06-29
trade,HOU,ORL,player,Tyronn Lue,,,,False,4118,2004-06-29
trade,HOU,ORL,player,Tracy McGrady,,,,False,4119,2004-06-29
trade,LAL,MIA,player,Shaquille O'Neal,,,,False,4120,2004-07-14
trade,LAL,MIA,player,Caron Butler,,,,False,4121,2004-07-14
trade,LAL,MIA,player,Brian Grant,,,,False,4122,2004-07-14
trade,LAL,MIA,player,Lamar Odom,,,,False,4123,2004-07-14
trade,LAL,MIA,player,Jordan Farmar,,,,False,4124,2004-07-14
trade,LAL,MIA,player,Renaldas Seibutis,,,,False,4125,2004-07-14
trade,LAL,MIA,pick,2006 1st round draft pick,,,,False,4126,2004-07-14
trade,LAL,MIA,pick,2007 2nd round draft pick,,,,False,4127,2004-07-14
trade,Charlotte Bobcats,LAC,player,Daniel Ewing,,,,False,4128,2004-07-14
trade,Charlotte Bobcats,LAC,player,Paul Davis,,,,False,4129,2004-07-14
trade,Charlotte Bobcats,LAC,pick,2005 2nd round draft pick,,,,False,4130,2004-07-14
trade,Charlotte Bobcats,LAC,pick,2006 2nd round draft pick,,,,False,4131,2004-07-14
trade,ATL,IND,player,Stephen Jackson,,,,False,4132,2004-07-15
trade,ATL,IND,player,Al Harrington,,,,False,4133,2004-07-15
trade,DEN,New Jersey Nets,player,Joey Graham,,,,False,4134,2004-07-15
trade,DEN,New Jersey Nets,player,Renaldo Balkman,,,,False,4135,2004-07-15
trade,DEN,New Jersey Nets,player,Marcus Williams,,,,False,4136,2004-07-15
trade,DEN,New Jersey Nets,pick,2005 1st round draft pick,,,,False,4137,2004-07-15
trade,DEN,New Jersey Nets,pick,2006 1st round draft pick,,,,False,4138,2004-07-15
trade,DEN,New Jersey Nets,pick,2006 1st round draft pick,,,,False,4139,2004-07-15
trade,GSW,POR,player,Nick Van Exel,,,,False,4140,2004-07-20
trade,GSW,POR,player,Dale Davis,,,,False,4141,2004-07-20
trade,GSW,POR,player,Dan Dickau,,,,False,4142,2004-07-20
trade,CLE,PHI,player,Kedrick Brown,,,,False,4143,2004-07-20
trade,CLE,PHI,player,Kevin Ollie,,,,False,4144,2004-07-20
trade,CLE,PHI,player,Eric Snow,,,,False,4145,2004-07-20
trade,CLE,ORL,player,Tony Battie,,,,False,4146,2004-07-23
trade,CLE,ORL,player,Martynas AndriuÅ¡keviÄius,,,,False,4147,2004-07-23
trade,CLE,ORL,player,Brad Newley,,,,False,4148,2004-07-23
trade,CLE,ORL,pick,2005 2nd round draft pick,,,,False,4149,2004-07-23
trade,CLE,ORL,pick,2007 2nd round draft pick,,,,False,4150,2004-07-23
trade,DAL,Seattle SuperSonics,player,Danny Fortson,,,,False,4151,2004-07-26
trade,DAL,Seattle SuperSonics,player,Calvin Booth,,,,False,4152,2004-07-26
trade,LAC,New Jersey Nets,player,Chris Taft,,,,False,4153,2004-07-29
trade,LAC,New Jersey Nets,pick,2005 2nd round draft pick,,,,False,4154,2004-07-29
trade,DET,PHI,player,Corliss Williamson,,,,False,4155,2004-08-04
trade,DET,PHI,player,Derrick Coleman,,,,False,4156,2004-08-04
trade,DET,PHI,player,Amal McCaskill,,,,False,4157,2004-08-04
trade,ATL,DAL,player,Alan Henderson,,,,False,4158,2004-08-04
trade,ATL,DAL,player,Jason Terry,,,,False,4159,2004-08-04
trade,ATL,DAL,pick,2007 1st round draft pick,,,,False,4160,2004-08-04
trade,CHI,NYK,player,Jamal Crawford,,,,False,4161,2004-08-05
trade,CHI,NYK,player,Jerome Williams,,,,False,4162,2004-08-05
trade,CHI,NYK,player,Othella Harrington,,,,False,4163,2004-08-05
trade,CHI,NYK,player,Dikembe Mutombo,,,,False,4164,2004-08-05
trade,CHI,NYK,player,Cezary TrybaÅski,,,,False,4165,2004-08-05
trade,CHI,NYK,player,Frank Williams,,,,False,4166,2004-08-05
trade,BOS,LAL,player,Chucky Atkins,,,,False,4167,2004-08-06
trade,BOS,LAL,player,Jumaine Jones,,,,False,4168,2004-08-06
trade,BOS,LAL,player,Chris Mihm,,,,False,4169,2004-08-06
trade,BOS,LAL,player,Rick Fox,,,,False,4170,2004-08-06
trade,BOS,LAL,player,Gary Payton,,,,False,4171,2004-08-06
trade,BOS,LAL,player,Rajon Rondo,,,,False,4172,2004-08-06
trade,BOS,LAL,pick,2006 1st round draft pick,,,,False,4173,2004-08-06
trade,ATL,Charlotte Bobcats,player,Ronny Turiaf,,,,False,4174,2004-08-16
trade,ATL,Charlotte Bobcats,pick,2005 2nd round draft pick,,,,False,4175,2004-08-16
trade,DAL,GSW,player,Luis Flores,,,,True,4176,2004-08-24
trade,DAL,GSW,player,Christian Laettner,,,,True,4177,2004-08-24
trade,DAL,GSW,player,Eduardo NÃ¡jera,,,,True,4178,2004-08-24
trade,DAL,GSW,player,Mladen Sekularac,,,,True,4179,2004-08-24
trade,DAL,GSW,player,Petteri Koponen,,,,True,4180,2004-08-24
trade,DAL,GSW,pick,2007 1st round draft pick,,,,True,4181,2004-08-24
trade,CHI,HOU,player,Dikembe Mutombo,,,,False,4182,2004-09-08
trade,CHI,HOU,player,Adrian Griffin,,,,False,4183,2004-09-08
trade,CHI,HOU,player,Eric Piatkowski,,,,False,4184,2004-09-08
trade,CHI,HOU,player,Mike Wilks,,,,False,4185,2004-09-08
trade,Charlotte Bobcats,ORL,player,Brandon Hunter,,,,False,4186,2004-11-01
trade,Charlotte Bobcats,ORL,player,Keith Bogans,,,,False,4187,2004-11-01
trade,DAL,New Orleans Hornets,player,Dan Dickau,,,,False,4188,2004-12-03
trade,DAL,New Orleans Hornets,player,Marcin Gortat,,,,False,4189,2004-12-03
trade,DAL,New Orleans Hornets,pick,2005 2nd round draft pick,,,,False,4190,2004-12-03
trade,Charlotte Bobcats,LAL,player,Ronny Turiaf,,,,False,4191,2004-12-06
trade,Charlotte Bobcats,LAL,player,Patrick Beverley,,,,False,4192,2004-12-06
trade,Charlotte Bobcats,LAL,pick,2005 2nd round draft pick,,,,False,4193,2004-12-06
trade,Charlotte Bobcats,LAL,pick,2009 2nd round draft pick,,,,False,4194,2004-12-06
trade,New Jersey Nets,TOR,player,Alonzo Mourning,,,,False,4195,2004-12-17
trade,New Jersey Nets,TOR,player,Aaron Williams,,,,False,4196,2004-12-17
trade,New Jersey Nets,TOR,player,Eric Williams,,,,False,4197,2004-12-17
trade,New Jersey Nets,TOR,player,Joey Graham,,,,False,4198,2004-12-17
trade,New Jersey Nets,TOR,player,Renaldo Balkman,,,,False,4199,2004-12-17
trade,New Jersey Nets,TOR,pick,2005 1st round draft pick,,,,False,4200,2004-12-17
trade,New Jersey Nets,TOR,pick,2006 1st round draft pick,,,,False,4201,2004-12-17
trade,ATL,HOU,player,Jon Barry,,,,False,4202,2004-12-23
trade,ATL,HOU,player,Tyronn Lue,,,,False,4203,2004-12-23
trade,HOU,New Orleans Hornets,player,Jim Jackson,,,,False,4204,2004-12-27
trade,HOU,New Orleans Hornets,player,BoÅ¡tjan Nachbar,,,,False,4205,2004-12-27
trade,HOU,New Orleans Hornets,player,David Wesley,,,,False,4206,2004-12-27
trade,GSW,PHO,player,Aaron Gray,,,,False,4207,2005-01-03
trade,GSW,PHO,player,DeJuan Blair,,,,False,4208,2005-01-03
trade,GSW,PHO,pick,2007 2nd round draft pick,,,,False,4209,2005-01-03
trade,GSW,PHO,pick,2009 2nd round draft pick,,,,False,4210,2005-01-03
trade,ORL,SAC,player,Michael Bradley,,,,False,4211,2005-01-10
trade,ORL,SAC,player,Cuttino Mobley,,,,False,4212,2005-01-10
trade,ORL,SAC,player,Doug Christie,,,,False,4213,2005-01-10
trade,DET,UTA,player,Elden Campbell,,,,False,4214,2005-01-21
trade,DET,UTA,player,Joel Freeland,,,,False,4215,2005-01-21
trade,DET,UTA,pick,2006 1st round draft pick,,,,False,4216,2005-01-21
trade,New Orleans Hornets,PHO,player,Jim Jackson,,,,False,4217,2005-01-21
trade,New Orleans Hornets,PHO,player,Marcin Gortat,,,,False,4218,2005-01-21
trade,New Orleans Hornets,PHO,pick,2005 2nd round draft pick,,,,False,4219,2005-01-21
trade,BOS,PHO,player,Walter McCarty,,,,False,4220,2005-02-08
trade,BOS,PHO,player,Aaron Gray,,,,False,4221,2005-02-08
trade,BOS,PHO,pick,2007 2nd round draft pick,,,,False,4222,2005-02-08
trade,GSW,New Jersey Nets,player,Clifford Robinson,,,,False,4223,2005-02-14
trade,GSW,New Jersey Nets,player,Chris Taft,,,,False,4224,2005-02-14
trade,GSW,New Jersey Nets,player,StÃ©phane Lasme,,,,False,4225,2005-02-14
trade,GSW,New Jersey Nets,pick,2005 2nd round draft pick,,,,False,4226,2005-02-14
trade,GSW,New Jersey Nets,pick,2007 2nd round draft pick,,,,False,4227,2005-02-14
trade,PHI,SAC,player,Brian Skinner,,,,False,4228,2005-02-23
trade,PHI,SAC,player,Kenny Thomas,,,,False,4229,2005-02-23
trade,PHI,SAC,player,Corliss Williamson,,,,False,4230,2005-02-23
trade,PHI,SAC,player,Matt Barnes,,,,False,4231,2005-02-23
trade,PHI,SAC,player,Michael Bradley,,,,False,4232,2005-02-23
trade,PHI,SAC,player,Chris Webber,,,,False,4233,2005-02-23
trade,New Orleans Hornets,PHI,player,Jamal Mashburn,,,,False,4234,2005-02-24
trade,New Orleans Hornets,PHI,player,Rodney Rogers,,,,False,4235,2005-02-24
trade,New Orleans Hornets,PHI,player,Glenn Robinson,,,,False,4236,2005-02-24
trade,Charlotte Bobcats,MIA,player,Steve Smith,,,,False,4237,2005-02-24
trade,Charlotte Bobcats,MIA,player,Malik Allen,,,,False,4238,2005-02-24
trade,HOU,NYK,player,Maurice Taylor,,,,False,4239,2005-02-24
trade,HOU,NYK,player,Vin Baker,,,,False,4240,2005-02-24
trade,HOU,NYK,player,Moochie Norris,,,,False,4241,2005-02-24
trade,HOU,NYK,player,Steve Novak,,,,False,4242,2005-02-24
trade,HOU,NYK,pick,2006 2nd round draft pick,,,,False,4243,2005-02-24
trade,DAL,MIL,player,Calvin Booth,,,,False,4244,2005-02-24
trade,DAL,MIL,player,Alan Henderson,,,,False,4245,2005-02-24
trade,DAL,MIL,player,Keith Van Horn,,,,False,4246,2005-02-24
trade,GSW,New Orleans Hornets,player,Speedy Claxton,,,,False,4247,2005-02-24
trade,GSW,New Orleans Hornets,player,Dale Davis,,,,False,4248,2005-02-24
trade,GSW,New Orleans Hornets,player,Baron Davis,,,,False,4249,2005-02-24
trade,HOU,MIL,player,Reece Gaines,,,,False,4250,2005-02-24
trade,HOU,MIL,player,David Noel,,,,False,4251,2005-02-24
trade,HOU,MIL,player,Ramon Sessions,,,,False,4252,2005-02-24
trade,HOU,MIL,pick,2006 2nd round draft pick,,,,False,4253,2005-02-24
trade,HOU,MIL,pick,2007 2nd round draft pick,,,,False,4254,2005-02-24
trade,NYK,SAS,player,Jamison Brewer,,,,False,4255,2005-02-24
trade,NYK,SAS,player,Nazr Mohammed,,,,False,4256,2005-02-24
trade,NYK,SAS,player,Malik Rose,,,,False,4257,2005-02-24
trade,NYK,SAS,player,David Lee,,,,False,4258,2005-02-24
trade,NYK,SAS,player,Mardy Collins,,,,False,4259,2005-02-24
trade,NYK,SAS,pick,2005 1st round draft pick,,,,False,4260,2005-02-24
trade,NYK,SAS,pick,2006 1st round draft pick,,,,False,4261,2005-02-24
trade,DEN,GSW,player,Nikoloz Tskitishvili,,,,False,4262,2005-02-24
trade,DEN,GSW,player,Rodney White,,,,False,4263,2005-02-24
trade,DEN,GSW,player,Luis Flores,,,,False,4264,2005-02-24
trade,DEN,GSW,player,Eduardo NÃ¡jera,,,,False,4265,2005-02-24
trade,DEN,GSW,player,Petteri Koponen,,,,False,4266,2005-02-24
trade,DEN,GSW,pick,2007 1st round draft pick,,,,False,4267,2005-02-24
trade,ATL,BOS,player,Antoine Walker,,,,False,4268,2005-02-24
trade,ATL,BOS,player,Tom Gugliotta,,,,False,4269,2005-02-24
trade,ATL,BOS,player,Gary Payton,,,,False,4270,2005-02-24
trade,ATL,BOS,player,Michael Stewart,,,,False,4271,2005-02-24
trade,ATL,BOS,player,Rajon Rondo,,,,False,4272,2005-02-24
trade,ATL,BOS,pick,2006 1st round draft pick,,,,False,4273,2005-02-24
trade,BOS,CLE,player,JiÅÃ­ Welsch,,,,False,4274,2005-02-24
trade,BOS,CLE,player,Rudy FernÃ¡ndez,,,,False,4275,2005-02-24
trade,BOS,CLE,pick,2007 1st round draft pick,,,,False,4276,2005-02-24
trade,PHI,UTA,player,Ante TomiÄ,,,,False,4277,2005-06-07
trade,PHI,UTA,pick,2008 2nd round draft pick,,,,False,4278,2005-06-07
trade,PHI,UTA,pick,2005 2nd round draft pick,,,,False,4279,2005-06-07
trade,POR,UTA,player,Deron Williams,,,,False,4280,2005-06-28
trade,POR,UTA,pick,2005 1st round draft pick,,,,False,4281,2005-06-28
trade,POR,UTA,pick,2005 1st round draft pick,,,,False,4282,2005-06-28
trade,POR,UTA,pick,2005 1st round draft pick,,,,False,4283,2005-06-28
trade,POR,UTA,pick,2006 1st round draft pick,,,,False,4284,2005-06-28
trade,CLE,ORL,player,Ejike Ugboaja,,,,False,4285,2005-06-28
trade,CLE,ORL,pick,2006 2nd round draft pick,,,,False,4286,2005-06-28
trade,MEM,Seattle SuperSonics,player,Yotam Halperin,,,,False,4287,2005-06-28
trade,MEM,Seattle SuperSonics,player,Carl Landry,,,,False,4288,2005-06-28
trade,MEM,Seattle SuperSonics,pick,2006 2nd round draft pick,,,,False,4289,2005-06-28
trade,MEM,Seattle SuperSonics,pick,2007 2nd round draft pick,,,,False,4290,2005-06-28
trade,NYK,PHO,player,Kurt Thomas,,,,False,4291,2005-06-28
trade,NYK,PHO,player,Dijon Thompson,,,,False,4292,2005-06-28
trade,NYK,PHO,player,Quentin Richardson,,,,False,4293,2005-06-28
trade,NYK,PHO,player,Nate Robinson,,,,False,4294,2005-06-28
trade,CLE,MIL,player,JiÅÃ­ Welsch,,,,False,4295,2005-06-28
trade,CLE,MIL,player,Lior Eliyahu,,,,False,4296,2005-06-28
trade,CLE,MIL,pick,2006 2nd round draft pick,,,,False,4297,2005-06-28
trade,DEN,POR,player,Jarrett Jack,,,,False,4298,2005-06-28
trade,DEN,POR,player,Linas Kleiza,,,,False,4299,2005-06-28
trade,DEN,POR,player,Ricky SÃ¡nchez,,,,False,4300,2005-06-28
trade,ORL,PHO,player,Marcin Gortat,,,,False,4301,2005-06-28
trade,LAL,WAS,player,Chucky Atkins,,,,False,4302,2005-08-02
trade,LAL,WAS,player,Caron Butler,,,,False,4303,2005-08-02
trade,LAL,WAS,player,Kwame Brown,,,,False,4304,2005-08-02
trade,LAL,WAS,player,Laron Profit,,,,False,4305,2005-08-02
trade,BOS,MIA,player,Antoine Walker,,,,False,4306,2005-08-02
trade,MEM,MIA,player,Andre Emmett,,,,False,4307,2005-08-02
trade,MEM,MIA,player,James Posey,,,,False,4308,2005-08-02
trade,MEM,MIA,player,Jason Williams,,,,False,4309,2005-08-02
trade,MEM,UTA,player,Greg Ostertag,,,,False,4310,2005-08-02
trade,MIA,BOS,player,Albert Miralles,,,,False,4311,2005-08-02
trade,MIA,BOS,player,Qyntel Woods,,,,False,4312,2005-08-02
trade,MIA,BOS,player,Edin BavÄiÄ,,,,False,4313,2005-08-02
trade,MIA,BOS,player,Nikola PekoviÄ,,,,False,4314,2005-08-02
trade,MIA,BOS,pick,2006 2nd round draft pick,,,,False,4315,2005-08-02
trade,MIA,BOS,pick,2008 2nd round draft pick,,,,False,4316,2005-08-02
trade,MIA,MEM,player,Eddie Jones,,,,False,4317,2005-08-02
trade,MIA,New Orleans/Oklahoma City Hornets,player,Rasual Butler,,,,False,4318,2005-08-02
trade,New Orleans/Oklahoma City Hornets,MIA,player,Roberto Duenas,,,,False,4319,2005-08-02
trade,UTA,BOS,player,Curtis Borchardt,,,,False,4320,2005-08-02
trade,UTA,MEM,player,RaÃ¼l LÃ³pez,,,,False,4321,2005-08-02
trade,UTA,New Orleans/Oklahoma City Hornets,player,Kirk Snyder,,,,False,4322,2005-08-02
trade,MEM,SAC,player,Bonzi Wells,,,,False,4323,2005-08-02
trade,MEM,SAC,player,Bobby Jackson,,,,False,4324,2005-08-02
trade,MEM,SAC,player,Greg Ostertag,,,,False,4325,2005-08-02
trade,Charlotte Bobcats,SAC,player,Jason Hart,,,,False,4326,2005-08-02
trade,Charlotte Bobcats,SAC,player,Ryan Hollins,,,,False,4327,2005-08-02
trade,Charlotte Bobcats,SAC,pick,2006 2nd round draft pick,,,,False,4328,2005-08-02
trade,Charlotte Bobcats,PHO,player,Jake Voskuhl,,,,False,4329,2005-08-02
trade,Charlotte Bobcats,PHO,pick,2007 2nd round draft pick,,,,False,4330,2005-08-02
trade,New Jersey Nets,PHI,player,Marc Jackson,,,,False,4331,2005-08-09
trade,New Jersey Nets,PHI,pick,2006 2nd round draft pick,,,,False,4332,2005-08-09
trade,LAC,MIN,player,Lionel Chalmers,,,,False,4333,2005-08-12
trade,LAC,MIN,player,Marko JariÄ,,,,False,4334,2005-08-12
trade,LAC,MIN,player,Sam Cassell,,,,False,4335,2005-08-12
trade,LAC,MIN,player,Austin Rivers,,,,False,4336,2005-08-12
trade,LAC,MIN,pick,2012 1st round draft pick,,,,False,4337,2005-08-12
trade,ATL,PHO,player,Boris Diaw,,,,False,4338,2005-08-19
trade,ATL,PHO,player,Rajon Rondo,,,,False,4339,2005-08-19
trade,ATL,PHO,player,Robin Lopez,,,,False,4340,2005-08-19
trade,ATL,PHO,pick,2006 1st round draft pick,,,,False,4341,2005-08-19
trade,ATL,PHO,pick,2008 1st round draft pick,,,,False,4342,2005-08-19
trade,IND,PHO,player,James Jones,,,,False,4343,2005-08-25
trade,IND,PHO,player,Mike Taylor,,,,False,4344,2005-08-25
trade,IND,PHO,pick,2008 2nd round draft pick,,,,False,4345,2005-08-25
trade,BOS,New Orleans/Oklahoma City Hornets,player,Edin BavÄiÄ,,,,False,4346,2005-09-30
trade,BOS,New Orleans/Oklahoma City Hornets,pick,2006 2nd round draft pick,,,,False,4347,2005-09-30
trade,HOU,TOR,player,Mike James,,,,False,4348,2005-10-04
trade,HOU,TOR,player,Rafer Alston,,,,False,4349,2005-10-04
trade,CHI,NYK,player,Eddy Curry,,,,False,4350,2005-10-04
trade,CHI,NYK,player,Antonio Davis,,,,False,4351,2005-10-04
trade,CHI,NYK,player,Wilson Chandler,,,,False,4352,2005-10-04
trade,CHI,NYK,pick,2007 1st round draft pick,,,,False,4353,2005-10-04
trade,CHI,NYK,pick,2006 1st round draft pick,,,,False,4354,2005-10-04
trade,CHI,NYK,pick,2007 1st round draft pick,,,,False,4355,2005-10-04
trade,CHI,NYK,pick,2007 2nd round draft pick,,,,False,4356,2005-10-04
trade,CHI,NYK,pick,2009 2nd round draft pick,,,,False,4357,2005-10-04
trade,Charlotte Bobcats,LAL,player,Sun Yue,,,,False,4358,2005-10-26
trade,Charlotte Bobcats,LAL,pick,2007 2nd round draft pick,,,,False,4359,2005-10-26
trade,MIL,New Orleans/Oklahoma City Hornets,player,Desmond Mason,,,,False,4360,2005-10-26
trade,MIL,New Orleans/Oklahoma City Hornets,player,Cedric Simmons,,,,False,4361,2005-10-26
trade,MIL,New Orleans/Oklahoma City Hornets,pick,2006 1st round draft pick,,,,False,4362,2005-10-26
trade,DET,MIN,player,Ronald Dupree,,,,False,4363,2005-10-31
trade,DET,MIN,player,DaJuan Summers,,,,False,4364,2005-10-31
trade,DET,MIN,pick,2009 2nd round draft pick,,,,False,4365,2005-10-31
trade,IND,SAC,player,Metta World Peace,,,,False,4366,2006-01-25
trade,IND,SAC,player,Peja StojakoviÄ,,,,False,4367,2006-01-25
trade,BOS,MIN,player,Marcus Banks,,,,False,4368,2006-01-26
trade,BOS,MIN,player,Mark Blount,,,,False,4369,2006-01-26
trade,BOS,MIN,player,Ricky Davis,,,,False,4370,2006-01-26
trade,BOS,MIN,player,Justin Reed,,,,False,4371,2006-01-26
trade,BOS,MIN,player,Craig Smith,,,,False,4372,2006-01-26
trade,BOS,MIN,player,Nikola PekoviÄ,,,,False,4373,2006-01-26
trade,BOS,MIN,pick,2006 2nd round draft pick,,,,False,4374,2006-01-26
trade,BOS,MIN,pick,2008 2nd round draft pick,,,,False,4375,2006-01-26
trade,BOS,MIN,pick,2009 1st round draft pick,,,,False,4376,2006-01-26
trade,MIN,PHO,player,Nikoloz Tskitishvili,,,,False,4377,2006-01-26
trade,MIN,PHO,player,Loukas Mavrokefalidis,,,,False,4378,2006-01-26
trade,MIN,PHO,pick,2006 2nd round draft pick,,,,False,4379,2006-01-26
trade,New Orleans/Oklahoma City Hornets,TOR,player,Edin BavÄiÄ,,,,False,4380,2006-01-31
trade,New Orleans/Oklahoma City Hornets,TOR,player,Jack McClinton,,,,False,4381,2006-01-31
trade,New Orleans/Oklahoma City Hornets,TOR,pick,2006 2nd round draft pick,,,,False,4382,2006-01-31
trade,New Orleans/Oklahoma City Hornets,TOR,pick,2009 2nd round draft pick,,,,False,4383,2006-01-31
trade,NYK,TOR,player,Antonio Davis,,,,False,4384,2006-02-03
trade,NYK,TOR,player,Jalen Rose,,,,False,4385,2006-02-03
trade,NYK,TOR,player,Renaldo Balkman,,,,False,4386,2006-02-03
trade,NYK,TOR,pick,2006 1st round draft pick,,,,False,4387,2006-02-03
trade,Charlotte Bobcats,HOU,player,Keith Bogans,,,,False,4388,2006-02-09
trade,Charlotte Bobcats,HOU,player,Lonny Baxter,,,,False,4389,2006-02-09
trade,HOU,New Orleans/Oklahoma City Hornets,player,Moochie Norris,,,,False,4390,2006-02-13
trade,HOU,New Orleans/Oklahoma City Hornets,player,Maciej Lampe,,,,False,4391,2006-02-13
trade,LAC,Seattle SuperSonics,player,Chris Wilcox,,,,False,4392,2006-02-14
trade,LAC,Seattle SuperSonics,player,Vladimir RadmanoviÄ,,,,False,4393,2006-02-14
trade,DET,ORL,player,Carlos Arroyo,,,,False,4394,2006-02-15
trade,DET,ORL,player,Darko MiliÄiÄ,,,,False,4395,2006-02-15
trade,DET,ORL,player,Kelvin Cato,,,,False,4396,2006-02-15
trade,DET,ORL,player,Rodney Stuckey,,,,False,4397,2006-02-15
trade,DET,ORL,pick,2007 1st round draft pick,,,,False,4398,2006-02-15
trade,NYK,ORL,player,Trevor Ariza,,,,False,4399,2006-02-22
trade,NYK,ORL,player,Anfernee Hardaway,,,,False,4400,2006-02-22
trade,NYK,ORL,player,Steve Francis,,,,False,4401,2006-02-22
trade,CLE,PHI,player,Lee Nailon,,,,False,4402,2006-02-23
trade,CLE,PHI,player,Daniel Gibson,,,,False,4403,2006-02-23
trade,CLE,PHI,pick,2006 2nd round draft pick,,,,False,4404,2006-02-23
trade,CLE,PHI,pick,2006 2nd round draft pick,,,,False,4405,2006-02-23
trade,HOU,MIA,player,Derek Anderson,,,,True,4406,2006-02-23
trade,HOU,MIA,player,Gerald Fitch,,,,True,4407,2006-02-23
trade,DEN,POR,player,Voshon Lenard,,,,False,4408,2006-02-23
trade,DEN,Seattle SuperSonics,player,Bryon Russell,,,,False,4409,2006-02-23
trade,DEN,Seattle SuperSonics,player,Earl Watson,,,,False,4410,2006-02-23
trade,DEN,Seattle SuperSonics,player,DeVon Hardin,,,,False,4411,2006-02-23
trade,DEN,Seattle SuperSonics,pick,2008 2nd round draft pick,,,,False,4412,2006-02-23
trade,POR,DEN,player,Ruben Patterson,,,,False,4413,2006-02-23
trade,POR,DEN,player,Charles Smith,,,,False,4414,2006-02-23
trade,POR,SAC,player,Sergei Monia,,,,False,4415,2006-02-23
trade,SAC,POR,player,Brian Skinner,,,,False,4416,2006-02-23
trade,Seattle SuperSonics,DEN,player,Reggie Evans,,,,False,4417,2006-02-23
trade,Seattle SuperSonics,SAC,player,Vitaly Potapenko,,,,False,4418,2006-02-23
trade,CLE,Seattle SuperSonics,player,Mike Wilks,,,,False,4419,2006-02-23
trade,CLE,Seattle SuperSonics,player,Ronald Murray,,,,False,4420,2006-02-23
trade,New Jersey Nets,New Orleans/Oklahoma City Hornets,player,Marc Jackson,,,,False,4421,2006-02-23
trade,New Jersey Nets,New Orleans/Oklahoma City Hornets,player,Linton Johnson,,,,False,4422,2006-02-23
trade,TOR,UTA,player,Rafael AraÃºjo,,,,False,4423,2006-06-08
trade,TOR,UTA,player,Kris Humphries,,,,False,4424,2006-06-08
trade,TOR,UTA,player,Robert Whaley,,,,False,4425,2006-06-08
trade,SAS,TOR,player,Rasho NesteroviÄ,,,,False,4426,2006-06-21
trade,SAS,TOR,player,Matt Bonner,,,,False,4427,2006-06-21
trade,SAS,TOR,player,Eric Williams,,,,False,4428,2006-06-21
trade,SAS,TOR,player,Jack McClinton,,,,False,4429,2006-06-21
trade,SAS,TOR,pick,2009 2nd round draft pick,,,,False,4430,2006-06-21
trade,BOS,PHO,player,Rudy FernÃ¡ndez,,,,False,4431,2006-06-28
trade,BOS,PHO,pick,2007 1st round draft pick,,,,False,4432,2006-06-28
trade,MIL,SAS,player,Marcus Williams,,,,False,4433,2006-06-28
trade,MIL,SAS,pick,2007 2nd round draft pick,,,,False,4434,2006-06-28
trade,BOS,DEN,player,Aaron Gray,,,,False,4435,2006-06-28
trade,BOS,DEN,pick,2007 2nd round draft pick,,,,False,4436,2006-06-28
trade,CHI,POR,player,LaMarcus Aldridge,,,,False,4437,2006-06-28
trade,CHI,POR,player,Demetris Nichols,,,,False,4438,2006-06-28
trade,CHI,POR,pick,2007 2nd round draft pick,,,,False,4439,2006-06-28
trade,IND,POR,player,Alexander Johnson,,,,False,4440,2006-06-28
trade,IND,POR,player,Derrick Byars,,,,False,4441,2006-06-28
trade,IND,POR,player,Mike Taylor,,,,False,4442,2006-06-28
trade,IND,POR,pick,2007 2nd round draft pick,,,,False,4443,2006-06-28
trade,IND,POR,pick,2008 2nd round draft pick,,,,False,4444,2006-06-28
trade,MEM,POR,player,Joey Dorsey,,,,False,4445,2006-06-28
trade,MEM,POR,pick,2008 2nd round draft pick,,,,False,4446,2006-06-28
trade,DAL,LAL,player,J.R. Pinnock,,,,False,4447,2006-06-28
trade,DAL,LAL,player,Renaldas Seibutis,,,,False,4448,2006-06-28
trade,DAL,LAL,pick,2007 2nd round draft pick,,,,False,4449,2006-06-28
trade,BOS,POR,player,Dan Dickau,,,,False,4450,2006-06-28
trade,BOS,POR,player,Randy Foye,,,,False,4451,2006-06-28
trade,BOS,POR,player,Raef LaFrentz,,,,False,4452,2006-06-28
trade,BOS,POR,player,Theo Ratliff,,,,False,4453,2006-06-28
trade,BOS,POR,player,Sebastian Telfair,,,,False,4454,2006-06-28
trade,BOS,POR,player,Trent Plaisted,,,,False,4455,2006-06-28
trade,BOS,POR,pick,2008 2nd round draft pick,,,,False,4456,2006-06-28
trade,MIN,POR,player,Brandon Roy,,,,False,4457,2006-06-28
trade,MIN,POR,player,Randy Foye,,,,False,4458,2006-06-28
trade,DET,LAL,player,Maurice Evans,,,,False,4459,2006-06-28
trade,DET,LAL,player,Cheikh Samb,,,,False,4460,2006-06-28
trade,CHI,PHI,player,Rodney Carney,,,,False,4461,2006-06-28
trade,CHI,PHI,player,Kyrylo Fesenko,,,,False,4462,2006-06-28
trade,CHI,PHI,pick,2007 2nd round draft pick,,,,False,4463,2006-06-28
trade,MIN,PHI,player,Bobby Jones,,,,False,4464,2006-06-28
trade,MIN,PHI,player,Chris Richard,,,,False,4465,2006-06-28
trade,MIN,PHI,pick,2007 2nd round draft pick,,,,False,4466,2006-06-28
trade,MIL,TOR,player,T.J. Ford,,,,False,4467,2006-06-30
trade,MIL,TOR,player,Charlie Villanueva,,,,False,4468,2006-06-30
trade,HOU,MEM,player,Rudy Gay,,,,False,4469,2006-07-12
trade,HOU,MEM,player,Stromile Swift,,,,False,4470,2006-07-12
trade,HOU,MEM,player,Shane Battier,,,,False,4471,2006-07-12
trade,GSW,UTA,player,Derek Fisher,,,,False,4472,2006-07-12
trade,GSW,UTA,player,Devin Brown,,,,False,4473,2006-07-12
trade,GSW,UTA,player,Keith McLeod,,,,False,4474,2006-07-12
trade,GSW,UTA,player,Andre Owens,,,,False,4475,2006-07-12
trade,DAL,IND,player,Marquis Daniels,,,,False,4476,2006-07-12
trade,DAL,IND,player,Austin Croshere,,,,False,4477,2006-07-12
trade,IND,New Orleans/Oklahoma City Hornets,player,Peja StojakoviÄ,,,,False,4478,2006-07-12
trade,IND,New Orleans/Oklahoma City Hornets,player,Andrew Betts,,,,False,4479,2006-07-12
trade,CHI,New Orleans/Oklahoma City Hornets,player,Tyson Chandler,,,,False,4480,2006-07-14
trade,CHI,New Orleans/Oklahoma City Hornets,player,P.J. Brown,,,,False,4481,2006-07-14
trade,CHI,New Orleans/Oklahoma City Hornets,player,J.R. Smith,,,,False,4482,2006-07-14
trade,HOU,New Orleans/Oklahoma City Hornets,player,Maarty Leunen,,,,False,4483,2006-07-14
trade,HOU,New Orleans/Oklahoma City Hornets,pick,2008 2nd round draft pick,,,,False,4484,2006-07-14
trade,HOU,New Orleans/Oklahoma City Hornets,pick,2008 2nd round draft pick,,,,False,4485,2006-07-14
trade,CHI,DEN,player,J.R. Smith,,,,False,4486,2006-07-20
trade,CHI,DEN,player,Howard Eisley,,,,False,4487,2006-07-20
trade,CHI,DEN,player,JamesOn Curry,,,,False,4488,2006-07-20
trade,CHI,DEN,player,Aaron Gray,,,,False,4489,2006-07-20
trade,CHI,DEN,pick,2007 2nd round draft pick,,,,False,4490,2006-07-20
trade,CHI,DEN,pick,2007 2nd round draft pick,,,,False,4491,2006-07-20
trade,DAL,IND,player,Darrell Armstrong,,,,False,4492,2006-07-24
trade,DAL,IND,player,Rawle Marshall,,,,False,4493,2006-07-24
trade,DAL,IND,player,Josh Powell,,,,False,4494,2006-07-24
trade,DAL,IND,player,Anthony Johnson,,,,False,4495,2006-07-24
trade,New Jersey Nets,Seattle SuperSonics,player,Derrick Brown,,,,False,4496,2006-07-27
trade,New Jersey Nets,Seattle SuperSonics,pick,2009 2nd round draft pick,,,,False,4497,2006-07-27
trade,MIL,POR,player,Jamaal Magloire,,,,False,4498,2006-07-31
trade,MIL,POR,player,Steve Blake,,,,False,4499,2006-07-31
trade,MIL,POR,player,Ha Seung-Jin,,,,False,4500,2006-07-31
trade,MIL,POR,player,Brian Skinner,,,,False,4501,2006-07-31
trade,DEN,MIL,player,Ruben Patterson,,,,False,4502,2006-08-10
trade,DEN,MIL,player,Joe Smith,,,,False,4503,2006-08-10
trade,CHI,CLE,player,Eddie Basden,,,,False,4504,2006-08-18
trade,CHI,CLE,player,Martynas AndriuÅ¡keviÄius,,,,False,4505,2006-08-18
trade,ATL,IND,player,John Edwards,,,,False,4506,2006-08-22
trade,ATL,IND,player,Al Harrington,,,,False,4507,2006-08-22
trade,ATL,IND,player,Acie Law,,,,False,4508,2006-08-22
trade,ATL,IND,pick,2007 1st round draft pick,,,,False,4509,2006-08-22
trade,BOS,CLE,player,Dwayne Jones,,,,True,4510,2006-10-13
trade,BOS,CLE,player,Luke Jackson,,,,True,4511,2006-10-13
trade,DEN,PHI,player,Andre Miller,,,,False,4512,2006-12-19
trade,DEN,PHI,player,Joe Smith,,,,False,4513,2006-12-19
trade,DEN,PHI,player,Daequan Cook,,,,False,4514,2006-12-19
trade,DEN,PHI,player,Petteri Koponen,,,,False,4515,2006-12-19
trade,DEN,PHI,pick,2007 1st round draft pick,,,,False,4516,2006-12-19
trade,DEN,PHI,pick,2007 1st round draft pick,,,,False,4517,2006-12-19
trade,Charlotte Bobcats,New Jersey Nets,player,Bernard Robinson,,,,False,4518,2007-01-03
trade,Charlotte Bobcats,New Jersey Nets,player,Jeff McInnis,,,,False,4519,2007-01-03
trade,DEN,MIL,player,Earl Boykins,,,,False,4520,2007-01-11
trade,DEN,MIL,player,Julius Hodge,,,,False,4521,2007-01-11
trade,GSW,IND,player,Ike Diogu,,,,False,4522,2007-01-16
trade,GSW,IND,player,Mike Dunleavy,,,,False,4523,2007-01-16
trade,GSW,IND,player,Keith McLeod,,,,False,4524,2007-01-16
trade,GSW,IND,player,Troy Murphy,,,,False,4525,2007-01-16
trade,GSW,IND,player,Al Harrington,,,,False,4526,2007-01-16
trade,GSW,IND,player,Stephen Jackson,,,,False,4527,2007-01-16
trade,GSW,IND,player,Å arÅ«nas JasikeviÄius,,,,False,4528,2007-01-16
trade,GSW,IND,player,Josh Powell,,,,False,4529,2007-01-16
trade,Charlotte Bobcats,SAS,player,Melvin Ely,,,,False,4530,2007-02-13
trade,Charlotte Bobcats,SAS,player,Eric Williams,,,,False,4531,2007-02-13
trade,Charlotte Bobcats,SAS,player,Robert Vaden,,,,False,4532,2007-02-13
trade,Charlotte Bobcats,SAS,pick,2009 2nd round draft pick,,,,False,4533,2007-02-13
trade,HOU,MEM,player,Scott Padgett,,,,False,4534,2007-02-13
trade,HOU,MEM,player,Jake Tsakalidis,,,,False,4535,2007-02-13
trade,POR,TOR,player,Juan Dixon,,,,False,4536,2007-02-22
trade,POR,TOR,player,Fred Jones,,,,False,4537,2007-02-22
trade,ATL,DAL,player,Nick Fazekas,,,,False,4538,2007-02-22
trade,ATL,DAL,pick,2007 2nd round draft pick,,,,False,4539,2007-02-22
trade,MIA,ORL,player,Stan Van Gundy (coach),,,,False,4540,2007-06-08
trade,MIA,ORL,player,Stanko BaraÄ,,,,False,4541,2007-06-08
trade,MIA,ORL,player,Darnell Jackson,,,,False,4542,2007-06-08
trade,MIA,ORL,pick,2007 2nd round draft pick,,,,False,4543,2007-06-08
trade,MIA,ORL,pick,2008 2nd round draft pick,,,,False,4544,2007-06-08
trade,HOU,MIN,player,Juwan Howard,,,,False,4545,2007-06-14
trade,HOU,MIN,player,Mike James,,,,False,4546,2007-06-14
trade,HOU,MIN,player,Justin Reed,,,,False,4547,2007-06-14
trade,DET,TOR,player,Carlos Delfino,,,,False,4548,2007-06-15
trade,DET,TOR,player,Jonas Jerebko,,,,False,4549,2007-06-15
trade,DET,TOR,player,Kyle Singler,,,,False,4550,2007-06-15
trade,DET,TOR,pick,2009 2nd round draft pick,,,,False,4551,2007-06-15
trade,DET,TOR,pick,2011 2nd round draft pick,,,,False,4552,2007-06-15
trade,HOU,ORL,player,Brad Newley,,,,False,4553,2007-06-28
trade,HOU,ORL,pick,2007 2nd round draft pick,,,,False,4554,2007-06-28
trade,PHI,UTA,player,Kyrylo Fesenko,,,,False,4555,2007-06-28
trade,PHI,UTA,player,Herbert Hill,,,,False,4556,2007-06-28
trade,SAS,TOR,player,Georgios Printezis,,,,False,4557,2007-06-28
trade,SAS,TOR,player,Goran DragiÄ,,,,False,4558,2007-06-28
trade,SAS,TOR,pick,2008 2nd round draft pick,,,,False,4559,2007-06-28
trade,IND,MIA,player,Marcus Thornton,,,,False,4560,2007-06-28
trade,IND,MIA,pick,2009 2nd round draft pick,,,,False,4561,2007-06-28
trade,PHI,POR,player,Petteri Koponen,,,,False,4562,2007-06-28
trade,PHI,POR,player,Derrick Byars,,,,False,4563,2007-06-28
trade,DAL,ORL,player,Milovan RakoviÄ,,,,False,4564,2007-06-28
trade,DAL,ORL,player,Reyshawn Terry,,,,False,4565,2007-06-28
trade,HOU,Seattle SuperSonics,player,Sasha Kaun,,,,False,4566,2007-06-28
trade,HOU,Seattle SuperSonics,pick,2008 2nd round draft pick,,,,False,4567,2007-06-28
trade,BOS,Seattle SuperSonics,player,Jeff Green,,,,False,4568,2007-06-28
trade,BOS,Seattle SuperSonics,player,Wally Szczerbiak,,,,False,4569,2007-06-28
trade,BOS,Seattle SuperSonics,player,Delonte West,,,,False,4570,2007-06-28
trade,BOS,Seattle SuperSonics,player,Trent Plaisted,,,,False,4571,2007-06-28
trade,BOS,Seattle SuperSonics,pick,2008 2nd round draft pick,,,,False,4572,2007-06-28
trade,NYK,POR,player,Steve Francis,,,,False,4573,2007-06-28
trade,NYK,POR,player,Channing Frye,,,,False,4574,2007-06-28
trade,NYK,POR,player,Dan Dickau,,,,False,4575,2007-06-28
trade,NYK,POR,player,Fred Jones,,,,False,4576,2007-06-28
trade,NYK,POR,player,Zach Randolph,,,,False,4577,2007-06-28
trade,MIA,PHI,player,Jason Smith,,,,False,4578,2007-06-28
trade,MIA,PHI,player,Daequan Cook,,,,False,4579,2007-06-28
trade,MIA,PHI,player,Nick Calathes,,,,False,4580,2007-06-28
trade,MIA,PHI,pick,2009 2nd round draft pick,,,,False,4581,2007-06-28
trade,Charlotte Bobcats,GSW,player,Brandan Wright,,,,False,4582,2007-06-28
trade,Charlotte Bobcats,GSW,player,Jermareo Davidson,,,,False,4583,2007-06-28
trade,Charlotte Bobcats,GSW,player,Jason Richardson,,,,False,4584,2007-06-28
trade,NYK,POR,player,Ãmer AÅÄ±k,,,,False,4585,2007-06-28
trade,NYK,POR,pick,2008 2nd round draft pick,,,,False,4586,2007-06-28
trade,PHO,POR,player,Rudy FernÃ¡ndez,,,,False,4587,2007-07-11
trade,PHO,POR,player,James Jones,,,,False,4588,2007-07-11
trade,ORL,Seattle SuperSonics,player,Emir PreldÅ¾iÄ,,,,True,4589,2007-07-11
trade,ORL,Seattle SuperSonics,pick,2009 2nd round draft pick,,,,True,4590,2007-07-11
trade,HOU,SAS,player,Vassilis Spanoulis,,,,False,4591,2007-07-12
trade,HOU,SAS,player,Nando De Colo,,,,False,4592,2007-07-12
trade,HOU,SAS,pick,2009 2nd round draft pick,,,,False,4593,2007-07-12
trade,PHO,Seattle SuperSonics,player,Kurt Thomas,,,,True,4594,2007-07-20
trade,PHO,Seattle SuperSonics,player,Serge Ibaka,,,,True,4595,2007-07-20
trade,PHO,Seattle SuperSonics,player,Quincy Pondexter,,,,True,4596,2007-07-20
trade,PHO,Seattle SuperSonics,pick,2008 1st round draft pick,,,,True,4597,2007-07-20
trade,PHO,Seattle SuperSonics,pick,2010 1st round draft pick,,,,True,4598,2007-07-20
trade,PHO,Seattle SuperSonics,pick,2009 2nd round draft pick,,,,True,4599,2007-07-20
trade,BOS,MIN,player,Ryan Gomes,,,,False,4600,2007-07-31
trade,BOS,MIN,player,Gerald Green,,,,False,4601,2007-07-31
trade,BOS,MIN,player,Al Jefferson,,,,False,4602,2007-07-31
trade,BOS,MIN,player,Theo Ratliff,,,,False,4603,2007-07-31
trade,BOS,MIN,player,Sebastian Telfair,,,,False,4604,2007-07-31
trade,BOS,MIN,player,Wayne Ellington,,,,False,4605,2007-07-31
trade,BOS,MIN,player,Jonny Flynn,,,,False,4606,2007-07-31
trade,BOS,MIN,pick,2009 1st round draft pick,,,,False,4607,2007-07-31
trade,BOS,MIN,pick,2009 1st round draft pick,,,,False,4608,2007-07-31
trade,MEM,WAS,player,Xavier Henry,,,,False,4609,2007-08-17
trade,MEM,WAS,pick,2010 1st round draft pick,,,,False,4610,2007-08-17
trade,DEN,PHI,player,Reggie Evans,,,,False,4611,2007-09-10
trade,DEN,PHI,player,Ricky SÃ¡nchez,,,,False,4612,2007-09-10
trade,DEN,PHI,player,Steven Hunter,,,,False,4613,2007-09-10
trade,DEN,PHI,player,Bobby Jones,,,,False,4614,2007-09-10
trade,CLE,New Orleans Hornets,player,David Wesley,,,,False,4615,2007-09-29
trade,CLE,New Orleans Hornets,player,Cedric Simmons,,,,False,4616,2007-09-29
trade,DAL,MIN,player,Greg Buckner,,,,False,4617,2007-10-01
trade,DAL,MIN,player,Trenton Hassell,,,,False,4618,2007-10-01
trade,MIA,MIN,player,Michael Doleac,,,,False,4619,2007-10-24
trade,MIA,MIN,player,Wayne Simien,,,,False,4620,2007-10-24
trade,MIA,MIN,player,Antoine Walker,,,,False,4621,2007-10-24
trade,MIA,MIN,player,Ty Lawson,,,,False,4622,2007-10-24
trade,MIA,MIN,pick,2009 1st round draft pick,,,,False,4623,2007-10-24
trade,New Jersey Nets,New Orleans Hornets,player,Mile IliÄ,,,,False,4624,2007-10-29
trade,New Jersey Nets,New Orleans Hornets,player,Bernard Robinson,,,,False,4625,2007-10-29
trade,New Jersey Nets,New Orleans Hornets,player,David Wesley,,,,False,4626,2007-10-29
trade,MIN,SAS,player,Beno Udrih,,,,False,4627,2007-10-29
trade,MIN,SAS,pick,2008 2nd round draft pick,,,,False,4628,2007-10-29
trade,LAL,ORL,player,Brian Cook,,,,False,4629,2007-11-20
trade,LAL,ORL,player,Maurice Evans,,,,False,4630,2007-11-20
trade,LAL,ORL,player,Trevor Ariza,,,,False,4631,2007-11-20
trade,Charlotte Bobcats,DET,player,PrimoÅ¾ Brezec,,,,False,4632,2007-12-14
trade,Charlotte Bobcats,DET,player,Walter Herrmann,,,,False,4633,2007-12-14
trade,Charlotte Bobcats,DET,player,Nazr Mohammed,,,,False,4634,2007-12-14
trade,PHI,UTA,player,Kyle Korver,,,,False,4635,2007-12-29
trade,PHI,UTA,player,Gordan GiriÄek,,,,False,4636,2007-12-29
trade,PHI,UTA,player,Trevor Booker,,,,False,4637,2007-12-29
trade,PHI,UTA,pick,2010 1st round draft pick,,,,False,4638,2007-12-29
trade,LAL,MEM,player,Kwame Brown,,,,False,4639,2008-02-01
trade,LAL,MEM,player,Javaris Crittenton,,,,False,4640,2008-02-01
trade,LAL,MEM,player,Marc Gasol,,,,False,4641,2008-02-01
trade,LAL,MEM,player,Aaron McKie,,,,False,4642,2008-02-01
trade,LAL,MEM,player,DontÃ© Greene,,,,False,4643,2008-02-01
trade,LAL,MEM,player,Greivis VÃ¡squez,,,,False,4644,2008-02-01
trade,LAL,MEM,pick,2008 1st round draft pick,,,,False,4645,2008-02-01
trade,LAL,MEM,pick,2010 1st round draft pick,,,,False,4646,2008-02-01
trade,LAL,MEM,pick,2010 2nd round draft pick,,,,False,4647,2008-02-01
trade,MEM,New Jersey Nets,player,Stromile Swift,,,,False,4648,2008-02-04
trade,MEM,New Jersey Nets,player,Jason Collins,,,,False,4649,2008-02-04
trade,MIA,PHO,player,Shaquille O'Neal,,,,False,4650,2008-02-06
trade,MIA,PHO,player,Marcus Banks,,,,False,4651,2008-02-06
trade,MIA,PHO,player,Shawn Marion,,,,False,4652,2008-02-06
trade,ATL,SAC,player,Anthony Johnson,,,,False,4653,2008-02-16
trade,ATL,SAC,player,Tyronn Lue,,,,False,4654,2008-02-16
trade,ATL,SAC,player,Shelden Williams,,,,False,4655,2008-02-16
trade,ATL,SAC,player,Lorenzen Wright,,,,False,4656,2008-02-16
trade,ATL,SAC,player,Sean Singletary,,,,False,4657,2008-02-16
trade,ATL,SAC,pick,2008 2nd round draft pick,,,,False,4658,2008-02-16
trade,DAL,New Jersey Nets,player,Maurice Ager,,,,False,4659,2008-02-19
trade,DAL,New Jersey Nets,player,DeSagana Diop,,,,False,4660,2008-02-19
trade,DAL,New Jersey Nets,player,Devin Harris,,,,False,4661,2008-02-19
trade,DAL,New Jersey Nets,player,Trenton Hassell,,,,False,4662,2008-02-19
trade,DAL,New Jersey Nets,player,Keith Van Horn,,,,False,4663,2008-02-19
trade,DAL,New Jersey Nets,player,Ryan Anderson,,,,False,4664,2008-02-19
trade,DAL,New Jersey Nets,player,Jordan Crawford,,,,False,4665,2008-02-19
trade,DAL,New Jersey Nets,pick,2008 1st round draft pick,,,,False,4666,2008-02-19
trade,DAL,New Jersey Nets,pick,2010 1st round draft pick,,,,False,4667,2008-02-19
trade,SAS,Seattle SuperSonics,player,Brent Barry,,,,False,4668,2008-02-20
trade,SAS,Seattle SuperSonics,player,Francisco Elson,,,,False,4669,2008-02-20
trade,SAS,Seattle SuperSonics,player,Rodrigue Beaubois,,,,False,4670,2008-02-20
trade,SAS,Seattle SuperSonics,pick,2009 1st round draft pick,,,,False,4671,2008-02-20
trade,DET,TOR,player,PrimoÅ¾ Brezec,,,,False,4672,2008-02-21
trade,DET,TOR,player,Juan Dixon,,,,False,4673,2008-02-21
trade,CHI,CLE,player,Joe Smith,,,,False,4674,2008-02-21
trade,CHI,CLE,player,Ben Wallace,,,,False,4675,2008-02-21
trade,CHI,CLE,player,Danny Green,,,,False,4676,2008-02-21
trade,CHI,CLE,pick,2009 2nd round draft pick,,,,False,4677,2008-02-21
trade,CHI,Seattle SuperSonics,player,Adrian Griffin,,,,False,4678,2008-02-21
trade,CLE,CHI,player,Shannon Brown,,,,False,4679,2008-02-21
trade,CLE,CHI,player,Drew Gooden,,,,False,4680,2008-02-21
trade,CLE,CHI,player,Larry Hughes,,,,False,4681,2008-02-21
trade,CLE,CHI,player,Cedric Simmons,,,,False,4682,2008-02-21
trade,CLE,Seattle SuperSonics,player,Donyell Marshall,,,,False,4683,2008-02-21
trade,CLE,Seattle SuperSonics,player,Ira Newble,,,,False,4684,2008-02-21
trade,Seattle SuperSonics,CLE,player,Wally Szczerbiak,,,,False,4685,2008-02-21
trade,Seattle SuperSonics,CLE,player,Delonte West,,,,False,4686,2008-02-21
trade,HOU,MIN,player,Kirk Snyder,,,,False,4687,2008-02-21
trade,HOU,MIN,player,PaulÃ£o Prestes,,,,False,4688,2008-02-21
trade,HOU,MIN,pick,2010 2nd round draft pick,,,,False,4689,2008-02-21
trade,HOU,MEM,player,Malick Badiane,,,,False,4690,2008-02-21
trade,HOU,New Orleans Hornets,player,Mike James,,,,False,4691,2008-02-21
trade,HOU,New Orleans Hornets,player,Bonzi Wells,,,,False,4692,2008-02-21
trade,MEM,HOU,player,Sergei Lishouk,,,,False,4693,2008-02-21
trade,New Orleans Hornets,HOU,player,Adam Haluska,,,,False,4694,2008-02-21
trade,New Orleans Hornets,HOU,player,Bobby Jackson,,,,False,4695,2008-02-21
trade,New Orleans Hornets,HOU,player,Maarty Leunen,,,,False,4696,2008-02-21
trade,New Orleans Hornets,HOU,pick,2008 2nd round draft pick,,,,False,4697,2008-02-21
trade,New Orleans Hornets,MEM,player,Marcus Vinicius,,,,False,4698,2008-02-21
trade,DEN,POR,player,Von Wafer,,,,False,4699,2008-02-21
trade,DEN,POR,player,Taurean Green,,,,False,4700,2008-02-21
trade,Charlotte Bobcats,DEN,player,Luke Babbitt,,,,False,4701,2008-06-25
trade,Charlotte Bobcats,DEN,pick,2010 1st round draft pick,,,,False,4702,2008-06-25
trade,Charlotte Bobcats,DEN,pick,2008 1st round draft pick,,,,False,4703,2008-06-25
trade,LAC,POR,player,Dante Cunningham,,,,False,4704,2008-06-26
trade,LAC,POR,pick,2009 2nd round draft pick,,,,False,4705,2008-06-26
trade,MIA,MIN,player,Nick Calathes,,,,False,4706,2008-06-26
trade,MIA,MIN,player,Henk Norel,,,,False,4707,2008-06-26
trade,MIA,MIN,pick,2009 2nd round draft pick,,,,False,4708,2008-06-26
trade,MIA,MIN,pick,2009 2nd round draft pick,,,,False,4709,2008-06-26
trade,CLE,MIA,player,Robert Dozier,,,,False,4710,2008-06-26
trade,CLE,MIA,pick,2009 2nd round draft pick,,,,False,4711,2008-06-26
trade,DET,Seattle SuperSonics,player,D.J. White,,,,False,4712,2008-06-26
trade,DET,Seattle SuperSonics,player,Trent Plaisted,,,,False,4713,2008-06-26
trade,DET,Seattle SuperSonics,player,Walter Sharpe,,,,False,4714,2008-06-26
trade,HOU,POR,player,Nicolas Batum,,,,False,4715,2008-06-26
trade,MEM,HOU,player,DontÃ© Greene,,,,False,4716,2008-06-26
trade,MEM,HOU,player,Sam Young,,,,False,4717,2008-06-26
trade,MEM,HOU,pick,2009 2nd round draft pick,,,,False,4718,2008-06-26
trade,POR,HOU,player,Joey Dorsey,,,,False,4719,2008-06-26
trade,POR,MEM,player,Darrell Arthur,,,,False,4720,2008-06-26
trade,MEM,MIN,player,Brian Cardinal,,,,False,4721,2008-06-26
trade,MEM,MIN,player,Jason Collins,,,,False,4722,2008-06-26
trade,MEM,MIN,player,Kevin Love,,,,False,4723,2008-06-26
trade,MEM,MIN,player,Mike Miller,,,,False,4724,2008-06-26
trade,MEM,MIN,player,Greg Buckner,,,,False,4725,2008-06-26
trade,MEM,MIN,player,Marko JariÄ,,,,False,4726,2008-06-26
trade,MEM,MIN,player,O.J. Mayo,,,,False,4727,2008-06-26
trade,MEM,MIN,player,Antoine Walker,,,,False,4728,2008-06-26
trade,MIL,New Jersey Nets,player,Yi Jianlian,,,,False,4729,2008-06-26
trade,MIL,New Jersey Nets,player,Bobby Simmons,,,,False,4730,2008-06-26
trade,MIL,New Jersey Nets,player,Richard Jefferson,,,,False,4731,2008-06-26
trade,PHO,SAS,player,Malik Hairston,,,,False,4732,2008-06-28
trade,PHO,SAS,player,DeJuan Blair,,,,False,4733,2008-06-28
trade,PHO,SAS,pick,2009 2nd round draft pick,,,,False,4734,2008-06-28
trade,CHI,DEN,player,Sonny Weems,,,,False,4735,2008-06-28
trade,CHI,POR,player,Jon Brockman,,,,False,4736,2008-06-28
trade,CHI,POR,player,Jerome Jordan,,,,False,4737,2008-06-28
trade,CHI,POR,pick,2009 2nd round draft pick,,,,False,4738,2008-06-28
trade,CHI,POR,pick,2010 2nd round draft pick,,,,False,4739,2008-06-28
trade,DEN,POR,player,Patty Mills,,,,False,4740,2008-06-28
trade,DEN,POR,pick,2009 2nd round draft pick,,,,False,4741,2008-06-28
trade,POR,CHI,player,Ãmer AÅÄ±k,,,,False,4742,2008-06-28
trade,IND,TOR,player,Nathan Jawai,,,,False,4743,2008-07-09
trade,IND,TOR,player,Jermaine O'Neal,,,,False,4744,2008-07-09
trade,IND,TOR,player,Maceo Baston,,,,False,4745,2008-07-09
trade,IND,TOR,player,T.J. Ford,,,,False,4746,2008-07-09
trade,IND,TOR,player,Roy Hibbert,,,,False,4747,2008-07-09
trade,IND,TOR,player,Rasho NesteroviÄ,,,,False,4748,2008-07-09
trade,MIN,PHI,player,Calvin Booth,,,,False,4749,2008-07-09
trade,MIN,PHI,player,Rodney Carney,,,,False,4750,2008-07-09
trade,MIN,PHI,player,Trevor Booker,,,,False,4751,2008-07-09
trade,MIN,PHI,pick,2010 2nd round draft pick,,,,False,4752,2008-07-09
trade,MIN,PHI,pick,2010 1st round draft pick,,,,False,4753,2008-07-09
trade,IND,POR,player,Jerryd Bayless,,,,False,4754,2008-07-09
trade,IND,POR,player,Ike Diogu,,,,False,4755,2008-07-09
trade,IND,POR,player,Jarrett Jack,,,,False,4756,2008-07-09
trade,IND,POR,player,Josh McRoberts,,,,False,4757,2008-07-09
trade,IND,POR,player,Brandon Rush,,,,False,4758,2008-07-09
trade,DEN,LAC,player,Marcus Camby,,,,False,4759,2008-07-15
trade,DEN,LAC,player,Willie Warren,,,,False,4760,2008-07-15
trade,DEN,LAC,pick,2010 2nd round draft pick,,,,False,4761,2008-07-15
trade,DEN,LAC,pick,2010 2nd round draft pick,,,,False,4762,2008-07-15
trade,GSW,New Jersey Nets,player,Darius Morris,,,,False,4763,2008-07-22
trade,GSW,New Jersey Nets,player,Gorgui Dieng,,,,False,4764,2008-07-22
trade,GSW,New Jersey Nets,pick,2011 2nd round draft pick,,,,False,4765,2008-07-22
trade,GSW,New Jersey Nets,pick,2013 1st round draft pick,,,,False,4766,2008-07-22
trade,LAC,UTA,player,Brevin Knight,,,,False,4767,2008-07-23
trade,LAC,UTA,player,Jason Hart,,,,False,4768,2008-07-23
trade,DEN,NYK,player,Taurean Green,,,,False,4769,2008-07-28
trade,DEN,NYK,player,Bobby Jones,,,,False,4770,2008-07-28
trade,DEN,NYK,player,Andy Rautins,,,,False,4771,2008-07-28
trade,DEN,NYK,pick,2010 2nd round draft pick,,,,False,4772,2008-07-28
trade,HOU,LAC,player,Steve Novak,,,,False,4773,2008-08-06
trade,Charlotte Bobcats,OKC,player,Kyle Weaver,,,,False,4774,2008-08-11
trade,Charlotte Bobcats,OKC,player,Derrick Brown,,,,False,4775,2008-08-11
trade,Charlotte Bobcats,OKC,pick,2009 2nd round draft pick,,,,False,4776,2008-08-11
trade,CLE,MIL,player,Damon Jones,,,,False,4777,2008-08-13
trade,CLE,OKC,player,Joe Smith,,,,False,4778,2008-08-13
trade,MIL,CLE,player,Mo Williams,,,,False,4779,2008-08-13
trade,MIL,OKC,player,Desmond Mason,,,,False,4780,2008-08-13
trade,OKC,MIL,player,Adrian Griffin,,,,False,4781,2008-08-13
trade,OKC,MIL,player,Luke Ridnour,,,,False,4782,2008-08-13
trade,HOU,SAC,player,DontÃ© Greene,,,,False,4783,2008-08-14
trade,HOU,SAC,player,Bobby Jackson,,,,False,4784,2008-08-14
trade,HOU,SAC,player,Omri Casspi,,,,False,4785,2008-08-14
trade,HOU,SAC,pick,2009 1st round draft pick,,,,False,4786,2008-08-14
trade,HOU,PHO,player,Sean Singletary,,,,False,4787,2008-08-25
trade,HOU,PHO,player,D.J. Strawberry,,,,False,4788,2008-08-25
trade,HOU,NYK,player,Patrick Ewing,,,,False,4789,2008-08-29
trade,HOU,NYK,player,Frederic Weis,,,,False,4790,2008-08-29
trade,DAL,IND,player,Eddie Jones,,,,False,4791,2008-10-10
trade,DAL,IND,player,A.J. Price,,,,False,4792,2008-10-10
trade,DAL,IND,player,Ryan Reid,,,,False,4793,2008-10-10
trade,DAL,IND,pick,2009 2nd round draft pick,,,,False,4794,2008-10-10
trade,DAL,IND,pick,2010 2nd round draft pick,,,,False,4795,2008-10-10
trade,DEN,DET,player,Allen Iverson,,,,False,4796,2008-11-03
trade,DEN,DET,player,Chauncey Billups,,,,False,4797,2008-11-03
trade,DEN,DET,player,Antonio McDyess,,,,False,4798,2008-11-03
trade,DEN,DET,player,Cheikh Samb,,,,False,4799,2008-11-03
trade,LAC,NYK,player,Cuttino Mobley,,,,False,4800,2008-11-21
trade,LAC,NYK,player,Tim Thomas,,,,False,4801,2008-11-21
trade,LAC,NYK,player,Mardy Collins,,,,False,4802,2008-11-21
trade,LAC,NYK,player,Zach Randolph,,,,False,4803,2008-11-21
trade,GSW,NYK,player,Al Harrington,,,,False,4804,2008-11-21
trade,GSW,NYK,player,Jamal Crawford,,,,False,4805,2008-11-21
trade,Charlotte Bobcats,PHO,player,Jared Dudley,,,,False,4806,2008-12-10
trade,Charlotte Bobcats,PHO,player,Jason Richardson,,,,False,4807,2008-12-10
trade,Charlotte Bobcats,PHO,player,Gani Lawal,,,,False,4808,2008-12-10
trade,Charlotte Bobcats,PHO,pick,2010 2nd round draft pick,,,,False,4809,2008-12-10
trade,MEM,New Orleans Hornets,pick,2015 2nd round draft pick,,,,False,4810,2008-12-10
trade,MEM,WAS,player,Javaris Crittenton,,,,False,4811,2008-12-10
trade,New Orleans Hornets,WAS,player,Mike James,,,,False,4812,2008-12-10
trade,WAS,MEM,player,Xavier Henry,,,,False,4813,2008-12-10
trade,WAS,MEM,pick,2010 1st round draft pick,,,,False,4814,2008-12-10
trade,WAS,New Orleans Hornets,player,Antonio Daniels,,,,False,4815,2008-12-10
trade,HOU,MEM,player,Steve Francis,,,,False,4816,2008-12-23
trade,HOU,MEM,player,Sam Young,,,,False,4817,2008-12-23
trade,HOU,MEM,pick,2009 2nd round draft pick,,,,False,4818,2008-12-23
trade,HOU,MEM,pick,2011 2nd round draft pick,,,,False,4819,2008-12-23
trade,LAC,TOR,player,Hassan Adams,,,,False,4820,2009-01-01
trade,LAC,TOR,pick,2015 2nd round draft pick,,,,False,4821,2009-01-01
trade,DEN,LAC,player,Cheikh Samb,,,,False,4822,2009-01-05
trade,DEN,LAC,player,Nikola RadiÄeviÄ,,,,False,4823,2009-01-05
trade,DEN,LAC,pick,2015 2nd round draft pick,,,,False,4824,2009-01-05
trade,MEM,MIA,player,Shaun Livingston,,,,False,4825,2009-01-07
trade,MEM,MIA,pick,2012 2nd round draft pick,,,,False,4826,2009-01-07
trade,DEN,OKC,player,Chucky Atkins,,,,False,4827,2009-01-07
trade,DEN,OKC,player,Taj Gibson,,,,False,4828,2009-01-07
trade,DEN,OKC,pick,2009 1st round draft pick,,,,False,4829,2009-01-07
trade,DEN,OKC,pick,2009 2nd round draft pick,,,,False,4830,2009-01-07
trade,Charlotte Bobcats,DAL,player,Matt Carroll,,,,False,4831,2009-01-16
trade,Charlotte Bobcats,DAL,player,Ryan Hollins,,,,False,4832,2009-01-16
trade,Charlotte Bobcats,DAL,player,DeSagana Diop,,,,False,4833,2009-01-16
trade,MIL,ORL,player,Tyronn Lue,,,,False,4834,2009-02-05
trade,MIL,ORL,player,Keith Bogans,,,,False,4835,2009-02-05
trade,Charlotte Bobcats,LAL,player,Shannon Brown,,,,False,4836,2009-02-07
trade,Charlotte Bobcats,LAL,player,Adam Morrison,,,,False,4837,2009-02-07
trade,Charlotte Bobcats,LAL,player,Vladimir RadmanoviÄ,,,,False,4838,2009-02-07
trade,MIA,TOR,player,Marcus Banks,,,,True,4839,2009-02-13
trade,MIA,TOR,player,Shawn Marion,,,,True,4840,2009-02-13
trade,MIA,TOR,pick,2010 2nd round draft pick,,,,True,4841,2009-02-13
trade,MIA,TOR,pick,2011 1st round draft pick,,,,True,4842,2009-02-13
trade,DET,LAC,player,Alex Acker,,,,False,4843,2009-02-16
trade,DET,LAC,player,Trey Thompkins,,,,False,4844,2009-02-16
trade,DET,LAC,pick,2011 2nd round draft pick,,,,False,4845,2009-02-16
trade,DET,LAC,pick,2013 2nd round draft pick,,,,False,4846,2009-02-16
trade,BOS,SAC,player,Sam Cassell,,,,False,4847,2009-02-17
trade,BOS,SAC,pick,2015 2nd round draft pick,,,,False,4848,2009-02-17
trade,CHI,SAC,player,Drew Gooden,,,,False,4849,2009-02-18
trade,CHI,SAC,player,AndrÃ©s Nocioni,,,,False,4850,2009-02-18
trade,CHI,SAC,player,Michael Ruffin,,,,False,4851,2009-02-18
trade,CHI,SAC,player,Cedric Simmons,,,,False,4852,2009-02-18
trade,CHI,SAC,player,Brad Miller,,,,False,4853,2009-02-18
trade,CHI,SAC,player,John Salmons,,,,False,4854,2009-02-18
trade,POR,SAC,player,Ike Diogu,,,,False,4855,2009-02-18
trade,POR,SAC,player,Michael Ruffin,,,,False,4856,2009-02-18
trade,LAL,MEM,player,Chris Mihm,,,,False,4857,2009-02-18
trade,LAL,MEM,pick,2013 2nd round draft pick,,,,False,4858,2009-02-18
trade,MIN,SAC,player,Calvin Booth,,,,False,4859,2009-02-19
trade,MIN,SAC,player,Rashad McCants,,,,False,4860,2009-02-19
trade,MIN,SAC,player,Bobby Brown,,,,False,4861,2009-02-19
trade,MIN,SAC,player,Shelden Williams,,,,False,4862,2009-02-19
trade,HOU,ORL,player,Rafer Alston,,,,False,4863,2009-02-19
trade,MEM,HOU,player,Kyle Lowry,,,,False,4864,2009-02-19
trade,ORL,HOU,player,Brian Cook,,,,False,4865,2009-02-19
trade,ORL,MEM,player,Adonal Foyle,,,,False,4866,2009-02-19
trade,ORL,MEM,player,Mike Wilks,,,,False,4867,2009-02-19
trade,ORL,MEM,player,DeMarre Carroll,,,,False,4868,2009-02-19
trade,ORL,MEM,pick,2009 1st round draft pick,,,,False,4869,2009-02-19
trade,BOS,TOR,player,Patrick O'Bryant,,,,False,4870,2009-02-19
trade,BOS,TOR,pick,2014 2nd round draft pick,,,,False,4871,2009-02-19
trade,CHI,NYK,player,Larry Hughes,,,,False,4872,2009-02-19
trade,CHI,NYK,player,Jerome James,,,,False,4873,2009-02-19
trade,CHI,NYK,player,Anthony Roberson,,,,False,4874,2009-02-19
trade,CHI,NYK,player,Tim Thomas,,,,False,4875,2009-02-19
trade,NYK,OKC,player,Malik Rose,,,,False,4876,2009-02-19
trade,NYK,OKC,player,Chris Wilcox,,,,False,4877,2009-02-19
trade,CHI,OKC,player,Thabo Sefolosha,,,,False,4878,2009-02-19
trade,CHI,OKC,player,Taj Gibson,,,,False,4879,2009-02-19
trade,CHI,OKC,pick,2009 1st round draft pick,,,,False,4880,2009-02-19
trade,PHI,TOR,player,Reggie Evans,,,,False,4881,2009-06-09
trade,PHI,TOR,player,Jason Kapono,,,,False,4882,2009-06-09
trade,MIL,SAS,player,Richard Jefferson,,,,False,4883,2009-06-23
trade,MIL,SAS,player,Bruce Bowen,,,,False,4884,2009-06-23
trade,MIL,SAS,player,Fabricio Oberto,,,,False,4885,2009-06-23
trade,MIL,SAS,player,Kurt Thomas,,,,False,4886,2009-06-23
trade,DET,MIL,player,Amir Johnson,,,,False,4887,2009-06-23
trade,DET,MIL,player,Fabricio Oberto,,,,False,4888,2009-06-23
trade,MIN,WAS,player,Randy Foye,,,,False,4889,2009-06-24
trade,MIN,WAS,player,Mike Miller,,,,False,4890,2009-06-24
trade,MIN,WAS,player,Oleksiy Pecherov,,,,False,4891,2009-06-24
trade,MIN,WAS,player,Darius Songaila,,,,False,4892,2009-06-24
trade,MIN,WAS,player,Etan Thomas,,,,False,4893,2009-06-24
trade,MIN,WAS,player,Ricky Rubio,,,,False,4894,2009-06-24
trade,MIN,WAS,pick,2009 1st round draft pick,,,,False,4895,2009-06-24
trade,DAL,POR,player,Victor Claver,,,,False,4896,2009-06-24
trade,DAL,POR,pick,2009 1st round draft pick,,,,False,4897,2009-06-24
trade,DAL,POR,pick,2009 1st round draft pick,,,,False,4898,2009-06-24
trade,DAL,POR,pick,2009 2nd round draft pick,,,,False,4899,2009-06-24
trade,DAL,POR,pick,2010 2nd round draft pick,,,,False,4900,2009-06-24
trade,DEN,MIN,player,Luke Babbitt,,,,False,4901,2009-06-25
trade,DEN,MIN,pick,2010 1st round draft pick,,,,False,4902,2009-06-25
trade,DAL,OKC,player,Byron Mullens,,,,False,4903,2009-06-25
trade,DAL,OKC,player,Rodrigue Beaubois,,,,False,4904,2009-06-25
trade,DAL,OKC,player,Solomon Alabi,,,,False,4905,2009-06-25
trade,DAL,OKC,pick,2010 2nd round draft pick,,,,False,4906,2009-06-25
trade,LAL,NYK,player,Toney Douglas,,,,False,4907,2009-06-25
trade,LAL,NYK,player,Andrew Goudelock,,,,False,4908,2009-06-25
trade,LAL,NYK,pick,2011 2nd round draft pick,,,,False,4909,2009-06-25
trade,POR,SAC,player,Jon Brockman,,,,False,4910,2009-06-25
trade,POR,SAC,player,Sergio RodrÃ­guez,,,,False,4911,2009-06-25
trade,LAL,MIA,player,Patrick Beverley,,,,False,4912,2009-06-25
trade,LAL,MIA,player,Ater Majok,,,,False,4913,2009-06-25
trade,LAL,MIA,pick,2011 2nd round draft pick,,,,False,4914,2009-06-25
trade,MIA,New Orleans Hornets,player,Marcus Thornton,,,,False,4915,2009-06-25
trade,MIA,New Orleans Hornets,player,Jarvis Varnado,,,,False,4916,2009-06-25
trade,MIA,New Orleans Hornets,player,Jae Crowder,,,,False,4917,2009-06-25
trade,MIA,New Orleans Hornets,pick,2010 2nd round draft pick,,,,False,4918,2009-06-25
trade,MIA,New Orleans Hornets,pick,2012 2nd round draft pick,,,,False,4919,2009-06-25
trade,DET,HOU,player,Chase Budinger,,,,False,4920,2009-06-25
trade,DET,HOU,player,Kim English,,,,False,4921,2009-06-25
trade,DET,HOU,pick,2012 2nd round draft pick,,,,False,4922,2009-06-25
trade,DAL,MIN,player,Magnum Rolle,,,,False,4923,2009-06-25
trade,DAL,MIN,pick,2010 2nd round draft pick,,,,False,4924,2009-06-25
trade,ATL,GSW,player,Speedy Claxton,,,,False,4925,2009-06-25
trade,ATL,GSW,player,Acie Law,,,,False,4926,2009-06-25
trade,ATL,GSW,player,Jamal Crawford,,,,False,4927,2009-06-25
trade,New Jersey Nets,ORL,player,Ryan Anderson,,,,False,4928,2009-06-25
trade,New Jersey Nets,ORL,player,Vince Carter,,,,False,4929,2009-06-25
trade,New Jersey Nets,ORL,player,Rafer Alston,,,,False,4930,2009-06-25
trade,New Jersey Nets,ORL,player,Tony Battie,,,,False,4931,2009-06-25
trade,New Jersey Nets,ORL,player,Courtney Lee,,,,False,4932,2009-06-25
trade,MEM,NYK,player,Darko MiliÄiÄ,,,,False,4933,2009-06-25
trade,MEM,NYK,player,Quentin Richardson,,,,False,4934,2009-06-25
trade,CLE,PHO,player,Sasha PavloviÄ,,,,False,4935,2009-06-26
trade,CLE,PHO,player,Ben Wallace,,,,False,4936,2009-06-26
trade,CLE,PHO,player,Dwayne Collins,,,,False,4937,2009-06-26
trade,CLE,PHO,pick,2010 2nd round draft pick,,,,False,4938,2009-06-26
trade,DAL,MEM,player,Jerry Stackhouse,,,,False,4939,2009-07-09
trade,DAL,TOR,player,Devean George,,,,False,4940,2009-07-09
trade,DAL,TOR,player,Antoine Wright,,,,False,4941,2009-07-09
trade,MEM,DAL,player,Greg Buckner,,,,False,4942,2009-07-09
trade,ORL,TOR,player,Hedo TÃ¼rkoÄlu,,,,False,4943,2009-07-09
trade,TOR,DAL,player,Kris Humphries,,,,False,4944,2009-07-09
trade,TOR,DAL,player,Nathan Jawai,,,,False,4945,2009-07-09
trade,TOR,DAL,player,Shawn Marion,,,,False,4946,2009-07-09
trade,TOR,MEM,player,Wang Zhelin,,,,False,4947,2009-07-09
trade,TOR,MEM,pick,2016 2nd round draft pick,,,,False,4948,2009-07-09
trade,DEN,DET,player,Vernon Macklin,,,,False,4949,2009-07-13
trade,DEN,DET,pick,2011 2nd round draft pick,,,,False,4950,2009-07-13
trade,LAC,MEM,player,Zach Randolph,,,,False,4951,2009-07-17
trade,LAC,MEM,player,Quentin Richardson,,,,False,4952,2009-07-17
trade,LAC,MIN,player,Quentin Richardson,,,,False,4953,2009-07-20
trade,LAC,MIN,player,Mark Madsen,,,,False,4954,2009-07-20
trade,LAC,MIN,player,Craig Smith,,,,False,4955,2009-07-20
trade,LAC,MIN,player,Sebastian Telfair,,,,False,4956,2009-07-20
trade,MIN,OKC,player,Etan Thomas,,,,False,4957,2009-07-27
trade,MIN,OKC,player,Dexter Pittman,,,,False,4958,2009-07-27
trade,MIN,OKC,player,Magnum Rolle,,,,False,4959,2009-07-27
trade,MIN,OKC,pick,2010 2nd round draft pick,,,,False,4960,2009-07-27
trade,MIN,OKC,pick,2010 2nd round draft pick,,,,False,4961,2009-07-27
trade,Charlotte Bobcats,New Orleans Hornets,player,Emeka Okafor,,,,False,4962,2009-07-28
trade,Charlotte Bobcats,New Orleans Hornets,player,Tyson Chandler,,,,False,4963,2009-07-28
trade,GSW,TOR,player,Marco Belinelli,,,,False,4964,2009-07-29
trade,GSW,TOR,player,Devean George,,,,False,4965,2009-07-29
trade,DEN,MIL,player,Walter Sharpe,,,,False,4966,2009-07-31
trade,DEN,MIL,player,Sonny Weems,,,,False,4967,2009-07-31
trade,DEN,MEM,player,Steven Hunter,,,,True,4968,2009-08-07
trade,DEN,MEM,player,Dominique Jones,,,,True,4969,2009-08-07
trade,DEN,MEM,pick,2010 1st round draft pick,,,,True,4970,2009-08-07
trade,DEN,MEM,pick,2016 2nd round draft pick,,,,True,4971,2009-08-07
trade,LAC,New Orleans Hornets,player,Rasual Butler,,,,False,4972,2009-08-12
trade,LAC,New Orleans Hornets,pick,2016 2nd round draft pick,,,,False,4973,2009-08-12
trade,MIA,MIN,player,Mark Blount,,,,False,4974,2009-08-13
trade,MIA,MIN,player,Quentin Richardson,,,,False,4975,2009-08-13
trade,MIL,TOR,player,Amir Johnson,,,,False,4976,2009-08-18
trade,MIL,TOR,player,Sonny Weems,,,,False,4977,2009-08-18
trade,MIL,TOR,player,Carlos Delfino,,,,False,4978,2009-08-18
trade,MIL,TOR,player,Roko UkiÄ,,,,False,4979,2009-08-18
trade,MIN,New Orleans Hornets,player,Bobby Brown,,,,False,4980,2009-09-09
trade,MIN,New Orleans Hornets,player,Darius Songaila,,,,False,4981,2009-09-09
trade,MIN,New Orleans Hornets,player,Antonio Daniels,,,,False,4982,2009-09-09
trade,DEN,HOU,player,Axel Hervelle,,,,False,4983,2009-09-22
trade,DEN,HOU,player,James White,,,,False,4984,2009-09-22
trade,DAL,MIN,player,Nathan Jawai,,,,False,4985,2009-10-20
trade,DAL,MIN,pick,2012 2nd round draft pick,,,,False,4986,2009-10-20
trade,Charlotte Bobcats,GSW,player,Raja Bell,,,,False,4987,2009-11-16
trade,Charlotte Bobcats,GSW,player,Vladimir RadmanoviÄ,,,,False,4988,2009-11-16
trade,Charlotte Bobcats,GSW,player,Stephen Jackson,,,,False,4989,2009-11-16
trade,Charlotte Bobcats,GSW,player,Acie Law,,,,False,4990,2009-11-16
trade,OKC,UTA,player,Peter Fehse,,,,False,4991,2009-12-22
trade,OKC,UTA,player,Matt Harpring,,,,False,4992,2009-12-22
trade,OKC,UTA,player,Eric Maynor,,,,False,4993,2009-12-22
trade,MIN,PHO,player,Jason Hart,,,,False,4994,2009-12-29
trade,MIN,PHO,player,Alando Tucker,,,,False,4995,2009-12-29
trade,MIN,PHO,player,Hamady N'Diaye,,,,False,4996,2009-12-29
trade,MIN,PHO,pick,2010 2nd round draft pick,,,,False,4997,2009-12-29
trade,MIA,New Jersey Nets,player,Chris Quinn,,,,False,4998,2010-01-05
trade,MIA,New Jersey Nets,pick,2012 2nd round draft pick,,,,False,4999,2010-01-05
trade,DAL,New Jersey Nets,player,Kris Humphries,,,,False,5000,2010-01-11
trade,DAL,New Jersey Nets,player,Shawne Williams,,,,False,5001,2010-01-11
trade,DAL,New Jersey Nets,player,Eduardo NÃ¡jera,,,,False,5002,2010-01-11
trade,New Orleans Hornets,SAC,player,Hilton Armstrong,,,,False,5003,2010-01-11
trade,New Orleans Hornets,SAC,pick,2016 2nd round draft pick,,,,False,5004,2010-01-11
trade,CHI,New Orleans Hornets,player,Aaron Gray,,,,False,5005,2010-01-25
trade,CHI,New Orleans Hornets,player,Devin Brown,,,,False,5006,2010-01-25
trade,LAC,New Orleans Hornets,player,Jordan McRae,,,,False,5007,2010-01-26
trade,LAC,New Orleans Hornets,pick,2014 2nd round draft pick,,,,False,5008,2010-01-26
trade,DAL,WAS,player,Drew Gooden,,,,False,5009,2010-02-13
trade,DAL,WAS,player,Josh Howard,,,,False,5010,2010-02-13
trade,DAL,WAS,player,Quinton Ross,,,,False,5011,2010-02-13
trade,DAL,WAS,player,James Singleton,,,,False,5012,2010-02-13
trade,DAL,WAS,player,Caron Butler,,,,False,5013,2010-02-13
trade,DAL,WAS,player,Brendan Haywood,,,,False,5014,2010-02-13
trade,DAL,WAS,player,DeShawn Stevenson,,,,False,5015,2010-02-13
trade,LAC,POR,player,Marcus Camby,,,,False,5016,2010-02-16
trade,LAC,POR,player,Steve Blake,,,,False,5017,2010-02-16
trade,LAC,POR,player,Travis Outlaw,,,,False,5018,2010-02-16
trade,CLE,WAS,player,Zydrunas Ilgauskas,,,,False,5019,2010-02-17
trade,CLE,WAS,player,Emir PreldÅ¾iÄ,,,,False,5020,2010-02-17
trade,CLE,WAS,player,Lazar Hayward,,,,False,5021,2010-02-17
trade,CLE,WAS,pick,2010 1st round draft pick,,,,False,5022,2010-02-17
trade,LAC,CLE,player,Sebastian Telfair,,,,False,5023,2010-02-17
trade,LAC,WAS,player,Al Thornton,,,,False,5024,2010-02-17
trade,WAS,CLE,player,Antawn Jamison,,,,False,5025,2010-02-17
trade,WAS,LAC,player,Drew Gooden,,,,False,5026,2010-02-17
trade,MIN,NYK,player,Brian Cardinal,,,,False,5027,2010-02-17
trade,MIN,NYK,player,Darko MiliÄiÄ,,,,False,5028,2010-02-17
trade,BOS,NYK,player,J.R. Giddens,,,,False,5029,2010-02-18
trade,BOS,NYK,player,Eddie House,,,,False,5030,2010-02-18
trade,BOS,NYK,player,Henry Walker,,,,False,5031,2010-02-18
trade,BOS,NYK,pick,2014 2nd round draft pick,,,,False,5032,2010-02-18
trade,HOU,NYK,player,Tracy McGrady,,,,False,5033,2010-02-18
trade,HOU,SAC,player,Joey Dorsey,,,,False,5034,2010-02-18
trade,HOU,SAC,player,Carl Landry,,,,False,5035,2010-02-18
trade,NYK,HOU,player,Jordan Hill,,,,False,5036,2010-02-18
trade,NYK,HOU,player,Jared Jeffries,,,,False,5037,2010-02-18
trade,NYK,HOU,player,Royce White,,,,False,5038,2010-02-18
trade,NYK,HOU,pick,2012 1st round draft pick,,,,False,5039,2010-02-18
trade,NYK,SAC,player,Larry Hughes,,,,False,5040,2010-02-18
trade,SAC,HOU,player,Hilton Armstrong,,,,False,5041,2010-02-18
trade,SAC,HOU,player,Kevin Martin,,,,False,5042,2010-02-18
trade,SAC,NYK,player,Sergio RodrÃ­guez,,,,False,5043,2010-02-18
trade,MIL,PHI,player,Francisco Elson,,,,False,5044,2010-02-18
trade,MIL,PHI,player,Jodie Meeks,,,,False,5045,2010-02-18
trade,MIL,PHI,player,PrimoÅ¾ Brezec,,,,False,5046,2010-02-18
trade,MIL,PHI,player,Royal Ivey,,,,False,5047,2010-02-18
trade,MIL,PHI,player,Darington Hobson,,,,False,5048,2010-02-18
trade,MIL,PHI,pick,2010 2nd round draft pick,,,,False,5049,2010-02-18
trade,MEM,UTA,player,Donatas MotiejÅ«nas,,,,False,5050,2010-02-18
trade,MEM,UTA,pick,2011 1st round draft pick,,,,False,5051,2010-02-18
trade,SAC,WAS,player,Dominic McGuire,,,,False,5052,2010-02-18
trade,SAC,WAS,pick,2010 2nd round draft pick,,,,False,5053,2010-02-18
trade,Charlotte Bobcats,CHI,player,Acie Law,,,,False,5054,2010-02-18
trade,Charlotte Bobcats,CHI,player,Ronald Murray,,,,False,5055,2010-02-18
trade,Charlotte Bobcats,CHI,player,Jusuf NurkiÄ,,,,False,5056,2010-02-18
trade,Charlotte Bobcats,CHI,pick,2014 1st round draft pick,,,,False,5057,2010-02-18
trade,Charlotte Bobcats,SAS,player,Theo Ratliff,,,,False,5058,2010-02-18
trade,Charlotte Bobcats,SAS,pick,2016 2nd round draft pick,,,,False,5059,2010-02-18
trade,CHI,MIL,player,John Salmons,,,,False,5060,2010-02-18
trade,CHI,MIL,player,Larry Sanders,,,,False,5061,2010-02-18
trade,CHI,MIL,player,Isaiah Thomas,,,,False,5062,2010-02-18
trade,CHI,MIL,player,Robert Sacre,,,,False,5063,2010-02-18
trade,CHI,MIL,pick,2010 1st round draft pick,,,,False,5064,2010-02-18
trade,CHI,MIL,pick,2011 2nd round draft pick,,,,False,5065,2010-02-18
trade,CHI,MIL,pick,2012 2nd round draft pick,,,,False,5066,2010-02-18
trade,CHI,MIL,pick,2010 1st round draft pick,,,,False,5067,2010-02-18
trade,PHI,SAC,player,Samuel Dalembert,,,,False,5068,2010-06-20
trade,PHI,SAC,player,Spencer Hawes,,,,False,5069,2010-06-20
trade,PHI,SAC,player,AndrÃ©s Nocioni,,,,False,5070,2010-06-20
trade,GSW,POR,player,Armon Johnson,,,,False,5071,2010-06-21
trade,GSW,POR,pick,2010 2nd round draft pick,,,,False,5072,2010-06-21
trade,GSW,POR,pick,2010 2nd round draft pick,,,,False,5073,2010-06-21
trade,GSW,MIL,player,Corey Maggette,,,,False,5074,2010-06-22
trade,GSW,MIL,player,Jerome Jordan,,,,False,5075,2010-06-22
trade,GSW,MIL,pick,2010 2nd round draft pick,,,,False,5076,2010-06-22
trade,MIA,OKC,player,Daequan Cook,,,,False,5077,2010-06-23
trade,MIA,OKC,player,Eric Bledsoe,,,,False,5078,2010-06-23
trade,MIA,OKC,pick,2010 1st round draft pick,,,,False,5079,2010-06-23
trade,MIA,OKC,pick,2010 2nd round draft pick,,,,False,5080,2010-06-23
trade,MIL,New Jersey Nets,player,Robert Sacre,,,,False,5081,2010-06-23
trade,MIL,New Jersey Nets,pick,2012 2nd round draft pick,,,,False,5082,2010-06-23
trade,New Orleans Hornets,OKC,player,Cole Aldrich,,,,False,5083,2010-06-24
trade,New Orleans Hornets,OKC,player,Morris Peterson,,,,False,5084,2010-06-24
trade,New Orleans Hornets,OKC,player,Craig Brackins,,,,False,5085,2010-06-24
trade,New Orleans Hornets,OKC,player,Quincy Pondexter,,,,False,5086,2010-06-24
trade,MIN,POR,player,Luke Babbitt,,,,False,5087,2010-06-24
trade,MIN,POR,player,Ryan Gomes,,,,False,5088,2010-06-24
trade,MIN,POR,player,Martell Webster,,,,False,5089,2010-06-24
trade,CHI,WAS,player,Kirk Hinrich,,,,True,5090,2010-06-24
trade,CHI,WAS,player,Kevin SÃ©raphin,,,,True,5091,2010-06-24
trade,LAC,OKC,player,Fab Melo,,,,False,5092,2010-06-24
trade,LAC,OKC,pick,2012 1st round draft pick,,,,False,5093,2010-06-24
trade,MIN,WAS,player,Trevor Booker,,,,False,5094,2010-06-24
trade,MIN,WAS,player,Hamady N'Diaye,,,,False,5095,2010-06-24
trade,MIN,WAS,player,Nemanja Bjelica,,,,False,5096,2010-06-24
trade,MIN,WAS,player,Lazar Hayward,,,,False,5097,2010-06-24
trade,ATL,New Jersey Nets,player,Damion James,,,,False,5098,2010-06-24
trade,ATL,New Jersey Nets,player,Jordan Crawford,,,,False,5099,2010-06-24
trade,ATL,New Jersey Nets,player,Tibor PleiÃ,,,,False,5100,2010-06-24
trade,MIA,OKC,player,Latavious Williams,,,,False,5101,2010-06-24
trade,MIA,OKC,player,Milan MaÄvan,,,,False,5102,2010-06-24
trade,MIA,OKC,pick,2011 2nd round draft pick,,,,False,5103,2010-06-24
trade,DAL,TOR,player,Solomon Alabi,,,,False,5104,2010-06-24
trade,DAL,TOR,player,Jamaal Franklin,,,,False,5105,2010-06-24
trade,DAL,TOR,pick,2013 2nd round draft pick,,,,False,5106,2010-06-24
trade,IND,OKC,player,Ryan Reid,,,,False,5107,2010-06-24
trade,IND,OKC,player,Magnum Rolle,,,,False,5108,2010-06-24
trade,New Jersey Nets,WAS,player,Yi Jianlian,,,,False,5109,2010-06-29
trade,CHI,PHO,player,Hakim Warrick,,,,False,5110,2010-07-08
trade,CHI,PHO,player,Charles Jenkins,,,,False,5111,2010-07-08
trade,CHI,PHO,pick,2011 2nd round draft pick,,,,False,5112,2010-07-08
trade,NYK,PHO,player,Amar'e Stoudemire,,,,True,5113,2010-07-08
trade,NYK,PHO,pick,2012 2nd round draft pick,,,,True,5114,2010-07-08
trade,CHI,UTA,player,Mario Austin,,,,False,5115,2010-07-08
trade,CHI,UTA,player,Carlos Boozer,,,,False,5116,2010-07-08
trade,CHI,UTA,player,Malcolm Lee,,,,False,5117,2010-07-08
trade,CHI,UTA,pick,2011 2nd round draft pick,,,,False,5118,2010-07-08
trade,GSW,NYK,player,Kelenna Azubuike,,,,False,5119,2010-07-09
trade,GSW,NYK,player,Anthony Randolph,,,,False,5120,2010-07-09
trade,GSW,NYK,player,Ronny Turiaf,,,,False,5121,2010-07-09
trade,GSW,NYK,player,Quincy Miller,,,,False,5122,2010-07-09
trade,GSW,NYK,player,Romero Osby,,,,False,5123,2010-07-09
trade,GSW,NYK,pick,2012 2nd round draft pick,,,,False,5124,2010-07-09
trade,GSW,NYK,pick,2013 2nd round draft pick,,,,False,5125,2010-07-09
trade,CLE,MIA,player,LeBron James,,,,True,5126,2010-07-10
trade,CLE,MIA,player,Milan MaÄvan,,,,True,5127,2010-07-10
trade,CLE,MIA,player,Jae Crowder,,,,True,5128,2010-07-10
trade,CLE,MIA,player,Nemanja NedoviÄ,,,,True,5129,2010-07-10
trade,CLE,MIA,player,TimothÃ© Luwawu-Cabarrot,,,,True,5130,2010-07-10
trade,CLE,MIA,pick,2011 2nd round draft pick,,,,True,5131,2010-07-10
trade,CLE,MIA,pick,2012 2nd round draft pick,,,,True,5132,2010-07-10
trade,CLE,MIA,pick,2013 1st round draft pick,,,,True,5133,2010-07-10
trade,CLE,MIA,pick,2016 1st round draft pick,,,,True,5134,2010-07-10
trade,MIA,TOR,player,Norris Cole,,,,True,5135,2010-07-10
trade,MIA,TOR,player,Jonas ValanÄiÅ«nas,,,,True,5136,2010-07-10
trade,MIA,TOR,pick,2011 1st round draft pick,,,,True,5137,2010-07-10
trade,MIA,TOR,pick,2011 1st round draft pick,,,,True,5138,2010-07-10
trade,MIA,MIN,player,Michael Beasley,,,,False,5139,2010-07-12
trade,MIA,MIN,player,Bojan BogdanoviÄ,,,,False,5140,2010-07-12
trade,MIA,MIN,player,Markel Brown,,,,False,5141,2010-07-12
trade,MIA,MIN,pick,2011 2nd round draft pick,,,,False,5142,2010-07-12
trade,MIA,MIN,pick,2014 2nd round draft pick,,,,False,5143,2010-07-12
trade,Charlotte Bobcats,DAL,player,Alexis AjinÃ§a,,,,False,5144,2010-07-13
trade,Charlotte Bobcats,DAL,player,Tyson Chandler,,,,False,5145,2010-07-13
trade,Charlotte Bobcats,DAL,player,Matt Carroll,,,,False,5146,2010-07-13
trade,Charlotte Bobcats,DAL,player,Erick Dampier,,,,False,5147,2010-07-13
trade,Charlotte Bobcats,DAL,player,Eduardo NÃ¡jera,,,,False,5148,2010-07-13
trade,MIN,UTA,player,Al Jefferson,,,,False,5149,2010-07-13
trade,MIN,UTA,player,Kosta Koufos,,,,False,5150,2010-07-13
trade,MIN,UTA,player,Donatas MotiejÅ«nas,,,,False,5151,2010-07-13
trade,MIN,UTA,player,Terrence Jones,,,,False,5152,2010-07-13
trade,MIN,UTA,pick,2011 1st round draft pick,,,,False,5153,2010-07-13
trade,MIN,UTA,pick,2012 1st round draft pick,,,,False,5154,2010-07-13
trade,GSW,New Jersey Nets,player,Anthony Morrow,,,,False,5155,2010-07-13
trade,GSW,New Jersey Nets,pick,2011 2nd round draft pick,,,,False,5156,2010-07-13
trade,ATL,PHO,player,Josh Childress,,,,True,5157,2010-07-14
trade,ATL,PHO,player,Mike Scott,,,,True,5158,2010-07-14
trade,ATL,PHO,pick,2012 2nd round draft pick,,,,True,5159,2010-07-14
trade,PHO,TOR,player,Leandro Barbosa,,,,False,5160,2010-07-14
trade,PHO,TOR,player,Dwayne Jones,,,,False,5161,2010-07-14
trade,PHO,TOR,player,Hedo TÃ¼rkoÄlu,,,,False,5162,2010-07-14
trade,MIL,SAC,player,Darnell Jackson,,,,False,5163,2010-07-21
trade,MIL,SAC,player,Isaiah Thomas,,,,False,5164,2010-07-21
trade,MIL,SAC,pick,2011 2nd round draft pick,,,,False,5165,2010-07-21
trade,GSW,CHI,player,C.J. Watson,,,,False,5166,2010-07-22
trade,CLE,MIN,player,Sebastian Telfair,,,,False,5167,2010-07-26
trade,CLE,MIN,player,Delonte West,,,,False,5168,2010-07-26
trade,CLE,MIN,player,Ryan Hollins,,,,False,5169,2010-07-26
trade,CLE,MIN,player,Ramon Sessions,,,,False,5170,2010-07-26
trade,CLE,MIN,player,Jeff Withey,,,,False,5171,2010-07-26
trade,CLE,MIN,pick,2013 2nd round draft pick,,,,False,5172,2010-07-26
trade,HOU,TOR,player,David Andersen,,,,False,5173,2010-07-28
trade,HOU,TOR,pick,2015 2nd round draft pick,,,,False,5174,2010-07-28
trade,HOU,New Orleans Hornets,player,Trevor Ariza,,,,False,5175,2010-08-11
trade,IND,New Jersey Nets,player,Troy Murphy,,,,False,5176,2010-08-11
trade,New Jersey Nets,HOU,player,Courtney Lee,,,,False,5177,2010-08-11
trade,New Orleans Hornets,IND,player,Darren Collison,,,,False,5178,2010-08-11
trade,New Orleans Hornets,IND,player,James Posey,,,,False,5179,2010-08-11
trade,New Orleans Hornets,TOR,player,Julian Wright,,,,False,5180,2010-08-11
trade,New Orleans Hornets,TOR,player,Marco Belinelli,,,,False,5181,2010-08-11
trade,New Orleans Hornets,PHI,player,Craig Brackins,,,,False,5182,2010-09-23
trade,New Orleans Hornets,PHI,player,Darius Songaila,,,,False,5183,2010-09-23
trade,New Orleans Hornets,PHI,player,Willie Green,,,,False,5184,2010-09-23
trade,New Orleans Hornets,PHI,player,Jason Smith,,,,False,5185,2010-09-23
trade,New Orleans Hornets,POR,player,Tobias Harris,,,,False,5186,2010-10-23
trade,New Orleans Hornets,POR,pick,2011 1st round draft pick,,,,False,5187,2010-10-23
trade,New Orleans Hornets,TOR,player,Jerryd Bayless,,,,False,5188,2010-11-20
trade,New Orleans Hornets,TOR,player,Peja StojakoviÄ,,,,False,5189,2010-11-20
trade,New Orleans Hornets,TOR,player,David Andersen,,,,False,5190,2010-11-20
trade,New Orleans Hornets,TOR,player,Marcus Banks,,,,False,5191,2010-11-20
trade,New Orleans Hornets,TOR,player,Jarrett Jack,,,,False,5192,2010-11-20
trade,HOU,LAL,player,Sergei Lishouk,,,,False,5193,2010-12-15
trade,HOU,New Jersey Nets,player,Shane Larkin,,,,False,5194,2010-12-15
trade,HOU,New Jersey Nets,pick,2013 1st round draft pick,,,,False,5195,2010-12-15
trade,LAL,New Jersey Nets,player,Sasha VujaÄiÄ,,,,False,5196,2010-12-15
trade,LAL,New Jersey Nets,player,JaJuan Johnson,,,,False,5197,2010-12-15
trade,LAL,New Jersey Nets,pick,2011 1st round draft pick,,,,False,5198,2010-12-15
trade,New Jersey Nets,HOU,player,Terrence Williams,,,,False,5199,2010-12-15
trade,New Jersey Nets,LAL,player,Joe Smith,,,,False,5200,2010-12-15
trade,New Jersey Nets,LAL,player,Darius Morris,,,,False,5201,2010-12-15
trade,New Jersey Nets,LAL,player,Robert Sacre,,,,False,5202,2010-12-15
trade,New Jersey Nets,LAL,pick,2011 2nd round draft pick,,,,False,5203,2010-12-15
trade,New Jersey Nets,LAL,pick,2012 2nd round draft pick,,,,False,5204,2010-12-15
trade,HOU,SAC,player,Jermaine Taylor,,,,False,5205,2010-12-15
trade,HOU,SAC,pick,2011 2nd round draft pick,,,,False,5206,2010-12-15
trade,HOU,SAC,pick,2011 2nd-rd draft pick,,,,False,5207,2010-12-15
trade,ORL,WAS,player,Rashard Lewis,,,,False,5208,2010-12-18
trade,ORL,WAS,player,Gilbert Arenas,,,,False,5209,2010-12-18
trade,ORL,PHO,player,Vince Carter,,,,False,5210,2010-12-18
trade,ORL,PHO,player,Marcin Gortat,,,,False,5211,2010-12-18
trade,ORL,PHO,player,MickaÃ«l PiÃ©trus,,,,False,5212,2010-12-18
trade,ORL,PHO,player,Nikola MirotiÄ,,,,False,5213,2010-12-18
trade,ORL,PHO,pick,2011 1st round draft pick,,,,False,5214,2010-12-18
trade,DAL,TOR,player,Alexis AjinÃ§a,,,,False,5215,2011-01-24
trade,DAL,TOR,player,Jamaal Franklin,,,,False,5216,2011-01-24
trade,DAL,TOR,pick,2013 2nd round draft pick,,,,False,5217,2011-01-24
trade,DEN,MIN,player,Richaun Holmes,,,,False,5218,2011-02-22
trade,DEN,MIN,pick,2015 2nd round draft pick,,,,False,5219,2011-02-22
trade,DEN,NYK,player,Carmelo Anthony,,,,False,5220,2011-02-22
trade,DEN,NYK,player,Renaldo Balkman,,,,False,5221,2011-02-22
trade,DEN,NYK,player,Chauncey Billups,,,,False,5222,2011-02-22
trade,DEN,NYK,player,Anthony Carter,,,,False,5223,2011-02-22
trade,DEN,NYK,player,Shelden Williams,,,,False,5224,2011-02-22
trade,DEN,NYK,player,Jakob PÃ¶ltl,,,,False,5225,2011-02-22
trade,DEN,NYK,pick,2016 1st round draft pick,,,,False,5226,2011-02-22
trade,MIN,DEN,player,Kosta Koufos,,,,False,5227,2011-02-22
trade,MIN,NYK,player,Corey Brewer,,,,False,5228,2011-02-22
trade,NYK,DEN,player,Wilson Chandler,,,,False,5229,2011-02-22
trade,NYK,DEN,player,Raymond Felton,,,,False,5230,2011-02-22
trade,NYK,DEN,player,Danilo Gallinari,,,,False,5231,2011-02-22
trade,NYK,DEN,player,Timofey Mozgov,,,,False,5232,2011-02-22
trade,NYK,DEN,player,Quincy Miller,,,,False,5233,2011-02-22
trade,NYK,DEN,player,Romero Osby,,,,False,5234,2011-02-22
trade,NYK,DEN,player,Dario Å ariÄ,,,,False,5235,2011-02-22
trade,NYK,DEN,player,Jamal Murray,,,,False,5236,2011-02-22
trade,NYK,DEN,pick,2012 2nd round draft pick,,,,False,5237,2011-02-22
trade,NYK,DEN,pick,2013 2nd round draft pick,,,,False,5238,2011-02-22
trade,NYK,DEN,pick,2014 1st round draft pick,,,,False,5239,2011-02-22
trade,NYK,DEN,pick,2016 1st round draft pick,,,,False,5240,2011-02-22
trade,NYK,MIN,player,Eddy Curry,,,,False,5241,2011-02-22
trade,NYK,MIN,player,Anthony Randolph,,,,False,5242,2011-02-22
trade,CHI,TOR,player,James Johnson,,,,False,5243,2011-02-22
trade,CHI,TOR,player,Norris Cole,,,,False,5244,2011-02-22
trade,CHI,TOR,pick,2011 1st round draft pick,,,,False,5245,2011-02-22
trade,New Jersey Nets,UTA,player,Derrick Favors,,,,False,5246,2011-02-23
trade,New Jersey Nets,UTA,player,Devin Harris,,,,False,5247,2011-02-23
trade,New Jersey Nets,UTA,player,Enes Kanter,,,,False,5248,2011-02-23
trade,New Jersey Nets,UTA,player,Gorgui Dieng,,,,False,5249,2011-02-23
trade,New Jersey Nets,UTA,pick,2011 1st round draft pick,,,,False,5250,2011-02-23
trade,New Jersey Nets,UTA,pick,2013 1st round draft pick,,,,False,5251,2011-02-23
trade,New Orleans Hornets,SAC,player,Marcus Thornton,,,,False,5252,2011-02-23
trade,ATL,WAS,player,Mike Bibby,,,,False,5253,2011-02-23
trade,ATL,WAS,player,Jordan Crawford,,,,False,5254,2011-02-23
trade,ATL,WAS,player,Maurice Evans,,,,False,5255,2011-02-23
trade,ATL,WAS,player,Chris Singleton,,,,False,5256,2011-02-23
trade,ATL,WAS,pick,2011 1st round draft pick,,,,False,5257,2011-02-23
trade,GSW,New Jersey Nets,player,Dan Gadzuric,,,,False,5258,2011-02-23
trade,GSW,New Jersey Nets,player,Brandan Wright,,,,False,5259,2011-02-23
trade,GSW,New Jersey Nets,player,Troy Murphy,,,,False,5260,2011-02-23
trade,GSW,New Jersey Nets,player,Draymond Green,,,,False,5261,2011-02-23
trade,GSW,New Jersey Nets,pick,2012 2nd round draft pick,,,,False,5262,2011-02-23
trade,BOS,CLE,player,Semih Erden,,,,False,5263,2011-02-24
trade,BOS,CLE,player,Luke Harangody,,,,False,5264,2011-02-24
trade,BOS,CLE,player,Jeff Withey,,,,False,5265,2011-02-24
trade,BOS,CLE,pick,2013 2nd round draft pick,,,,False,5266,2011-02-24
trade,BOS,OKC,player,Kendrick Perkins,,,,False,5267,2011-02-24
trade,BOS,OKC,player,Nate Robinson,,,,False,5268,2011-02-24
trade,BOS,OKC,player,Jeff Green,,,,False,5269,2011-02-24
trade,BOS,OKC,player,Nenad KrstiÄ,,,,False,5270,2011-02-24
trade,BOS,OKC,player,Fab Melo,,,,False,5271,2011-02-24
trade,BOS,OKC,player,Ãlex Abrines,,,,False,5272,2011-02-24
trade,BOS,OKC,pick,2012 1st round draft pick,,,,False,5273,2011-02-24
trade,BOS,OKC,pick,2013 2nd round draft pick,,,,False,5274,2011-02-24
trade,Charlotte Bobcats,POR,player,Gerald Wallace,,,,False,5275,2011-02-24
trade,Charlotte Bobcats,POR,player,Dante Cunningham,,,,False,5276,2011-02-24
trade,Charlotte Bobcats,POR,player,Sean Marks,,,,False,5277,2011-02-24
trade,Charlotte Bobcats,POR,player,Joel Przybilla,,,,False,5278,2011-02-24
trade,Charlotte Bobcats,POR,player,Tobias Harris,,,,False,5279,2011-02-24
trade,Charlotte Bobcats,POR,player,Shabazz Napier,,,,False,5280,2011-02-24
trade,Charlotte Bobcats,POR,pick,2011 1st round draft pick,,,,False,5281,2011-02-24
trade,Charlotte Bobcats,POR,pick,2014 1st round draft pick,,,,False,5282,2011-02-24
trade,CLE,LAC,player,Jamario Moon,,,,False,5283,2011-02-24
trade,CLE,LAC,player,Mo Williams,,,,False,5284,2011-02-24
trade,CLE,LAC,player,Baron Davis,,,,False,5285,2011-02-24
trade,CLE,LAC,player,Kyrie Irving,,,,False,5286,2011-02-24
trade,CLE,LAC,pick,2011 1st round draft pick,,,,False,5287,2011-02-24
trade,HOU,PHO,player,Aaron Brooks,,,,False,5288,2011-02-24
trade,HOU,PHO,player,Goran DragiÄ,,,,False,5289,2011-02-24
trade,HOU,PHO,player,Nikola MirotiÄ,,,,False,5290,2011-02-24
trade,HOU,PHO,pick,2011 1st round draft pick,,,,False,5291,2011-02-24
trade,HOU,MEM,player,Shane Battier,,,,False,5292,2011-02-24
trade,HOU,MEM,player,Ish Smith,,,,False,5293,2011-02-24
trade,HOU,MEM,player,DeMarre Carroll,,,,False,5294,2011-02-24
trade,HOU,MEM,player,Hasheem Thabeet,,,,False,5295,2011-02-24
trade,HOU,MEM,player,Andre Roberson,,,,False,5296,2011-02-24
trade,HOU,MEM,pick,2013 1st round draft pick,,,,False,5297,2011-02-24
trade,BOS,SAC,player,Marquis Daniels,,,,False,5298,2011-02-24
trade,BOS,SAC,pick,2017 2nd round draft pick,,,,False,5299,2011-02-24
trade,Charlotte Bobcats,OKC,player,Nazr Mohammed,,,,False,5300,2011-02-24
trade,Charlotte Bobcats,OKC,player,Morris Peterson,,,,False,5301,2011-02-24
trade,Charlotte Bobcats,OKC,player,D.J. White,,,,False,5302,2011-02-24
trade,IND,SAS,player,DÄvis BertÄns,,,,False,5303,2011-06-23
trade,IND,SAS,player,Kawhi Leonard,,,,False,5304,2011-06-23
trade,IND,SAS,player,Erazem Lorbek,,,,False,5305,2011-06-23
trade,IND,SAS,player,George Hill,,,,False,5306,2011-06-23
trade,BOS,New Jersey Nets,player,MarShon Brooks,,,,False,5307,2011-06-23
trade,BOS,New Jersey Nets,player,JaJuan Johnson,,,,False,5308,2011-06-23
trade,BOS,New Jersey Nets,player,Russ Smith,,,,False,5309,2011-06-23
trade,BOS,New Jersey Nets,pick,2014 2nd round draft pick,,,,False,5310,2011-06-23
trade,Charlotte Bobcats,MIL,player,Tobias Harris,,,,False,5311,2011-06-23
trade,Charlotte Bobcats,MIL,player,Stephen Jackson,,,,False,5312,2011-06-23
trade,Charlotte Bobcats,MIL,player,Shaun Livingston,,,,False,5313,2011-06-23
trade,MIL,Charlotte Bobcats,player,Corey Maggette,,,,False,5314,2011-06-23
trade,MIL,SAC,player,Jimmer Fredette,,,,False,5315,2011-06-23
trade,MIL,SAC,player,John Salmons,,,,False,5316,2011-06-23
trade,SAC,Charlotte Bobcats,player,Bismack Biyombo,,,,False,5317,2011-06-23
trade,SAC,MIL,player,Beno Udrih,,,,False,5318,2011-06-23
trade,HOU,MIN,player,Brad Miller,,,,False,5319,2011-06-23
trade,HOU,MIN,player,Nikola MirotiÄ,,,,False,5320,2011-06-23
trade,HOU,MIN,player,Chandler Parsons,,,,False,5321,2011-06-23
trade,HOU,MIN,player,Andre Roberson,,,,False,5322,2011-06-23
trade,HOU,MIN,pick,2013 1st round draft pick,,,,False,5323,2011-06-23
trade,HOU,MIN,pick,2012 2nd round draft pick,,,,False,5324,2011-06-23
trade,DAL,POR,player,Jordan Hamilton,,,,False,5325,2011-06-23
trade,DAL,POR,player,Tanguy Ngombo,,,,False,5326,2011-06-23
trade,DEN,POR,player,Raymond Felton,,,,False,5327,2011-06-23
trade,POR,DAL,player,Rudy FernÃ¡ndez,,,,False,5328,2011-06-23
trade,POR,DAL,player,Petteri Koponen,,,,False,5329,2011-06-23
trade,POR,DEN,player,Jordan Hamilton,,,,False,5330,2011-06-23
trade,POR,DEN,player,Andre Miller,,,,False,5331,2011-06-23
trade,POR,DEN,player,Devyn Marble,,,,False,5332,2011-06-23
trade,POR,DEN,pick,2014 2nd round draft pick,,,,False,5333,2011-06-23
trade,New Orleans Hornets,NYK,player,Josh Harrellson,,,,False,5334,2011-06-23
trade,CLE,ORL,player,Justin Harper,,,,False,5335,2011-06-23
trade,CLE,ORL,player,Allen Crabbe,,,,False,5336,2011-06-23
trade,CLE,ORL,player,Joe Harris,,,,False,5337,2011-06-23
trade,CLE,ORL,pick,2013 2nd round draft pick,,,,False,5338,2011-06-23
trade,CLE,ORL,pick,2014 2nd round draft pick,,,,False,5339,2011-06-23
trade,Charlotte Bobcats,GSW,player,Jeremy Tyler,,,,False,5340,2011-06-23
trade,CHI,MIN,player,Norris Cole,,,,False,5341,2011-06-23
trade,CHI,MIN,player,Malcolm Lee,,,,False,5342,2011-06-23
trade,MIA,MIN,player,Bojan BogdanoviÄ,,,,False,5343,2011-06-23
trade,MIA,MIN,player,Norris Cole,,,,False,5344,2011-06-23
trade,DEN,LAL,player,Alex Oriakhi,,,,False,5345,2011-06-23
trade,DEN,LAL,pick,2013 2nd round draft pick,,,,False,5346,2011-06-23
trade,MIN,New Jersey Nets,player,Bojan BogdanoviÄ,,,,False,5347,2011-06-23
trade,MIN,New Jersey Nets,player,Lorenzo Brown,,,,False,5348,2011-06-23
trade,MIN,New Jersey Nets,pick,2013 2nd round draft pick,,,,False,5349,2011-06-23
trade,HOU,MIN,player,Chandler Parsons,,,,False,5350,2011-06-23
trade,MIN,POR,player,Richaun Holmes,,,,False,5351,2011-06-27
trade,MIN,POR,pick,2015 2nd round draft pick,,,,False,5352,2011-06-27
trade,CLE,SAC,player,J.J. Hickson,,,,False,5353,2011-06-30
trade,CLE,SAC,player,Omri Casspi,,,,False,5354,2011-06-30
trade,CLE,SAC,player,Jordan Bell,,,,False,5355,2011-06-30
trade,CLE,SAC,pick,2017 2nd round draft pick,,,,False,5356,2011-06-30
trade,OKC,BOS,player,Jeff Green,,,,False,5357,2011-02-24
trade,OKC,BOS,player,Nenad KrstiÄ,,,,False,5358,2011-02-24
trade,OKC,BOS,player,Fab Melo,,,,False,5359,2011-02-24
trade,OKC,BOS,player,Ãlex Abrines,,,,False,5360,2011-02-24
trade,OKC,BOS,pick,2012 1st round draft pick,,,,False,5361,2011-02-24
trade,OKC,BOS,pick,2013 2nd round draft pick,,,,False,5362,2011-02-24
trade,BOS,MIL,player,Albert Miralles,,,,False,5363,2011-12-09
trade,BOS,MIL,player,Keyon Dooling,,,,False,5364,2011-12-09
trade,BOS,MIL,pick,2013 2nd round draft pick,,,,False,5365,2011-12-09
trade,DAL,NYK,player,Tyson Chandler,,,,True,5366,2011-12-10
trade,DAL,NYK,player,Ahman Nivins,,,,True,5367,2011-12-10
trade,DAL,NYK,player,Georgios Printezis,,,,True,5368,2011-12-10
trade,DAL,WAS,player,Darius Miller,,,,True,5369,2011-12-10
trade,DAL,WAS,pick,2012 2nd round draft pick,,,,True,5370,2011-12-10
trade,NYK,DAL,player,Andy Rautins,,,,True,5371,2011-12-10
trade,NYK,WAS,player,Ronny Turiaf,,,,True,5372,2011-12-10
trade,NYK,WAS,player,Arsalan Kazemi,,,,True,5373,2011-12-10
trade,NYK,WAS,pick,2013 2nd round draft pick,,,,True,5374,2011-12-10
trade,WAS,DAL,pick,2012 2nd round draft pick,,,,True,5375,2011-12-10
trade,WAS,DAL,pick,2012 2nd-rd pick did not convey Dallas also received a trade exception from New York. Dallas did not receive the 2nd round draft pick,,,,True,5376,2011-12-10
trade,DAL,LAL,player,Mitch McGary,,,,True,5377,2011-12-11
trade,DAL,LAL,pick,2014 1st round draft pick,,,,True,5378,2011-12-11
trade,DAL,LAL,pick,2012 2nd round draft pick,,,,True,5379,2011-12-11
trade,BOS,ORL,player,Glen Davis,,,,False,5380,2011-12-12
trade,BOS,ORL,player,Von Wafer,,,,False,5381,2011-12-12
trade,BOS,ORL,player,Brandon Bass,,,,False,5382,2011-12-12
trade,DAL,DEN,player,Corey Brewer,,,,False,5383,2011-12-13
trade,DAL,DEN,player,Rudy FernÃ¡ndez,,,,False,5384,2011-12-13
trade,DAL,DEN,player,Demetrius Jackson,,,,False,5385,2011-12-13
trade,DAL,DEN,pick,2016 2nd round draft pick,,,,False,5386,2011-12-13
trade,MIN,OKC,player,Lazar Hayward,,,,False,5387,2011-12-13
trade,MIN,OKC,player,Robert Vaden,,,,False,5388,2011-12-13
trade,MIN,OKC,player,Robbie Hummel,,,,False,5389,2011-12-13
trade,MIN,OKC,player,Bojan DubljeviÄ,,,,False,5390,2011-12-13
trade,MIN,OKC,pick,2012 2nd round draft pick,,,,False,5391,2011-12-13
trade,MIN,OKC,pick,2013 2nd round draft pick,,,,False,5392,2011-12-13
trade,LAC,New Orleans Hornets,player,Al-Farouq Aminu,,,,False,5393,2011-12-14
trade,LAC,New Orleans Hornets,player,Eric Gordon,,,,False,5394,2011-12-14
trade,LAC,New Orleans Hornets,player,Chris Kaman,,,,False,5395,2011-12-14
trade,LAC,New Orleans Hornets,player,Austin Rivers,,,,False,5396,2011-12-14
trade,LAC,New Orleans Hornets,pick,2012 1st round draft pick,,,,False,5397,2011-12-14
trade,LAC,New Orleans Hornets,pick,2015 2nd round draft pick,,,,False,5398,2011-12-14
trade,Charlotte Bobcats,OKC,player,Ãlex Abrines,,,,False,5399,2011-12-19
trade,Charlotte Bobcats,OKC,pick,2013 2nd round draft pick,,,,False,5400,2011-12-19
trade,GSW,IND,player,Lou Amundson,,,,False,5401,2011-12-19
trade,GSW,IND,player,Luka MitroviÄ,,,,False,5402,2011-12-19
trade,GSW,IND,pick,2015 2nd round draft pick,,,,False,5403,2011-12-19
trade,New Jersey Nets,UTA,player,Pat Connaughton,,,,True,5404,2011-12-22
trade,New Jersey Nets,UTA,pick,2015 2nd round draft pick,,,,True,5405,2011-12-22
trade,MEM,New Orleans Hornets,player,Greivis VÃ¡squez,,,,False,5406,2011-12-24
trade,MEM,New Orleans Hornets,player,Quincy Pondexter,,,,False,5407,2011-12-24
trade,MEM,New Orleans Hornets,player,Xavier Henry,,,,False,5408,2012-01-04
trade,MEM,PHI,player,Tornike Shengelia,,,,False,5409,2012-01-04
trade,MEM,PHI,pick,2012 2nd round draft pick,,,,False,5410,2012-01-04
trade,New Orleans Hornets,PHI,player,Glen Rice Jr.,,,,False,5411,2012-01-04
trade,New Orleans Hornets,PHI,pick,2013 2nd round draft pick,,,,False,5412,2012-01-04
trade,PHI,MEM,player,Marreese Speights,,,,False,5413,2012-01-04
trade,GSW,MIL,player,Kwame Brown,,,,False,5414,2012-03-13
trade,GSW,MIL,player,Monta Ellis,,,,False,5415,2012-03-13
trade,GSW,MIL,player,Ekpe Udoh,,,,False,5416,2012-03-13
trade,GSW,MIL,player,Andrew Bogut,,,,False,5417,2012-03-13
trade,GSW,MIL,player,Stephen Jackson,,,,False,5418,2012-03-13
trade,ATL,GSW,player,Ognjen KuzmiÄ,,,,False,5419,2012-03-15
trade,ATL,GSW,pick,2012 2nd round draft pick,,,,False,5420,2012-03-15
trade,MEM,PHI,player,Sam Young,,,,False,5421,2012-03-15
trade,MEM,PHI,player,Ricky SÃ¡nchez,,,,False,5422,2012-03-15
trade,IND,TOR,player,Tomislav ZubÄiÄ,,,,False,5423,2012-03-15
trade,IND,TOR,pick,2012 2nd round draft pick,,,,False,5424,2012-03-15
trade,HOU,LAL,player,Jordan Hill,,,,False,5425,2012-03-15
trade,HOU,LAL,player,Derek Fisher,,,,False,5426,2012-03-15
trade,HOU,LAL,player,Mitch McGary,,,,False,5427,2012-03-15
trade,HOU,LAL,pick,2014 1st round draft pick,,,,False,5428,2012-03-15
trade,GSW,SAS,player,Stephen Jackson,,,,False,5429,2012-03-15
trade,GSW,SAS,player,T.J. Ford,,,,False,5430,2012-03-15
trade,GSW,SAS,player,Richard Jefferson,,,,False,5431,2012-03-15
trade,GSW,SAS,player,Festus Ezeli,,,,False,5432,2012-03-15
trade,GSW,SAS,pick,2012 1st round draft pick,,,,False,5433,2012-03-15
trade,CLE,LAL,player,Christian Eyenga,,,,False,5434,2012-03-15
trade,CLE,LAL,player,Ramon Sessions,,,,False,5435,2012-03-15
trade,CLE,LAL,player,Jason Kapono,,,,False,5436,2012-03-15
trade,CLE,LAL,player,Luke Walton,,,,False,5437,2012-03-15
trade,CLE,LAL,player,Jared Cunningham,,,,False,5438,2012-03-15
trade,CLE,LAL,player,Nemanja NedoviÄ,,,,False,5439,2012-03-15
trade,CLE,LAL,pick,2012 1st round draft pick,,,,False,5440,2012-03-15
trade,CLE,LAL,pick,2013 1st round draft pick,,,,False,5441,2012-03-15
trade,New Jersey Nets,POR,player,Mehmet Okur,,,,False,5442,2012-03-15
trade,New Jersey Nets,POR,player,Shawne Williams,,,,False,5443,2012-03-15
trade,New Jersey Nets,POR,player,Damian Lillard,,,,False,5444,2012-03-15
trade,New Jersey Nets,POR,pick,2012 1st round draft pick,,,,False,5445,2012-03-15
trade,DEN,WAS,player,NenÃª,,,,False,5446,2012-03-15
trade,LAC,WAS,player,Brian Cook,,,,False,5447,2012-03-15
trade,LAC,WAS,player,ArtÅ«ras Gudaitis,,,,False,5448,2012-03-15
trade,LAC,WAS,pick,2015 2nd round draft pick,,,,False,5449,2012-03-15
trade,WAS,DEN,player,JaVale McGee,,,,False,5450,2012-03-15
trade,WAS,DEN,player,Ronny Turiaf,,,,False,5451,2012-03-15
trade,WAS,LAC,player,Nick Young,,,,False,5452,2012-03-15
trade,HOU,POR,player,Jonny Flynn,,,,False,5453,2012-03-15
trade,HOU,POR,player,Hasheem Thabeet,,,,False,5454,2012-03-15
trade,HOU,POR,player,Will Barton,,,,False,5455,2012-03-15
trade,HOU,POR,pick,2012 2nd round draft pick,,,,False,5456,2012-03-15
trade,New Orleans Hornets,WAS,player,Trevor Ariza,,,,False,5457,2012-06-20
trade,New Orleans Hornets,WAS,player,Emeka Okafor,,,,False,5458,2012-06-20
trade,New Orleans Hornets,WAS,player,Rashard Lewis,,,,False,5459,2012-06-20
trade,New Orleans Hornets,WAS,player,Darius Miller,,,,False,5460,2012-06-20
trade,New Orleans Hornets,WAS,pick,2012 2nd round draft pick,,,,False,5461,2012-06-20
trade,HOU,MIN,player,Chase Budinger,,,,False,5462,2012-06-26
trade,HOU,MIN,player,Lior Eliyahu,,,,False,5463,2012-06-26
trade,HOU,MIN,player,Terrence Jones,,,,False,5464,2012-06-26
trade,HOU,MIN,pick,2012 1st round draft pick,,,,False,5465,2012-06-26
trade,Charlotte Bobcats,DET,player,Corey Maggette,,,,False,5466,2012-06-26
trade,Charlotte Bobcats,DET,player,Ben Gordon,,,,False,5467,2012-06-26
trade,Charlotte Bobcats,DET,player,Noah Vonleh,,,,False,5468,2012-06-26
trade,Charlotte Bobcats,DET,pick,2014 1st round draft pick,,,,False,5469,2012-06-26
trade,HOU,MIL,player,Samuel Dalembert,,,,False,5470,2012-06-27
trade,HOU,MIL,player,John Henson,,,,False,5471,2012-06-27
trade,HOU,MIL,player,Nemanja DangubiÄ,,,,False,5472,2012-06-27
trade,HOU,MIL,pick,2012 1st round draft pick,,,,False,5473,2012-06-27
trade,HOU,MIL,pick,2014 2nd round draft pick,,,,False,5474,2012-06-27
trade,HOU,MIL,pick,2012 1st round draft pick,,,,False,5475,2012-06-27
trade,MIA,PHI,player,Arnett Moultrie,,,,False,5476,2012-06-29
trade,MIA,PHI,player,Justin Hamilton,,,,False,5477,2012-06-29
trade,MIA,PHI,player,Jordan Mickey,,,,False,5478,2012-06-29
trade,MIA,PHI,player,Deyonta Davis,,,,False,5479,2012-06-29
trade,MIA,PHI,pick,2015 2nd round draft pick,,,,False,5480,2012-06-29
trade,MIA,PHI,pick,2016 2nd round draft pick,,,,False,5481,2012-06-29
trade,IND,SAC,player,Orlando Johnson,,,,False,5482,2012-06-29
trade,CLE,DAL,player,Jae Crowder,,,,False,5483,2012-06-29
trade,CLE,DAL,player,Jared Cunningham,,,,False,5484,2012-06-29
trade,CLE,DAL,player,Bernard James,,,,False,5485,2012-06-29
trade,CLE,DAL,player,Kelenna Azubuike,,,,False,5486,2012-06-29
trade,CLE,DAL,player,Tyler Zeller,,,,False,5487,2012-06-29
trade,New Jersey Nets,PHI,player,Tornike Shengelia,,,,False,5488,2012-06-29
trade,DAL,LAL,player,Darius Johnson-Odom,,,,False,5489,2012-06-29
trade,New Jersey Nets,POR,player,Tyshawn Taylor,,,,False,5490,2012-06-29
trade,DAL,LAC,player,Lamar Odom,,,,False,5491,2012-06-29
trade,DAL,UTA,player,Shan Foster,,,,False,5492,2012-06-29
trade,LAC,HOU,player,Furkan Aldemir,,,,False,5493,2012-06-29
trade,LAC,UTA,player,Mo Williams,,,,False,5494,2012-06-29
trade,UTA,DAL,player,Tadija DragiÄeviÄ,,,,False,5495,2012-06-29
trade,LAL,PHO,player,Nemanja NedoviÄ,,,,False,5496,2012-07-11
trade,LAL,PHO,player,Alex Oriakhi,,,,False,5497,2012-07-11
trade,LAL,PHO,player,Johnny O'Bryant,,,,False,5498,2012-07-11
trade,LAL,PHO,player,Mikal Bridges,,,,False,5499,2012-07-11
trade,LAL,PHO,pick,2013 1st round draft pick,,,,False,5500,2012-07-11
trade,LAL,PHO,pick,2013 2nd round draft pick,,,,False,5501,2012-07-11
trade,LAL,PHO,pick,2014 2nd round draft pick,,,,False,5502,2012-07-11
trade,LAL,PHO,pick,2018 1st round draft pick,,,,False,5503,2012-07-11
trade,HOU,TOR,player,Kyle Lowry,,,,False,5504,2012-07-11
trade,HOU,TOR,player,Gary Forbes,,,,False,5505,2012-07-11
trade,HOU,TOR,player,Steven Adams,,,,False,5506,2012-07-11
trade,HOU,TOR,pick,2013 1st round draft pick,,,,False,5507,2012-07-11
trade,New Orleans Hornets,ORL,player,Gustavo AyÃ³n,,,,False,5508,2012-07-11
trade,New Orleans Hornets,ORL,player,Ryan Anderson,,,,False,5509,2012-07-11
trade,HOU,NYK,player,Marcus Camby,,,,False,5510,2012-07-11
trade,HOU,NYK,player,Toney Douglas,,,,False,5511,2012-07-11
trade,HOU,NYK,player,Josh Harrellson,,,,False,5512,2012-07-11
trade,HOU,NYK,player,Jerome Jordan,,,,False,5513,2012-07-11
trade,HOU,NYK,player,Nick Johnson,,,,False,5514,2012-07-11
trade,HOU,NYK,player,Montrezl Harrell,,,,False,5515,2012-07-11
trade,HOU,NYK,pick,2014 2nd round draft pick,,,,False,5516,2012-07-11
trade,HOU,NYK,pick,2015 2nd round draft pick,,,,False,5517,2012-07-11
trade,ATL,UTA,player,Marvin Williams,,,,False,5518,2012-07-11
trade,ATL,UTA,player,Devin Harris,,,,False,5519,2012-07-11
trade,ATL,BRK,player,Joe Johnson,,,,False,5520,2012-07-11
trade,ATL,BRK,player,Jordan Farmar,,,,False,5521,2012-07-11
trade,ATL,BRK,player,Anthony Morrow,,,,False,5522,2012-07-11
trade,ATL,BRK,player,Johan Petro,,,,False,5523,2012-07-11
trade,ATL,BRK,player,DeShawn Stevenson,,,,False,5524,2012-07-11
trade,ATL,BRK,player,Jordan Williams,,,,False,5525,2012-07-11
trade,ATL,BRK,player,Shane Larkin,,,,False,5526,2012-07-11
trade,ATL,BRK,player,Frank Jackson,,,,False,5527,2012-07-11
trade,ATL,BRK,pick,2013 1st round draft pick,,,,False,5528,2012-07-11
trade,ATL,BRK,pick,2017 2nd round draft pick,,,,False,5529,2012-07-11
trade,GSW,PHI,player,Dorell Wright,,,,False,5530,2012-07-11
trade,New Orleans Hornets,GSW,player,Jarrett Jack,,,,False,5531,2012-07-11
trade,New Orleans Hornets,PHI,player,Darryl Watkins,,,,False,5532,2012-07-11
trade,PHI,New Orleans Hornets,player,Edin BavÄiÄ,,,,False,5533,2012-07-11
trade,BRK,LAC,player,Cheick Diallo,,,,False,5534,2012-07-11
trade,BRK,LAC,pick,2016 2nd round draft pick,,,,False,5535,2012-07-11
trade,BRK,LAC,pick,2016 2nd round draft pick,,,,False,5536,2012-07-11
trade,DAL,IND,player,Ian Mahinmi,,,,False,5537,2012-07-12
trade,DAL,IND,player,Darren Collison,,,,False,5538,2012-07-12
trade,DAL,IND,player,Dahntay Jones,,,,False,5539,2012-07-12
trade,MIN,New Orleans Hornets,player,Brad Miller,,,,False,5540,2012-07-13
trade,MIN,New Orleans Hornets,player,Lorenzo Brown,,,,False,5541,2012-07-13
trade,MIN,New Orleans Hornets,player,Rade Zagorac,,,,False,5542,2012-07-13
trade,MIN,New Orleans Hornets,pick,2013 2nd round draft pick,,,,False,5543,2012-07-13
trade,MIN,New Orleans Hornets,pick,2016 2nd round draft pick,,,,False,5544,2012-07-13
trade,MIN,New Orleans Hornets,pick,2017 2nd round draft pick,,,,False,5545,2012-07-13
trade,SAC,TOR,player,DeAndre Daniels,,,,False,5546,2012-07-16
trade,SAC,TOR,pick,2014 2nd round draft pick,,,,False,5547,2012-07-16
trade,NYK,POR,player,Dan Gadzuric,,,,False,5548,2012-07-16
trade,NYK,POR,player,Jared Jeffries,,,,False,5549,2012-07-16
trade,NYK,POR,player,Kostas Papanikolaou,,,,False,5550,2012-07-16
trade,NYK,POR,player,Georgios Printezis,,,,False,5551,2012-07-16
trade,NYK,POR,player,Chinanu Onuaku,,,,False,5552,2012-07-16
trade,NYK,POR,pick,2016 2nd round draft pick,,,,False,5553,2012-07-16
trade,ATL,CHI,player,Kyle Korver,,,,True,5554,2012-07-16
trade,BOS,HOU,player,JaJuan Johnson,,,,False,5555,2012-07-20
trade,BOS,HOU,player,E'Twaun Moore,,,,False,5556,2012-07-20
trade,BOS,HOU,player,Sean Williams,,,,False,5557,2012-07-20
trade,BOS,HOU,player,Ãlex Abrines,,,,False,5558,2012-07-20
trade,BOS,HOU,pick,2013 2nd round draft pick,,,,False,5559,2012-07-20
trade,BOS,POR,player,Sasha PavloviÄ,,,,False,5560,2012-07-20
trade,HOU,BOS,player,Courtney Lee,,,,False,5561,2012-07-20
trade,POR,HOU,player,Jon Diebler,,,,False,5562,2012-07-20
trade,MEM,MIN,player,Dante Cunningham,,,,False,5563,2012-07-24
trade,MEM,MIN,player,Wayne Ellington,,,,False,5564,2012-07-24
trade,CLE,MEM,player,D.J. Kennedy,,,,False,5565,2012-07-25
trade,CLE,MEM,player,Jeremy Pargo,,,,False,5566,2012-07-25
trade,CLE,MEM,player,Vasilije MiciÄ,,,,False,5567,2012-07-25
trade,CLE,MEM,pick,2014 2nd round draft pick,,,,False,5568,2012-07-25
trade,MIN,PHO,player,Wesley Johnson,,,,False,5569,2012-07-27
trade,MIN,PHO,player,Semi Ojeleye,,,,False,5570,2012-07-27
trade,MIN,PHO,pick,2017 2nd round draft pick,,,,False,5571,2012-07-27
trade,New Orleans Hornets,MIN,player,Lorenzo Brown,,,,False,5572,2012-07-27
trade,New Orleans Hornets,MIN,pick,2013 2nd round draft pick,,,,False,5573,2012-07-27
trade,New Orleans Hornets,PHO,player,Jerome Dyson,,,,False,5574,2012-07-27
trade,New Orleans Hornets,PHO,player,Brad Miller,,,,False,5575,2012-07-27
trade,New Orleans Hornets,PHO,player,Rade Zagorac,,,,False,5576,2012-07-27
trade,New Orleans Hornets,PHO,pick,2016 2nd round draft pick,,,,False,5577,2012-07-27
trade,PHO,MIN,player,Johnny O'Bryant,,,,False,5578,2012-07-27
trade,PHO,MIN,pick,2014 2nd round draft pick,,,,False,5579,2012-07-27
trade,PHO,New Orleans Hornets,player,Robin Lopez,,,,False,5580,2012-07-27
trade,PHO,New Orleans Hornets,player,Hakim Warrick,,,,False,5581,2012-07-27
trade,ATL,LAC,player,Willie Green,,,,True,5582,2012-07-30
trade,ATL,LAC,player,Sofoklis Schortsanitis,,,,True,5583,2012-07-30
trade,DEN,ORL,player,Arron Afflalo,,,,False,5584,2012-08-10
trade,DEN,ORL,player,Al Harrington,,,,False,5585,2012-08-10
trade,DEN,ORL,player,Romero Osby,,,,False,5586,2012-08-10
trade,DEN,ORL,player,Dario Å ariÄ,,,,False,5587,2012-08-10
trade,DEN,ORL,pick,2013 2nd round draft pick,,,,False,5588,2012-08-10
trade,DEN,ORL,pick,2014 1st round draft pick,,,,False,5589,2012-08-10
trade,LAL,ORL,player,Christian Eyenga,,,,False,5590,2012-08-10
trade,LAL,ORL,player,Josh McRoberts,,,,False,5591,2012-08-10
trade,LAL,ORL,player,Wesley Iwundu,,,,False,5592,2012-08-10
trade,LAL,ORL,pick,2017 2nd round draft pick,,,,False,5593,2012-08-10
trade,LAL,PHI,player,Andrew Bynum,,,,False,5594,2012-08-10
trade,ORL,LAL,player,Earl Clark,,,,False,5595,2012-08-10
trade,ORL,LAL,player,Chris Duhon,,,,False,5596,2012-08-10
trade,ORL,LAL,player,Dwight Howard,,,,False,5597,2012-08-10
trade,ORL,PHI,player,Jason Richardson,,,,False,5598,2012-08-10
trade,PHI,DEN,player,Andre Iguodala,,,,False,5599,2012-08-10
trade,PHI,ORL,player,Maurice Harkless,,,,False,5600,2012-08-10
trade,PHI,ORL,player,Nikola VuÄeviÄ,,,,False,5601,2012-08-10
trade,PHI,ORL,player,Landry Shamet,,,,False,5602,2012-08-10
trade,PHI,ORL,pick,2018 1st round draft pick,,,,False,5603,2012-08-10
trade,HOU,OKC,player,Jeremy Lamb,,,,False,5604,2012-10-27
trade,HOU,OKC,player,Kevin Martin,,,,False,5605,2012-10-27
trade,HOU,OKC,player,Steven Adams,,,,False,5606,2012-10-27
trade,HOU,OKC,player,Ãlex Abrines,,,,False,5607,2012-10-27
trade,HOU,OKC,player,Mitch McGary,,,,False,5608,2012-10-27
trade,HOU,OKC,pick,2013 1st round draft pick,,,,False,5609,2012-10-27
trade,HOU,OKC,pick,2013 2nd round draft pick,,,,False,5610,2012-10-27
trade,HOU,OKC,pick,2014 1st round draft pick,,,,False,5611,2012-10-27
trade,Charlotte Bobcats,New Orleans Hornets,player,Matt Carroll,,,,False,5612,2012-11-13
trade,Charlotte Bobcats,New Orleans Hornets,player,Hakim Warrick,,,,False,5613,2012-11-13
trade,CLE,MEM,player,Jon Leuer,,,,False,5614,2013-01-22
trade,CLE,MEM,player,Wayne Ellington,,,,False,5615,2013-01-22
trade,CLE,MEM,player,Josh Selby,,,,False,5616,2013-01-22
trade,CLE,MEM,player,Marreese Speights,,,,False,5617,2013-01-22
trade,CLE,MEM,player,Harry Giles,,,,False,5618,2013-01-22
trade,CLE,MEM,pick,2017 1st round draft pick,,,,False,5619,2013-01-22
trade,DET,MEM,player,Austin Daye,,,,False,5620,2013-01-30
trade,DET,MEM,player,Tayshaun Prince,,,,False,5621,2013-01-30
trade,MEM,TOR,player,Rudy Gay,,,,False,5622,2013-01-30
trade,MEM,TOR,player,Hamed Haddadi,,,,False,5623,2013-01-30
trade,TOR,DET,player,JosÃ© CalderÃ³n,,,,False,5624,2013-01-30
trade,TOR,MEM,player,Ed Davis,,,,False,5625,2013-01-30
trade,TOR,MEM,player,Jamaal Franklin,,,,False,5626,2013-01-30
trade,TOR,MEM,pick,2013 2nd round draft pick,,,,False,5627,2013-01-30
trade,HOU,SAC,player,Cole Aldrich,,,,False,5628,2013-02-20
trade,HOU,SAC,player,Toney Douglas,,,,False,5629,2013-02-20
trade,HOU,SAC,player,Patrick Patterson,,,,False,5630,2013-02-20
trade,BOS,WAS,player,Leandro Barbosa,,,,False,5631,2013-02-21
trade,BOS,WAS,player,Jason Collins,,,,False,5632,2013-02-21
trade,BOS,WAS,player,Jordan Crawford,,,,False,5633,2013-02-21
trade,PHO,TOR,player,Sebastian Telfair,,,,False,5634,2013-02-21
trade,PHO,TOR,player,Hamed Haddadi,,,,False,5635,2013-02-21
trade,PHO,TOR,player,Lamar Patterson,,,,False,5636,2013-02-21
trade,PHO,TOR,pick,2014 2nd round draft pick,,,,False,5637,2013-02-21
trade,GSW,PHI,player,Charles Jenkins,,,,False,5638,2013-02-21
trade,Charlotte Bobcats,ORL,player,Hakim Warrick,,,,False,5639,2013-02-21
trade,Charlotte Bobcats,ORL,player,Josh McRoberts,,,,False,5640,2013-02-21
trade,OKC,POR,player,Eric Maynor,,,,True,5641,2013-02-21
trade,OKC,POR,player,Georgios Printezis,,,,True,5642,2013-02-21
trade,NYK,OKC,player,Ronnie Brewer,,,,False,5643,2013-02-21
trade,NYK,OKC,player,Xavier Thames,,,,False,5644,2013-02-21
trade,NYK,OKC,pick,2014 2nd round draft pick,,,,False,5645,2013-02-21
trade,MIL,ORL,player,Tobias Harris,,,,False,5646,2013-02-21
trade,MIL,ORL,player,Doron Lamb,,,,False,5647,2013-02-21
trade,MIL,ORL,player,Beno Udrih,,,,False,5648,2013-02-21
trade,MEM,MIA,player,Ricky SÃ¡nchez,,,,False,5649,2013-02-21
trade,MEM,MIA,player,Dexter Pittman,,,,False,5650,2013-02-21
trade,MEM,MIA,player,JÄnis Timma,,,,False,5651,2013-02-21
trade,MEM,MIA,pick,2013 2nd round draft pick,,,,False,5652,2013-02-21
trade,ATL,GSW,player,Jeremy Tyler,,,,False,5653,2013-02-21
trade,ATL,DAL,player,Anthony Morrow,,,,False,5654,2013-02-21
trade,ATL,DAL,player,Dahntay Jones,,,,False,5655,2013-02-21
trade,HOU,PHO,player,Marcus Morris,,,,False,5656,2013-02-21
trade,HOU,PHO,player,Isaiah Canaan,,,,False,5657,2013-02-21
trade,HOU,PHO,pick,2013 2nd round draft pick,,,,False,5658,2013-02-21
trade,BOS,LAC,player,R.J. Hunter,,,,False,5659,2013-06-25
trade,BOS,LAC,pick,2015 1st round draft pick,,,,False,5660,2013-06-25
trade,MIN,UTA,player,Trey Burke,,,,False,5661,2013-06-27
trade,MIN,UTA,player,Gorgui Dieng,,,,False,5662,2013-06-27
trade,MIN,UTA,player,Shabazz Muhammad,,,,False,5663,2013-06-27
trade,GSW,MIN,player,Alessandro Gentile,,,,False,5664,2013-06-27
trade,GSW,MIN,pick,2014 2nd round draft pick,,,,False,5665,2013-06-27
trade,GSW,OKC,player,Andre Roberson,,,,False,5666,2013-06-27
trade,GSW,OKC,player,Archie Goodwin,,,,False,5667,2013-06-27
trade,CLE,POR,player,Allen Crabbe,,,,False,5668,2013-06-27
trade,CLE,POR,player,Sir'Dominic Pointer,,,,False,5669,2013-06-27
trade,CLE,POR,player,Paul Zipser,,,,False,5670,2013-06-27
trade,CLE,POR,pick,2015 2nd round draft pick,,,,False,5671,2013-06-27
trade,CLE,POR,pick,2016 2nd round draft pick,,,,False,5672,2013-06-27
trade,BOS,DAL,player,Lucas Nogueira,,,,False,5673,2013-06-27
trade,BOS,DAL,player,Cleanthony Early,,,,False,5674,2013-06-27
trade,BOS,DAL,player,Russ Smith,,,,False,5675,2013-06-27
trade,BOS,DAL,pick,2014 2nd round draft pick,,,,False,5676,2013-06-27
trade,BOS,DAL,pick,2014 2nd round draft pick,,,,False,5677,2013-06-27
trade,ATL,DAL,player,Shane Larkin,,,,False,5678,2013-06-27
trade,DEN,UTA,player,Rudy Gobert,,,,False,5679,2013-06-27
trade,DEN,UTA,player,Erick Green,,,,False,5680,2013-06-27
trade,GSW,PHO,player,Archie Goodwin,,,,False,5681,2013-06-27
trade,GSW,PHO,player,Malcolm Lee,,,,False,5682,2013-06-27
trade,GSW,PHO,player,Nemanja NedoviÄ,,,,False,5683,2013-06-27
trade,PHI,WAS,player,Glen Rice Jr.,,,,False,5684,2013-06-27
trade,PHI,WAS,player,Arsalan Kazemi,,,,False,5685,2013-06-27
trade,PHI,WAS,player,Nate Wolters,,,,False,5686,2013-06-27
trade,OKC,POR,player,Grant Jerrett,,,,False,5687,2013-06-27
trade,ATL,MIA,player,James Ennis,,,,False,5688,2013-06-27
trade,ATL,MIA,player,Sterling Brown,,,,False,5689,2013-06-27
trade,ATL,MIA,pick,2017 2nd round draft pick,,,,False,5690,2013-06-27
trade,BOS,IND,player,Colton Iverson,,,,False,5691,2013-06-27
trade,DEN,MEM,player,Kosta Koufos,,,,False,5692,2013-06-27
trade,DEN,MEM,player,Darrell Arthur,,,,False,5693,2013-06-27
trade,DEN,MEM,player,Joffrey Lauvergne,,,,False,5694,2013-06-27
trade,DAL,PHI,player,Russ Smith,,,,False,5695,2013-06-27
trade,DAL,PHI,pick,2014 2nd round draft pick,,,,False,5696,2013-06-27
trade,ATL,UTA,player,Raul Neto,,,,False,5697,2013-06-27
trade,ATL,UTA,player,Pat Connaughton,,,,False,5698,2013-06-27
trade,ATL,UTA,pick,2015 2nd round draft pick,,,,False,5699,2013-06-27
trade,MIL,PHI,player,Ricky Ledo,,,,False,5700,2013-06-27
trade,MIL,PHI,player,Nemanja DangubiÄ,,,,False,5701,2013-06-27
trade,MIL,PHI,pick,2014 2nd round draft pick,,,,False,5702,2013-06-27
trade,NYK,TOR,player,Marcus Camby,,,,False,5703,2013-07-10
trade,NYK,TOR,player,Steve Novak,,,,False,5704,2013-07-10
trade,NYK,TOR,player,Quentin Richardson,,,,False,5705,2013-07-10
trade,NYK,TOR,player,Xavier Thames,,,,False,5706,2013-07-10
trade,NYK,TOR,player,Jakob PÃ¶ltl,,,,False,5707,2013-07-10
trade,NYK,TOR,player,Jonah Bolden,,,,False,5708,2013-07-10
trade,NYK,TOR,pick,2014 2nd round draft pick,,,,False,5709,2013-07-10
trade,NYK,TOR,pick,2016 1st round draft pick,,,,False,5710,2013-07-10
trade,NYK,TOR,pick,2017 2nd round draft pick,,,,False,5711,2013-07-10
trade,LAC,MIL,player,Marcus Paige,,,,False,5712,2013-07-10
trade,LAC,MIL,pick,2016 2nd round draft pick,,,,False,5713,2013-07-10
trade,LAC,PHO,player,Eric Bledsoe,,,,False,5714,2013-07-10
trade,LAC,PHO,player,Caron Butler,,,,False,5715,2013-07-10
trade,MIL,LAC,player,J.J. Redick,,,,False,5716,2013-07-10
trade,PHO,LAC,player,Jared Dudley,,,,False,5717,2013-07-10
trade,PHO,MIL,player,Lamar Patterson,,,,False,5718,2013-07-10
trade,PHO,MIL,pick,2014 2nd round draft pick,,,,False,5719,2013-07-10
trade,HOU,POR,player,Thomas Robinson,,,,False,5720,2013-07-10
trade,HOU,POR,player,Kostas Papanikolaou,,,,False,5721,2013-07-10
trade,HOU,POR,player,Marko TodoroviÄ,,,,False,5722,2013-07-10
trade,HOU,POR,player,Richaun Holmes,,,,False,5723,2013-07-10
trade,HOU,POR,player,Dillon Brooks,,,,False,5724,2013-07-10
trade,HOU,POR,pick,2015 2nd round draft pick,,,,False,5725,2013-07-10
trade,HOU,POR,pick,2017 2nd round draft pick,,,,False,5726,2013-07-10
trade,DEN,GSW,player,Andre Iguodala,,,,False,5727,2013-07-10
trade,DEN,UTA,player,Sviatoslav Mykhailiuk,,,,False,5728,2013-07-10
trade,DEN,UTA,pick,2018 2nd round draft pick,,,,False,5729,2013-07-10
trade,GSW,DEN,player,Thomas Welsh,,,,False,5730,2013-07-10
trade,GSW,DEN,pick,2018 2nd round draft pick,,,,False,5731,2013-07-10
trade,GSW,UTA,player,Andris BiedriÅÅ¡,,,,False,5732,2013-07-10
trade,GSW,UTA,player,Richard Jefferson,,,,False,5733,2013-07-10
trade,GSW,UTA,player,Brandon Rush,,,,False,5734,2013-07-10
trade,GSW,UTA,player,Rodney Hood,,,,False,5735,2013-07-10
trade,GSW,UTA,player,Tyrone Wallace,,,,False,5736,2013-07-10
trade,GSW,UTA,player,Josh Hart,,,,False,5737,2013-07-10
trade,GSW,UTA,player,Alpha Kaba,,,,False,5738,2013-07-10
trade,GSW,UTA,pick,2014 1st round draft pick,,,,False,5739,2013-07-10
trade,GSW,UTA,pick,2016 2nd round draft pick,,,,False,5740,2013-07-10
trade,GSW,UTA,pick,2017 1st round draft pick,,,,False,5741,2013-07-10
trade,GSW,UTA,pick,2017 2nd round draft pick,,,,False,5742,2013-07-10
trade,UTA,DEN,player,Randy Foye,,,,False,5743,2013-07-10
trade,UTA,GSW,player,Kevin Murphy,,,,False,5744,2013-07-10
trade,NOP,POR,player,Terrel Harris,,,,False,5745,2013-07-10
trade,NOP,POR,player,Robin Lopez,,,,False,5746,2013-07-10
trade,NOP,SAC,player,Greivis VÃ¡squez,,,,False,5747,2013-07-10
trade,POR,NOP,player,Jeff Withey,,,,False,5748,2013-07-10
trade,POR,SAC,player,Malcolm Brogdon,,,,False,5749,2013-07-10
trade,POR,SAC,player,Chinanu Onuaku,,,,False,5750,2013-07-10
trade,POR,SAC,pick,2016 2nd round draft pick,,,,False,5751,2013-07-10
trade,POR,SAC,pick,2016 2nd round draft pick,,,,False,5752,2013-07-10
trade,SAC,NOP,player,Tyreke Evans,,,,False,5753,2013-07-10
trade,MIL,OKC,player,Szymon Szewczyk,,,,False,5754,2013-07-11
trade,MIN,MIL,player,Luke Ridnour,,,,False,5755,2013-07-11
trade,MIN,MIL,player,Johnny O'Bryant,,,,False,5756,2013-07-11
trade,MIN,MIL,pick,2014 2nd round draft pick,,,,False,5757,2013-07-11
trade,OKC,MIN,player,Kevin Martin,,,,False,5758,2013-07-11
trade,BOS,BRK,player,Kevin Garnett,,,,False,5759,2013-07-12
trade,BOS,BRK,player,Paul Pierce,,,,False,5760,2013-07-12
trade,BOS,BRK,player,Jason Terry,,,,False,5761,2013-07-12
trade,BOS,BRK,player,D.J. White,,,,False,5762,2013-07-12
trade,BOS,BRK,player,Kyle Kuzma,,,,False,5763,2013-07-12
trade,BOS,BRK,player,Sasha Vezenkov,,,,False,5764,2013-07-12
trade,BOS,BRK,pick,2017 1st round draft pick,,,,False,5765,2013-07-12
trade,BOS,BRK,pick,2017 2nd round draft pick,,,,False,5766,2013-07-12
trade,BOS,BRK,pick,2014 1st round draft pick,,,,False,5767,2013-07-12
trade,BOS,BRK,pick,2016 1st round draft pick,,,,False,5768,2013-07-12
trade,BOS,BRK,pick,2017 1st round draft pick,,,,False,5769,2013-07-12
trade,BOS,BRK,pick,2018 1st round draft pick,,,,False,5770,2013-07-12
trade,MIL,SAC,player,Luc Mbah a Moute,,,,False,5771,2013-07-12
trade,MIL,SAC,player,Vanja Marinkovic,,,,False,5772,2013-07-12
trade,MIL,SAC,pick,2019 2nd round draft pick,,,,False,5773,2013-07-12
trade,MIL,SAC,pick,2016 2nd round draft pick,,,,False,5774,2013-07-12
trade,MIL,SAC,pick,2019 2nd round draft pick,,,,False,5775,2013-07-12
trade,NOP,PHI,player,Nerlens Noel,,,,False,5776,2013-07-12
trade,NOP,PHI,player,Elfrid Payton,,,,False,5777,2013-07-12
trade,NOP,PHI,pick,2014 1st round draft pick,,,,False,5778,2013-07-12
trade,HOU,PHI,player,Furkan Aldemir,,,,False,5779,2013-07-13
trade,HOU,PHI,player,Royce White,,,,False,5780,2013-07-13
trade,HOU,PHI,pick,2014 2nd round draft pick,,,,False,5781,2013-07-13
trade,DAL,MEM,player,Nick Calathes,,,,False,5782,2013-07-22
trade,DAL,MEM,pick,2016 2nd round draft pick,,,,False,5783,2013-07-22
trade,DAL,MEM,pick,2016 2nd-round draft pick,,,,False,5784,2013-07-22
trade,IND,PHO,player,Gerald Green,,,,False,5785,2013-07-27
trade,IND,PHO,player,Miles Plumlee,,,,False,5786,2013-07-27
trade,IND,PHO,player,Bogdan BogdanoviÄ,,,,False,5787,2013-07-27
trade,IND,PHO,pick,2014 1st round draft pick,,,,False,5788,2013-07-27
trade,DET,MIL,player,Brandon Knight,,,,False,5789,2013-07-31
trade,DET,MIL,player,Viacheslav Kravtsov,,,,False,5790,2013-07-31
trade,DET,MIL,player,Khris Middleton,,,,False,5791,2013-07-31
trade,DET,MIL,player,Brandon Jennings,,,,False,5792,2013-07-31
trade,BOS,MEM,player,Fab Melo,,,,False,5793,2013-08-15
trade,MEM,PHI,player,Tony Wroten,,,,False,5794,2013-08-22
trade,MEM,PHI,pick,2014 2nd round draft pick,,,,False,5795,2013-08-22
trade,MIL,PHO,player,Viacheslav Kravtsov,,,,False,5796,2013-08-29
trade,MIL,PHO,player,Ish Smith,,,,False,5797,2013-08-29
trade,MIL,PHO,player,Caron Butler,,,,False,5798,2013-08-29
trade,PHO,WAS,player,Shannon Brown,,,,False,5799,2013-10-25
trade,PHO,WAS,player,Marcin Gortat,,,,False,5800,2013-10-25
trade,PHO,WAS,player,Malcolm Lee,,,,False,5801,2013-10-25
trade,PHO,WAS,player,Kendall Marshall,,,,False,5802,2013-10-25
trade,PHO,WAS,player,Emeka Okafor,,,,False,5803,2013-10-25
trade,PHO,WAS,player,Tyler Ennis,,,,False,5804,2013-10-25
trade,PHO,WAS,pick,2014 1st round draft pick,,,,False,5805,2013-10-25
trade,MIN,SAC,player,Derrick Williams,,,,False,5806,2013-11-26
trade,MIN,SAC,player,Luc Mbah a Moute,,,,False,5807,2013-11-26
trade,SAC,TOR,player,Chuck Hayes,,,,False,5808,2013-12-09
trade,SAC,TOR,player,Patrick Patterson,,,,False,5809,2013-12-09
trade,SAC,TOR,player,John Salmons,,,,False,5810,2013-12-09
trade,SAC,TOR,player,Greivis VÃ¡squez,,,,False,5811,2013-12-09
trade,SAC,TOR,player,Quincy Acy,,,,False,5812,2013-12-09
trade,SAC,TOR,player,Rudy Gay,,,,False,5813,2013-12-09
trade,SAC,TOR,player,Aaron Gray,,,,False,5814,2013-12-09
trade,CHI,CLE,player,Luol Deng,,,,False,5815,2014-01-06
trade,CHI,CLE,player,Andrew Bynum,,,,False,5816,2014-01-06
trade,CHI,CLE,player,Sir'Dominic Pointer,,,,False,5817,2014-01-06
trade,CHI,CLE,player,Paul Zipser,,,,False,5818,2014-01-06
trade,CHI,CLE,player,Jordan Bell,,,,False,5819,2014-01-06
trade,CHI,CLE,pick,2015 2nd round draft pick,,,,False,5820,2014-01-06
trade,CHI,CLE,pick,2016 2nd round draft pick,,,,False,5821,2014-01-06
trade,CHI,CLE,pick,2017 2nd round draft pick,,,,False,5822,2014-01-06
trade,BOS,MEM,player,Courtney Lee,,,,False,5823,2014-01-07
trade,BOS,MEM,player,Joel Bolomboy,,,,False,5824,2014-01-07
trade,BOS,MEM,pick,2016 2nd round draft pick,,,,False,5825,2014-01-07
trade,MEM,BOS,player,Jerryd Bayless,,,,False,5826,2014-01-07
trade,MEM,OKC,player,Vlatko ÄanÄar,,,,False,5827,2014-01-07
trade,MEM,OKC,pick,2014 2nd round draft pick,,,,False,5828,2014-01-07
trade,MEM,OKC,pick,2017 2nd round draft pick,,,,False,5829,2014-01-07
trade,OKC,BOS,player,Ryan Gomes,,,,False,5830,2014-01-07
trade,BOS,GSW,player,MarShon Brooks,,,,False,5831,2014-01-15
trade,BOS,GSW,player,Jordan Crawford,,,,False,5832,2014-01-15
trade,GSW,MIA,player,Toney Douglas,,,,False,5833,2014-01-15
trade,MIA,BOS,player,Joel Anthony,,,,False,5834,2014-01-15
trade,MIA,BOS,player,Jordan Mickey,,,,False,5835,2014-01-15
trade,MIA,BOS,player,Ben Bentil,,,,False,5836,2014-01-15
trade,MIA,BOS,player,Deyonta Davis,,,,False,5837,2014-01-15
trade,MIA,BOS,pick,2015 2nd round draft pick,,,,False,5838,2014-01-15
trade,MIA,BOS,pick,2016 2nd round draft pick,,,,False,5839,2014-01-15
trade,MIA,BOS,pick,2016 2nd round draft pick,,,,False,5840,2014-01-15
trade,BRK,CHI,player,Tornike Shengelia,,,,False,5841,2014-01-21
trade,BRK,CHI,player,Marquis Teague,,,,False,5842,2014-01-21
trade,BRK,NOP,player,Tyshawn Taylor,,,,False,5843,2014-01-21
trade,GSW,LAL,player,Kent Bazemore,,,,False,5844,2014-02-19
trade,GSW,LAL,player,MarShon Brooks,,,,False,5845,2014-02-19
trade,GSW,LAL,player,Steve Blake,,,,False,5846,2014-02-19
trade,BRK,SAC,player,Reggie Evans,,,,False,5847,2014-02-19
trade,BRK,SAC,player,Jason Terry,,,,False,5848,2014-02-19
trade,BRK,SAC,player,Marcus Thornton,,,,False,5849,2014-02-19
trade,DEN,PHI,player,David Michineau,,,,False,5850,2014-02-20
trade,DEN,PHI,pick,2016 2nd round draft pick,,,,False,5851,2014-02-20
trade,DEN,WAS,player,Andre Miller,,,,False,5852,2014-02-20
trade,PHI,WAS,pick,2014 2nd round draft pick,,,,False,5853,2014-02-20
trade,WAS,DEN,player,Jan VeselÃ½,,,,False,5854,2014-02-20
trade,WAS,PHI,player,Eric Maynor,,,,False,5855,2014-02-20
trade,WAS,PHI,player,ArtÅ«ras Gudaitis,,,,False,5856,2014-02-20
trade,WAS,PHI,pick,2015 2nd round draft pick,,,,False,5857,2014-02-20
trade,Charlotte Bobcats,MIL,player,Jeff Adrien,,,,False,5858,2014-02-20
trade,Charlotte Bobcats,MIL,player,Ramon Sessions,,,,False,5859,2014-02-20
trade,Charlotte Bobcats,MIL,player,Gary Neal,,,,False,5860,2014-02-20
trade,Charlotte Bobcats,MIL,player,Luke Ridnour,,,,False,5861,2014-02-20
trade,MIA,SAC,player,Roger Mason,,,,False,5862,2014-02-20
trade,MIA,SAC,pick,2015 2nd round draft pick,,,,False,5863,2014-02-20
trade,CLE,PHI,player,Earl Clark,,,,False,5864,2014-02-20
trade,CLE,PHI,player,Henry Sims,,,,False,5865,2014-02-20
trade,CLE,PHI,player,Jerami Grant,,,,False,5866,2014-02-20
trade,CLE,PHI,player,Vasilije MiciÄ,,,,False,5867,2014-02-20
trade,CLE,PHI,pick,2014 2nd round draft pick,,,,False,5868,2014-02-20
trade,CLE,PHI,pick,2014 2nd round draft pick,,,,False,5869,2014-02-20
trade,IND,PHI,player,Danny Granger,,,,False,5870,2014-02-20
trade,IND,PHI,player,Luka MitroviÄ,,,,False,5871,2014-02-20
trade,IND,PHI,pick,2015 2nd round draft pick,,,,False,5872,2014-02-20
trade,LAC,PHI,player,Byron Mullens,,,,False,5873,2014-02-20
trade,ATL,LAC,player,Cenk Akyol,,,,False,5874,2014-02-20
trade,ATL,LAC,player,Antawn Jamison,,,,False,5875,2014-02-20
trade,DEN,HOU,player,Jordan Hamilton,,,,False,5876,2014-02-20
trade,DEN,HOU,player,Aaron Brooks,,,,False,5877,2014-02-20
trade,SAS,TOR,player,Nando De Colo,,,,False,5878,2014-02-20
trade,SAS,TOR,player,Austin Daye,,,,False,5879,2014-02-20
trade,DAL,NYK,player,JosÃ© CalderÃ³n,,,,False,5880,2014-06-25
trade,DAL,NYK,player,Samuel Dalembert,,,,False,5881,2014-06-25
trade,DAL,NYK,player,Wayne Ellington,,,,False,5882,2014-06-25
trade,DAL,NYK,player,Shane Larkin,,,,False,5883,2014-06-25
trade,DAL,NYK,player,Thanasis Antetokounmpo,,,,False,5884,2014-06-25
trade,DAL,NYK,player,Cleanthony Early,,,,False,5885,2014-06-25
trade,DAL,NYK,pick,2014 2nd round draft pick,,,,False,5886,2014-06-25
trade,DAL,NYK,pick,2014 2nd round draft pick,,,,False,5887,2014-06-25
trade,CHI,DEN,player,Gary Harris,,,,False,5888,2014-06-26
trade,CHI,DEN,player,Jusuf NurkiÄ,,,,False,5889,2014-06-26
trade,CHI,DEN,player,Sir'Dominic Pointer,,,,False,5890,2014-06-26
trade,CHI,DEN,pick,2015 2nd round draft pick,,,,False,5891,2014-06-26
trade,MEM,UTA,player,Joel Bolomboy,,,,False,5892,2014-06-26
trade,MEM,UTA,pick,2016 2nd round draft pick,,,,False,5893,2014-06-26
trade,ORL,PHI,player,Dario Å ariÄ,,,,False,5894,2014-06-26
trade,ORL,PHI,player,Willy HernangÃ³mez,,,,False,5895,2014-06-26
trade,ORL,PHI,player,Landry Shamet,,,,False,5896,2014-06-26
trade,ORL,PHI,pick,2015 2nd round draft pick,,,,False,5897,2014-06-26
trade,ORL,PHI,pick,2018 1st round draft pick,,,,False,5898,2014-06-26
trade,PHI,SAS,player,Nemanja DangubiÄ,,,,False,5899,2014-06-26
trade,PHI,SAS,player,Jordan McRae,,,,False,5900,2014-06-26
trade,BRK,SAS,player,Cory Jefferson,,,,False,5901,2014-06-26
trade,HOU,MIN,player,Alessandro Gentile,,,,False,5902,2014-06-26
trade,ATL,MIL,player,Pat Connaughton,,,,False,5903,2014-06-27
trade,ATL,MIL,pick,2015 2nd round draft pick,,,,False,5904,2014-06-27
trade,BRK,MIN,player,Markel Brown,,,,False,5905,2014-06-27
trade,BRK,TOR,player,Xavier Thames,,,,False,5906,2014-06-27
trade,Charlotte Bobcats,MIA,player,Shabazz Napier,,,,False,5907,2014-06-27
trade,Charlotte Bobcats,MIA,player,Semaj Christon,,,,False,5908,2014-06-27
trade,Charlotte Bobcats,MIA,player,P.J. Hairston,,,,False,5909,2014-06-27
trade,Charlotte Bobcats,MIA,player,Jaylen Nowell,,,,False,5910,2014-06-27
trade,Charlotte Bobcats,MIA,pick,2019 2nd round draft pick,,,,False,5911,2014-06-27
trade,DEN,ORL,player,Evan Fournier,,,,False,5912,2014-06-27
trade,DEN,ORL,player,Devyn Marble,,,,False,5913,2014-06-27
trade,DEN,ORL,player,Arron Afflalo,,,,False,5914,2014-06-27
trade,LAL,WAS,player,Jordan Clarkson,,,,False,5915,2014-06-27
trade,IND,NYK,player,Louis Labeyrie,,,,False,5916,2014-06-27
trade,ATL,TOR,player,Lucas Nogueira,,,,False,5917,2014-06-29
trade,ATL,TOR,player,Lou Williams,,,,False,5918,2014-06-29
trade,ATL,TOR,player,John Salmons,,,,False,5919,2014-06-29
trade,BRK,MIL,player,Pat Connaughton,,,,False,5920,2014-06-30
trade,BRK,MIL,player,Admiral Schofield,,,,False,5921,2014-06-30
trade,BRK,MIL,pick,2015 2nd round draft pick,,,,False,5922,2014-06-30
trade,BRK,MIL,pick,2019 2nd round draft pick,,,,False,5923,2014-06-30
trade,NOP,PHI,player,Pierre Jackson,,,,False,5924,2014-06-27
trade,NOP,PHI,player,Russ Smith,,,,False,5925,2014-06-27
trade,BRK,BOS,player,Marcus Thornton,,,,False,5926,2014-07-10
trade,BRK,CLE,player,Edin BavÄiÄ,,,,False,5927,2014-07-10
trade,BRK,CLE,player,Ä°lkan Karaman,,,,False,5928,2014-07-10
trade,CLE,BOS,player,Tyler Zeller,,,,False,5929,2014-07-10
trade,CLE,BOS,player,Skal LabissiÃ¨re,,,,False,5930,2014-07-10
trade,CLE,BOS,pick,2016 1st round draft pick,,,,False,5931,2014-07-10
trade,CLE,BRK,player,Jarrett Jack,,,,False,5932,2014-07-10
trade,CLE,BRK,player,Sergey Karasev,,,,False,5933,2014-07-10
trade,TOR,UTA,player,Steve Novak,,,,False,5934,2014-07-10
trade,TOR,UTA,player,Jonah Bolden,,,,False,5935,2014-07-10
trade,TOR,UTA,pick,2017 2nd round draft pick,,,,False,5936,2014-07-10
trade,CLE,NOP,player,Alonzo Gee,,,,False,5937,2014-07-11
trade,CLE,NOP,pick,2016 2nd round draft pick,,,,False,5938,2014-07-11
trade,PHO,SAC,player,Alex Oriakhi,,,,True,5939,2014-07-12
trade,CHI,DAL,player,Greg Smith,,,,False,5940,2014-07-14
trade,CHI,DAL,player,Tadija DragiÄeviÄ,,,,False,5941,2014-07-14
trade,CHI,ORL,player,Anthony Randolph,,,,False,5942,2014-07-14
trade,ATL,OKC,player,Sofoklis Schortsanitis,,,,True,5943,2014-07-15
trade,HOU,NOP,player,Ãmer AÅÄ±k,,,,True,5944,2014-07-15
trade,HOU,NOP,player,Omri Casspi,,,,True,5945,2014-07-15
trade,NOP,HOU,player,Alonzo Gee,,,,True,5946,2014-07-15
trade,NOP,HOU,player,Scotty Hopson,,,,True,5947,2014-07-15
trade,NOP,HOU,player,Sam Dekker,,,,True,5948,2014-07-15
trade,NOP,HOU,pick,2015 1st round draft pick,,,,True,5949,2014-07-15
trade,NOP,WAS,player,Melvin Ely,,,,True,5950,2014-07-15
trade,WAS,HOU,player,Trevor Ariza,,,,True,5951,2014-07-15
trade,HOU,LAL,player,Jeremy Lin,,,,False,5952,2014-07-15
trade,HOU,LAL,player,Larry Nance Jr.,,,,False,5953,2014-07-15
trade,HOU,LAL,pick,2015 1st round draft pick,,,,False,5954,2014-07-15
trade,HOU,LAL,pick,2015 2nd round draft pick,,,,False,5955,2014-07-15
trade,DAL,WAS,player,DeJuan Blair,,,,False,5956,2014-07-16
trade,DAL,WAS,player,Emir PreldÅ¾iÄ,,,,False,5957,2014-07-16
trade,BOS,WAS,player,Kris Humphries,,,,True,5958,2014-07-19
trade,BOS,WAS,pick,2015 2nd round draft pick,,,,True,5959,2014-07-19
trade,CLE,UTA,player,Carrick Felix,,,,False,5960,2014-07-22
trade,CLE,UTA,player,Dani DÃ­ez,,,,False,5961,2014-07-22
trade,CLE,UTA,pick,2015 2nd round draft pick,,,,False,5962,2014-07-22
trade,NYK,SAC,player,Wayne Ellington,,,,False,5963,2014-08-06
trade,NYK,SAC,player,Jeremy Tyler,,,,False,5964,2014-08-06
trade,NYK,SAC,player,Quincy Acy,,,,False,5965,2014-08-06
trade,NYK,SAC,player,Travis Outlaw,,,,False,5966,2014-08-06
trade,CLE,MIN,player,Anthony Bennett,,,,True,5967,2014-08-23
trade,CLE,MIN,player,Andrew Wiggins,,,,True,5968,2014-08-23
trade,CLE,PHI,player,TimothÃ© Luwawu-Cabarrot,,,,True,5969,2014-08-23
trade,CLE,PHI,pick,2016 1st round draft pick,,,,True,5970,2014-08-23
trade,MIN,CLE,player,Kevin Love,,,,True,5971,2014-08-23
trade,MIN,PHI,player,Luc Mbah a Moute,,,,True,5972,2014-08-23
trade,MIN,PHI,player,Alexey Shved,,,,True,5973,2014-08-23
trade,PHI,MIN,player,Thaddeus Young,,,,True,5974,2014-08-23
trade,LAC,MIL,player,Jared Dudley,,,,False,5975,2014-08-26
trade,LAC,MIL,player,OG Anunoby,,,,False,5976,2014-08-26
trade,LAC,MIL,pick,2017 1st round draft pick,,,,False,5977,2014-08-26
trade,LAC,MIL,pick,2016 2nd round draft pick,,,,False,5978,2014-08-26
trade,OKC,PHI,player,Hasheem Thabeet,,,,True,5979,2014-08-26
trade,OKC,PHI,pick,2015 2nd round draft pick,,,,True,5980,2014-08-26
trade,HOU,SAC,player,Alonzo Gee,,,,False,5981,2014-09-17
trade,HOU,SAC,player,Scotty Hopson,,,,False,5982,2014-09-17
trade,HOU,SAC,player,Jason Terry,,,,False,5983,2014-09-17
trade,HOU,SAC,player,Rakeem Christmas,,,,False,5984,2014-09-17
trade,HOU,SAC,player,Chinanu Onuaku,,,,False,5985,2014-09-17
trade,HOU,SAC,pick,2015 2nd round draft pick,,,,False,5986,2014-09-17
trade,HOU,SAC,pick,2016 2nd round draft pick,,,,False,5987,2014-09-17
trade,BOS,CLE,player,Keith Bogans,,,,False,5988,2014-09-25
trade,BOS,CLE,pick,2015 2nd round draft pick,,,,False,5989,2014-09-25
trade,BOS,CLE,pick,2017 2nd round draft pick,,,,False,5990,2014-09-25
trade,BOS,CLE,pick,2016 2nd round draft pick,,,,False,5991,2014-09-25
trade,BOS,CLE,pick,2017 2nd round draft pick,,,,False,5992,2014-09-25
trade,CLE,PHI,player,Keith Bogans,,,,False,5993,2014-09-27
trade,CLE,PHI,player,Arnoldas Kulboka,,,,False,5994,2014-09-27
trade,CLE,PHI,pick,2018 2nd round draft pick,,,,False,5995,2014-09-27
trade,CLE,PHI,pick,2015 2nd round draft pick,,,,False,5996,2014-09-27
trade,BOS,DET,player,Joel Anthony,,,,False,5997,2014-10-17
trade,BOS,DET,player,Will Bynum,,,,False,5998,2014-10-17
trade,BRK,PHI,player,Marquis Teague,,,,False,5999,2014-10-24
trade,BRK,PHI,player,Admiral Schofield,,,,False,6000,2014-10-24
trade,BRK,PHI,pick,2019 2nd round draft pick,,,,False,6001,2014-10-24
trade,NYK,PHI,player,Travis Outlaw,,,,False,6002,2014-10-27
trade,NYK,PHI,player,Isaac Bonga,,,,False,6003,2014-10-27
trade,NYK,PHI,player,Nicolas Claxton,,,,False,6004,2014-10-27
trade,NYK,PHI,pick,2018 2nd round draft pick,,,,False,6005,2014-10-27
trade,NYK,PHI,pick,2019 2nd round draft pick,,,,False,6006,2014-10-27
trade,BRK,PHI,player,Jorge GutiÃ©rrez,,,,False,6007,2014-12-10
trade,BRK,PHI,player,Andrei Kirilenko,,,,False,6008,2014-12-10
trade,BRK,PHI,player,Khyri Thomas,,,,False,6009,2014-12-10
trade,BRK,PHI,player,Yam Madar,,,,False,6010,2014-12-10
trade,BRK,PHI,pick,2018 2nd round draft pick,,,,False,6011,2014-12-10
trade,BRK,PHI,pick,2020 2nd round draft pick,,,,False,6012,2014-12-10
trade,BRK,PHI,pick,2018 2nd round draft pick,,,,False,6013,2014-12-10
trade,BOS,DAL,player,Dwight Powell,,,,True,6014,2014-12-18
trade,BOS,DAL,player,Rajon Rondo,,,,True,6015,2014-12-18
trade,BOS,DAL,player,Jae Crowder,,,,True,6016,2014-12-18
trade,BOS,DAL,player,Jameer Nelson,,,,True,6017,2014-12-18
trade,BOS,DAL,player,Brandan Wright,,,,True,6018,2014-12-18
trade,BOS,DAL,player,Guerschon Yabusele,,,,True,6019,2014-12-18
trade,BOS,DAL,player,Demetrius Jackson,,,,True,6020,2014-12-18
trade,BOS,DAL,pick,2016 1st round draft pick,,,,True,6021,2014-12-18
trade,BOS,DAL,pick,2016 2nd round draft pick,,,,True,6022,2014-12-18
trade,HOU,MIN,player,Troy Daniels,,,,False,6023,2014-12-19
trade,HOU,MIN,player,Rakeem Christmas,,,,False,6024,2014-12-19
trade,HOU,MIN,pick,2015 2nd round draft pick,,,,False,6025,2014-12-19
trade,HOU,MIN,pick,2016 2nd round draft pick,,,,False,6026,2014-12-19
trade,HOU,PHI,player,Sergei Lishouk,,,,False,6027,2014-12-19
trade,HOU,PHI,player,J.P. Tokoto,,,,False,6028,2014-12-19
trade,HOU,PHI,pick,2015 2nd round draft pick,,,,False,6029,2014-12-19
trade,MIN,HOU,player,Corey Brewer,,,,False,6030,2014-12-19
trade,MIN,PHI,player,Ronny Turiaf,,,,False,6031,2014-12-19
trade,PHI,HOU,player,Alexey Shved,,,,False,6032,2014-12-19
trade,DET,PHO,player,Tony Mitchell,,,,False,6033,2014-12-24
trade,DET,PHO,player,Anthony Tolliver,,,,False,6034,2014-12-24
trade,CLE,NYK,player,Lou Amundson,,,,False,6035,2015-01-05
trade,CLE,NYK,player,Alex Kirk,,,,False,6036,2015-01-05
trade,CLE,NYK,player,Carsen Edwards,,,,False,6037,2015-01-05
trade,CLE,NYK,pick,2019 2nd round draft pick,,,,False,6038,2015-01-05
trade,CLE,OKC,player,Dion Waiters,,,,False,6039,2015-01-05
trade,NYK,CLE,player,Iman Shumpert,,,,False,6040,2015-01-05
trade,NYK,CLE,player,J.R. Smith,,,,False,6041,2015-01-05
trade,OKC,CLE,player,Furkan Korkmaz,,,,False,6042,2015-01-05
trade,OKC,CLE,pick,2016 1st round draft pick,,,,False,6043,2015-01-05
trade,OKC,NYK,player,Lance Thomas,,,,False,6044,2015-01-05
trade,LAC,PHI,player,Cenk Akyol,,,,False,6045,2015-01-07
trade,LAC,PHI,player,Jared Cunningham,,,,False,6046,2015-01-07
trade,LAC,PHI,player,Sergei Lishouk,,,,False,6047,2015-01-07
trade,CLE,DEN,player,Furkan Korkmaz,,,,False,6048,2015-01-07
trade,CLE,DEN,player,Harry Giles,,,,False,6049,2015-01-07
trade,CLE,DEN,pick,2016 1st round draft pick,,,,False,6050,2015-01-07
trade,CLE,DEN,pick,2017 1st round draft pick,,,,False,6051,2015-01-07
trade,CLE,DEN,pick,2015 2nd round draft pick,,,,False,6052,2015-01-07
trade,BOS,PHO,player,Brandan Wright,,,,False,6053,2015-01-09
trade,BOS,PHO,player,Rade Zagorac,,,,False,6054,2015-01-09
trade,BOS,PHO,player,Semi Ojeleye,,,,False,6055,2015-01-09
trade,BOS,PHO,pick,2016 2nd round draft pick,,,,False,6056,2015-01-09
trade,BOS,PHO,pick,2017 2nd round draft pick,,,,False,6057,2015-01-09
trade,BOS,MEM,player,Jeff Green,,,,False,6058,2015-01-12
trade,MEM,BOS,player,Tayshaun Prince,,,,False,6059,2015-01-12
trade,MEM,BOS,player,Aaron Nesmith,,,,False,6060,2015-01-12
trade,MEM,BOS,pick,2020 1st round draft pick,,,,False,6061,2015-01-12
trade,MEM,NOP,player,Quincy Pondexter,,,,False,6062,2015-01-12
trade,MEM,NOP,player,Branden Dawson,,,,False,6063,2015-01-12
trade,MEM,NOP,pick,2015 2nd round draft pick,,,,False,6064,2015-01-12
trade,NOP,BOS,player,Austin Rivers,,,,False,6065,2015-01-12
trade,NOP,MEM,player,Russ Smith,,,,False,6066,2015-01-12
trade,BOS,DEN,player,Jameer Nelson,,,,False,6067,2015-01-13
trade,BOS,DEN,player,Nate Robinson,,,,False,6068,2015-01-13
trade,BOS,LAC,player,Austin Rivers,,,,False,6069,2015-01-15
trade,LAC,BOS,player,Chris Douglas-Roberts,,,,False,6070,2015-01-15
trade,LAC,BOS,player,Jabari Bird,,,,False,6071,2015-01-15
trade,LAC,BOS,pick,2017 2nd round draft pick,,,,False,6072,2015-01-15
trade,LAC,PHO,player,Reggie Bullock,,,,False,6073,2015-01-15
trade,PHO,BOS,player,Shavlik Randolph,,,,False,6074,2015-01-15
trade,CHO,MIN,player,Gary Neal,,,,False,6075,2015-02-10
trade,CHO,MIN,player,Jaylen Nowell,,,,False,6076,2015-02-10
trade,CHO,MIN,pick,2019 2nd round draft pick,,,,False,6077,2015-02-10
trade,ATL,MIN,player,Adreian Payne,,,,False,6078,2015-02-10
trade,ATL,MIN,player,Kevin Huerter,,,,False,6079,2015-02-10
trade,ATL,MIN,pick,2018 1st round draft pick,,,,False,6080,2015-02-10
trade,BRK,MIN,player,Kevin Garnett,,,,False,6081,2015-02-19
trade,BRK,MIN,player,Thaddeus Young,,,,False,6082,2015-02-19
trade,MIA,NOP,player,Norris Cole,,,,False,6083,2015-02-19
trade,MIA,NOP,player,Justin Hamilton,,,,False,6084,2015-02-19
trade,MIA,NOP,player,Shawne Williams,,,,False,6085,2015-02-19
trade,MIA,PHO,player,Danny Granger,,,,False,6086,2015-02-19
trade,MIA,PHO,player,Tre Mann,,,,False,6087,2015-02-19
trade,MIA,PHO,pick,2017 1st round draft pick,,,,False,6088,2015-02-19
trade,MIA,PHO,pick,2021 1st round draft pick,,,,False,6089,2015-02-19
trade,NOP,PHO,player,John Salmons,,,,False,6090,2015-02-19
trade,PHO,MIA,player,Goran DragiÄ,,,,False,6091,2015-02-19
trade,PHO,MIA,player,Zoran DragiÄ,,,,False,6092,2015-02-19
trade,MIL,PHO,player,Brandon Knight,,,,False,6093,2015-02-19
trade,MIL,PHO,player,Kendall Marshall,,,,False,6094,2015-02-19
trade,PHI,MIL,player,Michael Carter-Williams,,,,False,6095,2015-02-19
trade,PHO,MIL,player,Tyler Ennis,,,,False,6096,2015-02-19
trade,PHO,MIL,player,Miles Plumlee,,,,False,6097,2015-02-19
trade,PHO,PHI,player,Mikal Bridges,,,,False,6098,2015-02-19
trade,PHO,PHI,pick,2018 1st round draft pick,,,,False,6099,2015-02-19
trade,DET,OKC,player,D.J. Augustin,,,,False,6100,2015-02-19
trade,DET,OKC,player,Kyle Singler,,,,False,6101,2015-02-19
trade,DET,OKC,player,Isaiah Roby,,,,False,6102,2015-02-19
trade,DET,OKC,pick,2019 2nd round draft pick,,,,False,6103,2015-02-19
trade,DET,UTA,player,Thomas Bryant,,,,False,6104,2015-02-19
trade,DET,UTA,pick,2017 2nd round draft pick,,,,False,6105,2015-02-19
trade,OKC,DET,player,Reggie Jackson,,,,False,6106,2015-02-19
trade,OKC,UTA,player,Grant Jerrett,,,,False,6107,2015-02-19
trade,OKC,UTA,player,Kendrick Perkins,,,,False,6108,2015-02-19
trade,OKC,UTA,player,Tibor PleiÃ,,,,False,6109,2015-02-19
trade,OKC,UTA,player,Josh Okogie,,,,False,6110,2015-02-19
trade,OKC,UTA,pick,2018 1st round draft pick,,,,False,6111,2015-02-19
trade,UTA,OKC,player,Enes Kanter,,,,False,6112,2015-02-19
trade,UTA,OKC,player,Steve Novak,,,,False,6113,2015-02-19
trade,BOS,DET,player,Tayshaun Prince,,,,False,6114,2015-02-19
trade,BOS,PHO,player,Marcus Thornton,,,,False,6115,2015-02-19
trade,BOS,PHO,player,Skal LabissiÃ¨re,,,,False,6116,2015-02-19
trade,BOS,PHO,pick,2016 1st round draft pick,,,,False,6117,2015-02-19
trade,DET,BOS,player,Gigi Datome,,,,False,6118,2015-02-19
trade,DET,BOS,player,Jonas Jerebko,,,,False,6119,2015-02-19
trade,PHO,BOS,player,Isaiah Thomas,,,,False,6120,2015-02-19
trade,DEN,POR,player,Arron Afflalo,,,,False,6121,2015-02-19
trade,DEN,POR,player,Alonzo Gee,,,,False,6122,2015-02-19
trade,DEN,POR,player,Will Barton,,,,False,6123,2015-02-19
trade,DEN,POR,player,Victor Claver,,,,False,6124,2015-02-19
trade,DEN,POR,player,Thomas Robinson,,,,False,6125,2015-02-19
trade,DEN,POR,player,Malik Beasley,,,,False,6126,2015-02-19
trade,DEN,POR,pick,2016 1st round draft pick,,,,False,6127,2015-02-19
trade,HOU,NYK,player,Alexey Shved,,,,False,6128,2015-02-19
trade,HOU,NYK,player,Ognjen Jaramaz,,,,False,6129,2015-02-19
trade,HOU,NYK,player,Kyle Guy,,,,False,6130,2015-02-19
trade,HOU,NYK,pick,2017 2nd round draft pick,,,,False,6131,2015-02-19
trade,HOU,NYK,pick,2019 2nd round draft pick,,,,False,6132,2015-02-19
trade,HOU,PHI,player,Isaiah Canaan,,,,False,6133,2015-02-19
trade,HOU,PHI,player,Richaun Holmes,,,,False,6134,2015-02-19
trade,HOU,PHI,pick,2015 2nd round draft pick,,,,False,6135,2015-02-19
trade,SAC,WAS,player,Ramon Sessions,,,,False,6136,2015-02-19
trade,SAC,WAS,player,Andre Miller,,,,False,6137,2015-02-19
trade,DEN,PHI,player,Chukwudiebere Maduabum,,,,False,6138,2015-02-19
trade,DEN,PHI,player,JaVale McGee,,,,False,6139,2015-02-19
trade,DEN,PHI,player,Furkan Korkmaz,,,,False,6140,2015-02-19
trade,DEN,PHI,pick,2016 1st round draft pick,,,,False,6141,2015-02-19
trade,NOP,OKC,player,Ish Smith,,,,False,6142,2015-02-19
trade,NOP,OKC,player,Latavious Williams,,,,False,6143,2015-02-19
trade,NOP,OKC,pick,2016 2nd round draft pick,,,,False,6144,2015-02-19
trade,NOP,OKC,pick,2015 2nd round draft pick,,,,False,6145,2015-02-19
trade,DET,MIL,player,Caron Butler,,,,False,6146,2015-06-11
trade,DET,MIL,player,Shawne Williams,,,,False,6147,2015-06-11
trade,DET,MIL,player,Ersan Ä°lyasova,,,,False,6148,2015-06-11
trade,CHO,LAC,player,Lance Stephenson,,,,False,6149,2015-06-15
trade,CHO,LAC,player,Matt Barnes,,,,False,6150,2015-06-15
trade,CHO,LAC,player,Spencer Hawes,,,,False,6151,2015-06-15
trade,CHO,POR,player,Gerald Henderson,,,,False,6152,2015-06-24
trade,CHO,POR,player,Noah Vonleh,,,,False,6153,2015-06-24
trade,CHO,POR,player,Nicolas Batum,,,,False,6154,2015-06-24
trade,BRK,POR,player,Pat Connaughton,,,,False,6155,2015-06-25
trade,BRK,POR,player,Mason Plumlee,,,,False,6156,2015-06-25
trade,BRK,POR,player,Steve Blake,,,,False,6157,2015-06-25
trade,BRK,POR,player,Rondae Hollis-Jefferson,,,,False,6158,2015-06-25
trade,ATL,NYK,player,Jerian Grant,,,,False,6159,2015-06-25
trade,ATL,WAS,player,Kelly Oubre Jr.,,,,False,6160,2015-06-25
trade,NYK,ATL,player,Tim Hardaway Jr.,,,,False,6161,2015-06-25
trade,WAS,ATL,player,Jerian Grant,,,,False,6162,2015-06-25
trade,WAS,ATL,player,Cody Martin,,,,False,6163,2015-06-25
trade,WAS,ATL,pick,2015 1st round draft pick,,,,False,6164,2015-06-25
trade,WAS,ATL,pick,2019 2nd round draft pick,,,,False,6165,2015-06-25
trade,MEM,PHO,player,Jon Leuer,,,,False,6166,2015-06-25
trade,MEM,PHO,player,Andrew Harrison,,,,False,6167,2015-06-25
trade,LAC,NOP,player,Branden Dawson,,,,False,6168,2015-06-25
trade,POR,UTA,player,Dani DÃ­ez,,,,False,6169,2015-06-25
trade,BRK,CHO,player,Arnoldas Kulboka,,,,False,6170,2015-06-25
trade,BRK,CHO,player,Talen Horton-Tucker,,,,False,6171,2015-06-25
trade,BRK,CHO,pick,2018 2nd round draft pick,,,,False,6172,2015-06-25
trade,BRK,CHO,pick,2019 2nd round draft pick,,,,False,6173,2015-06-25
trade,CLE,MIN,player,Tyus Jones,,,,False,6174,2015-06-25
trade,CLE,MIN,player,Rakeem Christmas,,,,False,6175,2015-06-25
trade,CLE,MIN,player,Cedi Osman,,,,False,6176,2015-06-25
trade,CLE,MIN,player,Justin James,,,,False,6177,2015-06-25
trade,CLE,MIN,pick,2015 2nd round draft pick,,,,False,6178,2015-06-25
trade,CLE,MIN,pick,2015 2nd round draft pick,,,,False,6179,2015-06-25
trade,CLE,MIN,pick,2019 2nd round draft pick,,,,False,6180,2015-06-25
trade,CHO,MEM,player,Matt Barnes,,,,False,6181,2015-06-25
trade,CHO,MEM,player,Luke Ridnour,,,,False,6182,2015-06-25
trade,CHO,OKC,player,Luke Ridnour,,,,False,6183,2015-06-25
trade,CHO,OKC,player,Petr Cornelie,,,,False,6184,2015-06-25
trade,CHO,OKC,pick,2016 2nd round draft pick,,,,False,6185,2015-06-25
trade,MEM,ORL,player,JÄnis Timma,,,,False,6186,2015-06-25
trade,MEM,ORL,player,Luke Ridnour,,,,False,6187,2015-06-25
trade,MIL,TOR,player,Norman Powell,,,,False,6188,2015-06-25
trade,MIL,TOR,player,OG Anunoby,,,,False,6189,2015-06-25
trade,MIL,TOR,pick,2017 1st round draft pick,,,,False,6190,2015-06-25
trade,NYK,PHI,player,Tyler Bey,,,,False,6191,2015-06-25
trade,NYK,PHI,player,Filip PetruÅ¡ev,,,,False,6192,2015-06-25
trade,NYK,PHI,pick,2020 2nd round draft pick,,,,False,6193,2015-06-25
trade,NYK,PHI,pick,2021 2nd round draft pick,,,,False,6194,2015-06-25
trade,NYK,PHI,pick,2015 2nd round draft pick,,,,False,6195,2015-06-25
trade,OKC,TOR,player,Luke Ridnour,,,,True,6196,2015-06-30
trade,DET,PHO,player,Xavier Tillman Sr.,,,,False,6197,2015-07-09
trade,DET,PHO,pick,2020 2nd round draft pick,,,,False,6198,2015-07-09
trade,MIL,WAS,player,Jared Dudley,,,,False,6199,2015-07-09
trade,MIL,WAS,player,Elijah Hughes,,,,False,6200,2015-07-09
trade,MIL,WAS,pick,2020 2nd round draft pick,,,,False,6201,2015-07-09
trade,PHI,SAC,player,ArtÅ«ras Gudaitis,,,,False,6202,2015-07-09
trade,PHI,SAC,player,Luka MitroviÄ,,,,False,6203,2015-07-09
trade,PHI,SAC,player,De'Aaron Fox,,,,False,6204,2015-07-09
trade,PHI,SAC,pick,2017 1st round draft pick,,,,False,6205,2015-07-09
trade,PHI,SAC,pick,2017 1st round draft pick,,,,False,6206,2015-07-09
trade,PHI,SAC,pick,2019 1st round draft pick,,,,False,6207,2015-07-09
trade,SAC,SAS,player,Ray McCallum,,,,False,6208,2015-07-09
trade,SAC,SAS,player,Isaiah Cousins,,,,False,6209,2015-07-09
trade,SAC,SAS,pick,2016 2nd round draft pick,,,,False,6210,2015-07-09
trade,DAL,MIL,player,Zaza Pachulia,,,,False,6211,2015-07-09
trade,DAL,MIL,pick,2018 2nd round draft pick,,,,False,6212,2015-07-09
trade,ATL,SAS,player,Georgios Printezis,,,,False,6213,2015-07-09
trade,ATL,SAS,pick,2017 2nd round draft pick,,,,False,6214,2015-07-09
trade,NYK,ORL,player,Carsen Edwards,,,,False,6215,2015-07-09
trade,NYK,ORL,pick,2019 2nd round draft pick,,,,False,6216,2015-07-09
trade,NYK,ORL,pick,2019 2nd round draft pick,,,,False,6217,2015-07-09
trade,IND,LAL,player,Roy Hibbert,,,,False,6218,2015-07-09
trade,IND,LAL,player,Eric Paschall,,,,False,6219,2015-07-09
trade,IND,LAL,pick,2019 2nd round draft pick,,,,False,6220,2015-07-09
trade,BOS,GSW,player,Chris Babb,,,,False,6221,2015-07-09
trade,BOS,GSW,player,Gerald Wallace,,,,False,6222,2015-07-09
trade,BOS,GSW,player,David Lee,,,,False,6223,2015-07-09
trade,IND,MIN,player,Damjan RudeÅ¾,,,,False,6224,2015-07-11
trade,IND,MIN,player,Chase Budinger,,,,False,6225,2015-07-11
trade,BRK,DET,player,Steve Blake,,,,False,6226,2015-07-13
trade,BRK,DET,player,Quincy Miller,,,,False,6227,2015-07-13
trade,ORL,POR,player,Maurice Harkless,,,,False,6228,2015-07-14
trade,ORL,POR,pick,2020 2nd round draft pick,,,,False,6229,2015-07-14
trade,BOS,OKC,player,Kevin Hervey,,,,False,6230,2015-07-14
trade,BOS,OKC,pick,2018 2nd round draft pick,,,,False,6231,2015-07-14
trade,BOS,OKC,pick,2019 2nd round draft pick,,,,False,6232,2015-07-14
trade,DEN,HOU,player,Ty Lawson,,,,False,6233,2015-07-20
trade,DEN,HOU,player,Isaiah Hartenstein,,,,False,6234,2015-07-20
trade,DEN,HOU,pick,2017 2nd round draft pick,,,,False,6235,2015-07-20
trade,DEN,HOU,pick,2016 1st round draft pick,,,,False,6236,2015-07-20
trade,CLE,IND,player,Rakeem Christmas,,,,False,6237,2015-07-23
trade,CLE,IND,player,Eric Paschall,,,,False,6238,2015-07-23
trade,CLE,IND,pick,2019 2nd round draft pick,,,,False,6239,2015-07-23
trade,CLE,POR,player,Brendan Haywood,,,,False,6240,2015-07-27
trade,CLE,POR,player,Mike Miller,,,,False,6241,2015-07-27
trade,CLE,POR,player,Justin James,,,,False,6242,2015-07-27
trade,CLE,POR,player,Vernon Carey Jr.,,,,False,6243,2015-07-27
trade,CLE,POR,pick,2019 2nd round draft pick,,,,False,6244,2015-07-27
trade,CLE,POR,pick,2020 2nd round draft pick,,,,False,6245,2015-07-27
trade,BOS,MIA,player,Zoran DragiÄ,,,,False,6246,2015-07-27
trade,BOS,MIA,player,Skylar Mays,,,,False,6247,2015-07-27
trade,BOS,MIA,pick,2019 2nd round draft pick,,,,False,6248,2015-07-27
trade,BOS,MIA,pick,2020 2nd round draft pick,,,,False,6249,2015-07-27
trade,MIA,ORL,player,Shabazz Napier,,,,False,6250,2015-07-27
trade,MIA,ORL,pick,2016 2nd round draft pick,,,,False,6251,2015-07-27
trade,GSW,PHI,player,Gerald Wallace,,,,False,6252,2015-07-31
trade,GSW,PHI,player,Jason Thompson,,,,False,6253,2015-07-31
trade,MEM,MIA,player,Jarnell Stokes,,,,False,6254,2015-11-10
trade,MEM,MIA,player,Beno Udrih,,,,False,6255,2015-11-10
trade,MEM,MIA,player,Mario Chalmers,,,,False,6256,2015-11-10
trade,MEM,MIA,player,James Ennis,,,,False,6257,2015-11-10
trade,NOP,PHI,player,Ish Smith,,,,False,6258,2015-12-24
trade,NOP,PHI,player,David Michineau,,,,False,6259,2015-12-24
trade,NOP,PHI,player,Frank Mason III,,,,False,6260,2015-12-24
trade,NOP,PHI,pick,2016 2nd round draft pick,,,,False,6261,2015-12-24
trade,NOP,PHI,pick,2017 2nd round draft pick,,,,False,6262,2015-12-24
trade,CLE,ORL,player,Joe Harris,,,,False,6263,2016-01-12
trade,CLE,ORL,pick,2017 2nd round draft pick,,,,False,6264,2016-01-12
trade,CLE,ORL,pick,2020 2nd round draft pick,,,,False,6265,2016-01-12
trade,HOU,LAC,player,Maarty Leunen,,,,False,6266,2016-01-22
trade,HOU,LAC,player,Sergei Lishouk,,,,False,6267,2016-01-22
trade,HOU,LAC,player,Josh Smith,,,,False,6268,2016-01-22
trade,CHO,MEM,player,P.J. Hairston,,,,False,6269,2016-02-16
trade,CHO,MEM,player,Jarred Vanderbilt,,,,False,6270,2016-02-16
trade,CHO,MEM,player,Talen Horton-Tucker,,,,False,6271,2016-02-16
trade,CHO,MEM,pick,2018 2nd round draft pick,,,,False,6272,2016-02-16
trade,CHO,MEM,pick,2019 2nd round draft pick,,,,False,6273,2016-02-16
trade,CHO,MIA,player,Brian Roberts,,,,False,6274,2016-02-16
trade,MEM,CHO,player,Courtney Lee,,,,False,6275,2016-02-16
trade,MIA,MEM,player,Chris Andersen,,,,False,6276,2016-02-16
trade,MIA,MEM,player,De'Anthony Melton,,,,False,6277,2016-02-16
trade,MIA,MEM,pick,2018 2nd round draft pick,,,,False,6278,2016-02-16
trade,MIA,MEM,pick,2019 2nd round draft pick,,,,False,6279,2016-02-16
trade,DET,ORL,player,Ersan Ä°lyasova,,,,False,6280,2016-02-16
trade,DET,ORL,player,Brandon Jennings,,,,False,6281,2016-02-16
trade,DET,ORL,player,Tobias Harris,,,,False,6282,2016-02-16
trade,PHO,WAS,player,Markieff Morris,,,,False,6283,2016-02-18
trade,PHO,WAS,player,DeJuan Blair,,,,False,6284,2016-02-18
trade,PHO,WAS,player,Kris Humphries,,,,False,6285,2016-02-18
trade,PHO,WAS,player,Georgios Papagiannis,,,,False,6286,2016-02-18
trade,PHO,WAS,pick,2016 1st round draft pick,,,,False,6287,2016-02-18
trade,MIA,POR,player,Brian Roberts,,,,False,6288,2016-02-18
trade,MIA,POR,player,Sharife Cooper,,,,False,6289,2016-02-18
trade,MIA,POR,pick,2021 2nd round draft pick,,,,False,6290,2016-02-18
trade,LAC,MEM,player,Lance Stephenson,,,,False,6291,2016-02-18
trade,LAC,MEM,player,Matisse Thybulle,,,,False,6292,2016-02-18
trade,LAC,MEM,pick,2019 1st round draft pick,,,,False,6293,2016-02-18
trade,CLE,ORL,player,Jared Cunningham,,,,False,6294,2016-02-18
trade,CLE,POR,player,Anderson VarejÃ£o,,,,False,6295,2016-02-18
trade,CLE,POR,player,Moritz Wagner,,,,False,6296,2016-02-18
trade,CLE,POR,pick,2018 1st round draft pick,,,,False,6297,2016-02-18
trade,ORL,CLE,player,Channing Frye,,,,False,6298,2016-02-18
trade,POR,ORL,player,Vernon Carey Jr.,,,,False,6299,2016-02-18
trade,POR,ORL,pick,2020 2nd round draft pick,,,,False,6300,2016-02-18
trade,DEN,OKC,player,Randy Foye,,,,False,6301,2016-02-18
trade,DEN,OKC,player,D.J. Augustin,,,,False,6302,2016-02-18
trade,DEN,OKC,player,Steve Novak,,,,False,6303,2016-02-18
trade,DEN,OKC,player,Petr Cornelie,,,,False,6304,2016-02-18
trade,DEN,OKC,player,Daniel Hamilton,,,,False,6305,2016-02-18
trade,DEN,OKC,pick,2016 2nd round draft pick,,,,False,6306,2016-02-18
trade,DEN,OKC,pick,2016 2nd round draft pick,,,,False,6307,2016-02-18
trade,ATL,CHI,player,Justin Holiday,,,,False,6308,2016-02-18
trade,ATL,UTA,player,Shelvin Mack,,,,False,6309,2016-02-18
trade,CHI,ATL,player,Kirk Hinrich,,,,False,6310,2016-02-18
trade,UTA,CHI,player,Sviatoslav Mykhailiuk,,,,False,6311,2016-02-18
trade,UTA,CHI,pick,2018 2nd round draft pick,,,,False,6312,2016-02-18
trade,MIA,NOP,player,Jarnell Stokes,,,,False,6313,2016-02-18
trade,MIA,NOP,pick,2018 2nd round draft pick,,,,False,6314,2016-02-18
trade,CHI,DET,player,Cameron Bairstow,,,,False,6315,2016-06-17
trade,CHI,DET,player,Spencer Dinwiddie,,,,False,6316,2016-06-17
trade,CHI,NYK,player,Justin Holiday,,,,False,6317,2016-06-22
trade,CHI,NYK,player,Derrick Rose,,,,False,6318,2016-06-22
trade,CHI,NYK,player,Damyean Dotson,,,,False,6319,2016-06-22
trade,CHI,NYK,pick,2017 2nd round draft pick,,,,False,6320,2016-06-22
trade,OKC,ORL,player,Serge Ibaka,,,,False,6321,2016-06-23
trade,OKC,ORL,player,Ersan Ä°lyasova,,,,False,6322,2016-06-23
trade,OKC,ORL,player,Victor Oladipo,,,,False,6323,2016-06-23
trade,OKC,ORL,player,Domantas Sabonis,,,,False,6324,2016-06-23
trade,PHO,SAC,player,Bogdan BogdanoviÄ,,,,False,6325,2016-06-23
trade,PHO,SAC,player,Skal LabissiÃ¨re,,,,False,6326,2016-06-23
trade,PHO,SAC,player,Georgios Papagiannis,,,,False,6327,2016-06-23
trade,PHO,SAC,player,Xavier Tillman Sr.,,,,False,6328,2016-06-23
trade,PHO,SAC,pick,2020 2nd round draft pick,,,,False,6329,2016-06-23
trade,BOS,MEM,player,Deyonta Davis,,,,False,6330,2016-06-23
trade,BOS,MEM,player,Rade Zagorac,,,,False,6331,2016-06-23
trade,BOS,MEM,player,Matisse Thybulle,,,,False,6332,2016-06-23
trade,BOS,MEM,pick,2019 1st round draft pick,,,,False,6333,2016-06-23
trade,LAC,NOP,player,Cheick Diallo,,,,False,6334,2016-06-23
trade,LAC,NOP,player,David Michineau,,,,False,6335,2016-06-23
trade,LAC,NOP,player,Diamond Stone,,,,False,6336,2016-06-23
trade,GSW,MIL,player,Patrick McCaw,,,,False,6337,2016-06-23
trade,BRK,UTA,player,Marcus Paige,,,,False,6338,2016-06-23
trade,ORL,POR,player,Jake Layman,,,,False,6339,2016-06-23
trade,ORL,POR,player,Jaylen Hands,,,,False,6340,2016-06-23
trade,ORL,POR,pick,2019 2nd round draft pick,,,,False,6341,2016-06-23
trade,ATL,CLE,player,Kay Felder,,,,False,6342,2016-06-23
trade,DEN,OKC,player,Daniel Hamilton,,,,False,6343,2016-06-23
trade,DET,ORL,player,Jodie Meeks,,,,False,6344,2016-06-29
trade,DET,ORL,player,Jaylen Hands,,,,False,6345,2016-06-29
trade,DET,ORL,pick,2019 2nd round draft pick,,,,False,6346,2016-06-29
trade,CHO,SAC,player,Malachi Richardson,,,,False,6347,2016-07-07
trade,CHO,SAC,player,Marco Belinelli,,,,False,6348,2016-07-07
trade,DAL,GSW,player,Andrew Bogut,,,,False,6349,2016-07-07
trade,DAL,GSW,player,Tyrell Terry,,,,False,6350,2016-07-07
trade,DAL,GSW,pick,2019 2nd round draft pick,,,,False,6351,2016-07-07
trade,DAL,GSW,pick,2020 2nd round draft pick,,,,False,6352,2016-07-07
trade,BRK,IND,player,Thaddeus Young,,,,False,6353,2016-07-07
trade,BRK,IND,player,Caris LeVert,,,,False,6354,2016-07-07
trade,BRK,IND,player,Kessler Edwards,,,,False,6355,2016-07-07
trade,BRK,IND,pick,2021 2nd round draft pick,,,,False,6356,2016-07-07
trade,ORL,POR,player,Shabazz Napier,,,,False,6357,2016-07-07
trade,ATL,IND,player,Jeff Teague,,,,False,6358,2016-07-07
trade,IND,UTA,player,George Hill,,,,False,6359,2016-07-07
trade,UTA,ATL,player,Taurean Prince,,,,False,6360,2016-07-07
trade,DAL,IND,player,Jeremy Evans,,,,False,6361,2016-07-07
trade,DAL,IND,player,Emir PreldÅ¾iÄ,,,,False,6362,2016-07-07
trade,UTA,WAS,player,Trey Burke,,,,False,6363,2016-07-07
trade,UTA,WAS,player,Greg Brown III,,,,False,6364,2016-07-07
trade,UTA,WAS,pick,2021 2nd round draft pick,,,,False,6365,2016-07-07
trade,CHI,LAL,player,JosÃ© CalderÃ³n,,,,False,6366,2016-07-07
trade,CHI,LAL,player,Sviatoslav Mykhailiuk,,,,False,6367,2016-07-07
trade,CHI,LAL,player,Bruno Fernando,,,,False,6368,2016-07-07
trade,CHI,LAL,pick,2018 2nd round draft pick,,,,False,6369,2016-07-07
trade,CHI,LAL,pick,2019 2nd round draft pick,,,,False,6370,2016-07-07
trade,CHI,CLE,player,Mike Dunleavy,,,,False,6371,2016-07-07
trade,CHI,CLE,player,Vladimir Veremeenko,,,,False,6372,2016-07-07
trade,CHI,CLE,player,Albert Miralles,,,,False,6373,2016-07-07
trade,CLE,MIL,player,Matthew Dellavedova,,,,True,6374,2016-07-07
trade,CLE,MIL,player,Albert Miralles,,,,True,6375,2016-07-07
trade,SAS,UTA,player,Boris Diaw,,,,False,6376,2016-07-08
trade,SAS,UTA,player,Khalifa Diop,,,,False,6377,2016-07-08
trade,SAS,UTA,pick,2022 2nd round draft pick,,,,False,6378,2016-07-08
trade,MIA,NOP,player,Tony Carr,,,,False,6379,2016-07-10
trade,MIA,NOP,pick,2018 2nd round draft pick,,,,False,6380,2016-07-10
trade,CHO,MEM,player,Troy Daniels,,,,True,6381,2016-07-12
trade,LAC,ORL,player,C.J. Wilcox,,,,False,6382,2016-07-15
trade,LAC,ORL,pick,2020 2nd round draft pick,,,,False,6383,2016-07-15
trade,CLE,PHI,player,Sasha Kaun,,,,False,6384,2016-07-15
trade,PHI,UTA,player,Kendall Marshall,,,,False,6385,2016-08-26
trade,PHI,UTA,player,Tibor PleiÃ,,,,False,6386,2016-08-26
trade,PHI,UTA,player,Jonah Bolden,,,,False,6387,2016-08-26
trade,PHI,UTA,player,Alpha Kaba,,,,False,6388,2016-08-26
trade,PHI,UTA,pick,2017 2nd round draft pick,,,,False,6389,2016-08-26
trade,PHI,UTA,pick,2017 2nd round draft pick,,,,False,6390,2016-08-26
trade,DEN,OKC,player,Joffrey Lauvergne,,,,False,6391,2016-08-30
trade,DEN,OKC,player,Vlatko ÄanÄar,,,,False,6392,2016-08-30
trade,DEN,OKC,player,Monte Morris,,,,False,6393,2016-08-30
trade,DEN,OKC,pick,2017 2nd round draft pick,,,,False,6394,2016-08-30
trade,DEN,OKC,pick,2017 2nd round draft pick,,,,False,6395,2016-08-30
trade,HOU,MIL,player,Michael Beasley,,,,False,6396,2016-09-22
trade,HOU,MIL,player,Tyler Ennis,,,,False,6397,2016-09-22
trade,CHI,MIL,player,Tony Snell,,,,False,6398,2016-10-17
trade,CHI,MIL,player,Michael Carter-Williams,,,,False,6399,2016-10-17
trade,OKC,PHI,player,Ersan Ä°lyasova,,,,False,6400,2016-11-01
trade,OKC,PHI,player,Tyrese Maxey,,,,False,6401,2016-11-01
trade,OKC,PHI,pick,2020 1st round draft pick,,,,False,6402,2016-11-01
trade,CLE,POR,player,Caleb Swanigan,,,,False,6403,2017-01-06
trade,CLE,POR,pick,2017 1st round draft pick,,,,False,6404,2017-01-06
trade,CLE,POR,pick,2018 1st round draft pick,,,,False,6405,2017-01-06
trade,ATL,CLE,player,Kyle Korver,,,,False,6406,2017-01-07
trade,ATL,CLE,player,Mike Dunleavy,,,,False,6407,2017-01-07
trade,ATL,CLE,player,Mo Williams,,,,False,6408,2017-01-07
trade,ATL,CLE,player,Herbert Jones,,,,False,6409,2017-01-07
trade,ATL,CLE,player,Vince Williams Jr.,,,,False,6410,2017-01-07
trade,ATL,CLE,pick,2021 2nd round draft pick,,,,False,6411,2017-01-07
trade,ATL,CLE,pick,2022 2nd round draft pick,,,,False,6412,2017-01-07
trade,ATL,DEN,player,Mo Williams,,,,True,6413,2017-01-18
trade,CHO,MIL,player,Spencer Hawes,,,,False,6414,2017-02-02
trade,CHO,MIL,player,Roy Hibbert,,,,False,6415,2017-02-02
trade,CHO,MIL,player,Miles Plumlee,,,,False,6416,2017-02-02
trade,DEN,POR,player,Jusuf NurkiÄ,,,,False,6417,2017-02-13
trade,DEN,POR,player,Harry Giles,,,,False,6418,2017-02-13
trade,DEN,POR,pick,2017 1st round draft pick,,,,False,6419,2017-02-13
trade,DEN,POR,pick,2018 2nd round draft pick,,,,False,6420,2017-02-13
trade,CHO,CLE,player,Chris Andersen,,,,False,6421,2017-02-13
trade,CHO,CLE,pick,2017 2nd round draft pick,,,,False,6422,2017-02-13
trade,ORL,TOR,player,Serge Ibaka,,,,False,6423,2017-02-14
trade,ORL,TOR,player,Terrence Ross,,,,False,6424,2017-02-14
trade,ORL,TOR,player,AnÅ¾ejs PaseÄÅiks,,,,False,6425,2017-02-14
trade,ORL,TOR,pick,2017 1st round draft pick,,,,False,6426,2017-02-14
trade,NOP,SAC,player,Tyreke Evans,,,,False,6427,2017-02-20
trade,NOP,SAC,player,Langston Galloway,,,,False,6428,2017-02-20
trade,NOP,SAC,player,Buddy Hield,,,,False,6429,2017-02-20
trade,NOP,SAC,player,Zach Collins,,,,False,6430,2017-02-20
trade,NOP,SAC,player,Frank Mason III,,,,False,6431,2017-02-20
trade,NOP,SAC,pick,2017 1st round draft pick,,,,False,6432,2017-02-20
trade,NOP,SAC,pick,2017 2nd round draft pick,,,,False,6433,2017-02-20
trade,ATL,PHI,player,Tiago Splitter,,,,False,6434,2017-02-22
trade,ATL,PHI,player,Sterling Brown,,,,False,6435,2017-02-22
trade,ATL,PHI,player,Mathias Lessort,,,,False,6436,2017-02-22
trade,ATL,PHI,pick,2017 2nd round draft pick,,,,False,6437,2017-02-22
trade,ATL,PHI,pick,2017 2nd round draft pick,,,,False,6438,2017-02-22
trade,ATL,PHI,pick,2017 2nd round draft pick,,,,False,6439,2017-02-22
trade,BRK,WAS,player,Bojan BogdanoviÄ,,,,False,6440,2017-02-22
trade,BRK,WAS,player,Chris McCullough,,,,False,6441,2017-02-22
trade,BRK,WAS,player,Andrew Nicholson,,,,False,6442,2017-02-22
trade,BRK,WAS,player,Marcus Thornton,,,,False,6443,2017-02-22
trade,BRK,WAS,player,Jarrett Allen,,,,False,6444,2017-02-22
trade,BRK,WAS,pick,2017 1st round draft pick,,,,False,6445,2017-02-22
trade,CHI,OKC,player,Taj Gibson,,,,False,6446,2017-02-23
trade,CHI,OKC,player,Doug McDermott,,,,False,6447,2017-02-23
trade,CHI,OKC,player,Mitchell Robinson,,,,False,6448,2017-02-23
trade,CHI,OKC,pick,2018 2nd round draft pick,,,,False,6449,2017-02-23
trade,PHO,TOR,player,P.J. Tucker,,,,False,6450,2017-02-23
trade,PHO,TOR,player,Jared Sullinger,,,,False,6451,2017-02-23
trade,PHO,TOR,player,Alec Peters,,,,False,6452,2017-02-23
trade,PHO,TOR,player,George King,,,,False,6453,2017-02-23
trade,PHO,TOR,pick,2017 2nd round draft pick,,,,False,6454,2017-02-23
trade,PHO,TOR,pick,2018 2nd round draft pick,,,,False,6455,2017-02-23
trade,ATL,PHO,player,Cenk Akyol,,,,False,6456,2017-02-23
trade,ATL,PHO,player,Mike Scott,,,,False,6457,2017-02-23
trade,ATL,PHO,pick,2017 2nd round draft pick,,,,False,6458,2017-02-23
trade,HOU,LAL,player,Tyler Ennis,,,,False,6459,2017-02-23
trade,HOU,LAL,player,Brad Newley,,,,False,6460,2017-02-23
trade,HOU,LAL,player,Marcelo Huertas,,,,False,6461,2017-02-23
trade,BRK,HOU,player,K.J. McDaniels,,,,False,6462,2017-02-23
trade,DEN,MIL,player,Jordan Bone,,,,False,6463,2017-02-23
trade,DEN,MIL,pick,2019 2nd round draft pick,,,,False,6464,2017-02-23
trade,DAL,PHI,player,Justin Anderson,,,,False,6465,2017-02-23
trade,DAL,PHI,player,Andrew Bogut,,,,False,6466,2017-02-23
trade,DAL,PHI,player,Jawun Evans,,,,False,6467,2017-02-23
trade,DAL,PHI,player,Nico Mannion,,,,False,6468,2017-02-23
trade,DAL,PHI,pick,2017 2nd round draft pick,,,,False,6469,2017-02-23
trade,DAL,PHI,pick,2020 2nd round draft pick,,,,False,6470,2017-02-23
trade,HOU,LAL,player,Corey Brewer,,,,False,6471,2017-02-23
trade,HOU,LAL,player,Tony Bradley,,,,False,6472,2017-02-23
trade,HOU,LAL,pick,2017 1st round draft pick,,,,False,6473,2017-02-23
trade,BOS,PHI,player,Markelle Fultz,,,,False,6474,2017-06-19
trade,BOS,PHI,pick,2017 1st round draft pick,,,,False,6475,2017-06-19
trade,BOS,PHI,pick,2017 1st round draft pick,,,,False,6476,2017-06-19
trade,BOS,PHI,pick,2019 1st round draft pick,,,,False,6477,2017-06-19
trade,ATL,CHO,player,Dwight Howard,,,,False,6478,2017-06-20
trade,ATL,CHO,player,Frank Jackson,,,,False,6479,2017-06-20
trade,ATL,CHO,pick,2017 2nd round draft pick,,,,False,6480,2017-06-20
trade,ATL,CHO,pick,2017 2nd round draft pick,,,,False,6481,2017-06-20
trade,NOP,WAS,player,Tim Frazier,,,,False,6482,2017-06-21
trade,NOP,WAS,player,Edmond Sumner,,,,False,6483,2017-06-21
trade,NOP,WAS,pick,2017 2nd round draft pick,,,,False,6484,2017-06-21
trade,IND,NOP,player,Edmond Sumner,,,,False,6485,2017-06-22
trade,HOU,MEM,player,Dillon Brooks,,,,False,6486,2017-06-22
trade,HOU,MEM,player,De'Anthony Melton,,,,False,6487,2017-06-22
trade,HOU,MEM,pick,2018 2nd round draft pick,,,,False,6488,2017-06-22
trade,CHI,GSW,player,Jordan Bell,,,,False,6489,2017-06-22
trade,CHO,NOP,player,Frank Jackson,,,,False,6490,2017-06-22
trade,CHO,NOP,player,Dwayne Bacon,,,,False,6491,2017-06-22
trade,LAL,UTA,player,Tony Bradley,,,,False,6492,2017-06-22
trade,LAL,UTA,player,Thomas Bryant,,,,False,6493,2017-06-22
trade,LAL,UTA,player,Josh Hart,,,,False,6494,2017-06-22
trade,MEM,ORL,player,Talen Horton-Tucker,,,,False,6495,2017-06-22
trade,MEM,ORL,pick,2019 2nd round draft pick,,,,False,6496,2017-06-22
trade,ORL,PHI,player,AnÅ¾ejs PaseÄÅiks,,,,False,6497,2017-06-22
trade,ORL,PHI,player,Tyrese Maxey,,,,False,6498,2017-06-22
trade,ORL,PHI,player,Yam Madar,,,,False,6499,2017-06-22
trade,ORL,PHI,pick,2020 1st round draft pick,,,,False,6500,2017-06-22
trade,ORL,PHI,pick,2020 2nd round draft pick,,,,False,6501,2017-06-22
trade,BRK,LAL,player,Kyle Kuzma,,,,False,6502,2017-06-22
trade,BRK,LAL,player,Brook Lopez,,,,False,6503,2017-06-22
trade,BRK,LAL,player,Timofey Mozgov,,,,False,6504,2017-06-22
trade,BRK,LAL,player,D'Angelo Russell,,,,False,6505,2017-06-22
trade,DEN,UTA,player,Donovan Mitchell,,,,False,6506,2017-06-22
trade,DEN,UTA,player,Tyler Lydon,,,,False,6507,2017-06-22
trade,DEN,UTA,player,Trey Lyles,,,,False,6508,2017-06-22
trade,POR,SAC,player,Harry Giles,,,,False,6509,2017-06-22
trade,POR,SAC,player,Justin Jackson,,,,False,6510,2017-06-22
trade,POR,SAC,player,Zach Collins,,,,False,6511,2017-06-22
trade,CHI,MIN,player,Jimmy Butler,,,,False,6512,2017-06-22
trade,CHI,MIN,player,Justin Patton,,,,False,6513,2017-06-22
trade,CHI,MIN,player,Kris Dunn,,,,False,6514,2017-06-22
trade,CHI,MIN,player,Zach LaVine,,,,False,6515,2017-06-22
trade,CHI,MIN,player,Lauri Markkanen,,,,False,6516,2017-06-22
trade,LAC,MIL,player,Sindarius Thornwell,,,,False,6517,2017-06-23
trade,DET,HOU,player,Darrun Hilliard,,,,False,6518,2017-06-28
trade,ATL,HOU,player,Ryan Kelly,,,,False,6519,2017-06-28
trade,HOU,POR,player,Tim Quarterman,,,,False,6520,2017-06-28
trade,DAL,HOU,player,DeAndre Liggins,,,,False,6521,2017-06-28
trade,HOU,LAC,player,Patrick Beverley,,,,False,6522,2017-06-28
trade,HOU,LAC,player,Sam Dekker,,,,False,6523,2017-06-28
trade,HOU,LAC,player,Montrezl Harrell,,,,False,6524,2017-06-28
trade,HOU,LAC,player,Darrun Hilliard,,,,False,6525,2017-06-28
trade,HOU,LAC,player,DeAndre Liggins,,,,False,6526,2017-06-28
trade,HOU,LAC,player,Lou Williams,,,,False,6527,2017-06-28
trade,HOU,LAC,player,Kyle Wiltjer,,,,False,6528,2017-06-28
trade,HOU,LAC,player,Omari Spellman,,,,False,6529,2017-06-28
trade,HOU,LAC,pick,2018 1st round draft pick,,,,False,6530,2017-06-28
trade,HOU,PHI,player,Shawn Long,,,,False,6531,2017-06-28
trade,DAL,HOU,player,Jarrod Uthoff,,,,False,6532,2017-06-29
trade,MIN,UTA,player,Ricky Rubio,,,,False,6533,2017-06-30
trade,MIN,UTA,player,Josh Okogie,,,,False,6534,2017-06-30
trade,MIN,UTA,pick,2018 1st round draft pick,,,,False,6535,2017-06-30
trade,IND,OKC,player,Paul George,,,,False,6536,2017-07-06
trade,IND,OKC,player,Victor Oladipo,,,,False,6537,2017-07-06
trade,IND,OKC,player,Domantas Sabonis,,,,False,6538,2017-07-06
trade,LAC,PHI,player,Jawun Evans,,,,False,6539,2017-07-06
trade,MIL,PHI,player,Sterling Brown,,,,False,6540,2017-07-06
trade,ATL,DEN,player,Cody Martin,,,,False,6541,2017-07-06
trade,ATL,DEN,pick,2019 2nd round draft pick,,,,False,6542,2017-07-06
trade,DEN,LAC,player,Danilo Gallinari,,,,False,6543,2017-07-06
trade,LAC,ATL,player,Jamal Crawford,,,,False,6544,2017-07-06
trade,LAC,ATL,player,Diamond Stone,,,,False,6545,2017-07-06
trade,LAC,ATL,player,Omari Spellman,,,,False,6546,2017-07-06
trade,LAC,ATL,pick,2018 1st round draft pick,,,,False,6547,2017-07-06
trade,BOS,DET,player,Avery Bradley,,,,False,6548,2017-07-07
trade,BOS,DET,player,Isaiah Roby,,,,False,6549,2017-07-07
trade,BOS,DET,pick,2019 2nd round draft pick,,,,False,6550,2017-07-07
trade,DAL,MIA,player,A.J. Hammons,,,,False,6551,2017-07-07
trade,DAL,MIA,player,Josh McRoberts,,,,False,6552,2017-07-07
trade,DAL,MIA,player,Keyontae Johnson,,,,False,6553,2017-07-07
trade,DAL,MIA,pick,2023 2nd round draft pick,,,,False,6554,2017-07-07
trade,BRK,TOR,player,Justin Hamilton,,,,False,6555,2017-07-13
trade,BRK,TOR,player,DeMarre Carroll,,,,False,6556,2017-07-13
trade,BRK,TOR,player,DÅ¾anan Musa,,,,False,6557,2017-07-13
trade,BRK,TOR,player,Rodions Kurucs,,,,False,6558,2017-07-13
trade,BRK,TOR,pick,2018 1st round draft pick,,,,False,6559,2017-07-13
trade,BRK,TOR,pick,2018 2nd round draft pick,,,,False,6560,2017-07-13
trade,IND,TOR,player,Emir PreldÅ¾iÄ,,,,False,6561,2017-07-14
trade,IND,TOR,player,Cory Joseph,,,,False,6562,2017-07-14
trade,NYK,SAC,player,Ignas Brazdeikis,,,,False,6563,2017-07-14
trade,NYK,SAC,pick,2019 2nd round draft pick,,,,False,6564,2017-07-14
trade,BRK,POR,player,Andrew Nicholson,,,,False,6565,2017-07-25
trade,BRK,POR,player,Allen Crabbe,,,,False,6566,2017-07-25
trade,BOS,CLE,player,Jae Crowder,,,,False,6567,2017-08-30
trade,BOS,CLE,player,Isaiah Thomas,,,,False,6568,2017-08-30
trade,BOS,CLE,player,Ante Å½iÅ¾iÄ,,,,False,6569,2017-08-30
trade,BOS,CLE,player,Collin Sexton,,,,False,6570,2017-08-30
trade,BOS,CLE,player,Skylar Mays,,,,False,6571,2017-08-30
trade,BOS,CLE,pick,2018 1st round draft pick,,,,False,6572,2017-08-30
trade,BOS,CLE,pick,2020 2nd round draft pick,,,,False,6573,2017-08-30
trade,CHI,NOP,player,Ater Majok,,,,False,6574,2017-09-01
trade,CHI,NOP,player,Quincy Pondexter,,,,False,6575,2017-09-01
trade,CHI,NOP,player,Tony Carr,,,,False,6576,2017-09-01
trade,CHI,NOP,pick,2018 2nd round draft pick,,,,False,6577,2017-09-01
trade,MEM,PHO,player,Troy Daniels,,,,False,6578,2017-09-22
trade,MEM,PHO,player,Jarred Vanderbilt,,,,False,6579,2017-09-22
trade,MEM,PHO,pick,2018 2nd round draft pick,,,,False,6580,2017-09-22
trade,MEM,PHO,pick,2018 2nd round draft pick,,,,False,6581,2017-09-22
trade,NYK,OKC,player,Carmelo Anthony,,,,False,6582,2017-09-25
trade,NYK,OKC,player,Enes Kanter,,,,False,6583,2017-09-25
trade,NYK,OKC,player,Doug McDermott,,,,False,6584,2017-09-25
trade,NYK,OKC,player,Mitchell Robinson,,,,False,6585,2017-09-25
trade,NYK,OKC,pick,2018 2nd round draft pick,,,,False,6586,2017-09-25
trade,ATL,LAC,player,DeAndre Liggins,,,,False,6587,2017-09-25
trade,ATL,LAC,pick,2018 2nd round draft pick,,,,False,6588,2017-09-25
trade,ATL,CLE,player,Dimitrios Agravanis,,,,False,6589,2017-10-14
trade,ATL,CLE,player,Sergiy Gladyr,,,,False,6590,2017-10-14
trade,ATL,CLE,player,Kay Felder,,,,False,6591,2017-10-14
trade,ATL,CLE,player,Richard Jefferson,,,,False,6592,2017-10-14
trade,ATL,CLE,player,Eric Paschall,,,,False,6593,2017-10-14
trade,ATL,CLE,pick,2019 2nd round draft pick,,,,False,6594,2017-10-14
trade,MIL,PHO,player,Greg Monroe,,,,False,6595,2017-11-07
trade,MIL,PHO,player,Desmond Bane,,,,False,6596,2017-11-07
trade,MIL,PHO,pick,2018 2nd round draft pick,,,,False,6597,2017-11-07
trade,MIL,PHO,pick,2020 1st round draft pick,,,,False,6598,2017-11-07
trade,BRK,PHI,player,Trevor Booker,,,,False,6599,2017-12-07
trade,BRK,PHI,player,Jahlil Okafor,,,,False,6600,2017-12-07
trade,BRK,PHI,player,Nik Stauskas,,,,False,6601,2017-12-07
trade,BRK,PHI,player,Nicolas Claxton,,,,False,6602,2017-12-07
trade,BRK,PHI,pick,2019 2nd round draft pick,,,,False,6603,2017-12-07
trade,DET,LAC,player,Avery Bradley,,,,False,6604,2018-01-29
trade,DET,LAC,player,Tobias Harris,,,,False,6605,2018-01-29
trade,DET,LAC,player,Boban MarjanoviÄ,,,,False,6606,2018-01-29
trade,DET,LAC,player,Miles Bridges,,,,False,6607,2018-01-29
trade,DET,LAC,player,Jaylen Hands,,,,False,6608,2018-01-29
trade,DET,LAC,pick,2018 1st round draft pick,,,,False,6609,2018-01-29
trade,DET,LAC,pick,2019 2nd round draft pick,,,,False,6610,2018-01-29
trade,CHI,NOP,player,Nikola MirotiÄ,,,,False,6611,2018-02-01
trade,CHI,NOP,player,Tony Carr,,,,False,6612,2018-02-01
trade,CHI,NOP,pick,2018 2nd round draft pick,,,,False,6613,2018-02-01
trade,CHI,NOP,pick,2018 1st round draft pick,,,,False,6614,2018-02-01
trade,BRK,MIL,player,Tyler Zeller,,,,False,6615,2018-02-05
trade,BRK,MIL,player,Rashad Vaughn,,,,False,6616,2018-02-05
trade,BRK,MIL,player,Hamidou Diallo,,,,False,6617,2018-02-05
trade,BRK,MIL,pick,2018 2nd round draft pick,,,,False,6618,2018-02-05
trade,CHO,NYK,player,Johnny O'Bryant,,,,False,6619,2018-02-07
trade,CHO,NYK,player,Saben Lee,,,,False,6620,2018-02-07
trade,CHO,NYK,player,Isaiah Livers,,,,False,6621,2018-02-07
trade,CHO,NYK,pick,2020 2nd round draft pick,,,,False,6622,2018-02-07
trade,CHO,NYK,pick,2021 2nd round draft pick,,,,False,6623,2018-02-07
trade,CHI,DET,player,Jameer Nelson,,,,False,6624,2018-02-08
trade,CHI,DET,player,Isaiah Mobley,,,,False,6625,2018-02-08
trade,CHI,DET,pick,2022 2nd round draft pick,,,,False,6626,2018-02-08
trade,CHI,DET,pick,2022 2nd round draft pick,,,,False,6627,2018-02-08
trade,ATL,MIA,player,Luke Babbitt,,,,False,6628,2018-02-08
trade,ATL,MIA,player,Okaro White,,,,False,6629,2018-02-08
trade,CLE,MIA,player,Dwyane Wade,,,,False,6630,2018-02-08
trade,CLE,MIA,pick,2024 2nd round draft pick,,,,False,6631,2018-02-08
trade,CLE,LAL,player,Channing Frye,,,,False,6632,2018-02-08
trade,CLE,LAL,player,Isaiah Thomas,,,,False,6633,2018-02-08
trade,CLE,LAL,player,Moritz Wagner,,,,False,6634,2018-02-08
trade,CLE,LAL,pick,2018 1st round draft pick,,,,False,6635,2018-02-08
trade,BRK,NOP,player,Rashad Vaughn,,,,False,6636,2018-02-08
trade,BRK,NOP,player,Dante Cunningham,,,,False,6637,2018-02-08
trade,CHI,POR,player,Milovan RakoviÄ,,,,False,6638,2018-02-08
trade,CHI,POR,player,Noah Vonleh,,,,False,6639,2018-02-08
trade,ATL,WAS,player,Sheldon Mac,,,,False,6640,2018-02-08
trade,ATL,WAS,pick,2019 2nd round draft pick,,,,False,6641,2018-02-08
trade,DAL,DEN,player,Devin Harris,,,,False,6642,2018-02-08
trade,DEN,DAL,player,Shake Milton,,,,False,6643,2018-02-08
trade,DEN,DAL,pick,2018 2nd round draft pick,,,,False,6644,2018-02-08
trade,DEN,NYK,player,Emmanuel Mudiay,,,,False,6645,2018-02-08
trade,NYK,DAL,player,Doug McDermott,,,,False,6646,2018-02-08
trade,NYK,DEN,player,Justin Jackson,,,,False,6647,2018-02-08
trade,NYK,DEN,pick,2018 2nd round draft pick,,,,False,6648,2018-02-08
trade,CLE,SAC,player,Dimitrios Agravanis,,,,False,6649,2018-02-08
trade,CLE,SAC,player,Iman Shumpert,,,,False,6650,2018-02-08
trade,CLE,SAC,player,Skylar Mays,,,,False,6651,2018-02-08
trade,CLE,SAC,pick,2020 2nd round draft pick,,,,False,6652,2018-02-08
trade,CLE,UTA,player,Jae Crowder,,,,False,6653,2018-02-08
trade,CLE,UTA,player,Derrick Rose,,,,False,6654,2018-02-08
trade,CLE,UTA,pick,2024 2nd round draft pick,,,,False,6655,2018-02-08
trade,SAC,CLE,player,ArtÅ«ras Gudaitis,,,,False,6656,2018-02-08
trade,SAC,CLE,player,George Hill,,,,False,6657,2018-02-08
trade,UTA,CLE,player,Rodney Hood,,,,False,6658,2018-02-08
trade,UTA,SAC,player,Joe Johnson,,,,False,6659,2018-02-08
trade,DET,MEM,player,Brice Johnson,,,,False,6660,2018-02-08
trade,DET,MEM,player,Isaiah Mobley,,,,False,6661,2018-02-08
trade,DET,MEM,pick,2022 2nd round draft pick,,,,False,6662,2018-02-08
trade,ORL,PHO,player,Elfrid Payton,,,,False,6663,2018-02-08
trade,ORL,PHO,player,Jarred Vanderbilt,,,,False,6664,2018-02-08
trade,ORL,PHO,pick,2018 2nd round draft pick,,,,False,6665,2018-02-08
trade,SAC,TOR,player,Malachi Richardson,,,,False,6666,2018-02-08
trade,SAC,TOR,player,Bruno Caboclo,,,,False,6667,2018-02-08
trade,ATL,DAL,player,Luka DonÄiÄ,,,,False,6668,2018-06-21
trade,ATL,DAL,player,Trae Young,,,,False,6669,2018-06-21
trade,ATL,DAL,player,Cam Reddish,,,,False,6670,2018-06-21
trade,ATL,DAL,pick,2019 1st round draft pick,,,,False,6671,2018-06-21
trade,PHI,PHO,player,Mikal Bridges,,,,False,6672,2018-06-21
trade,PHI,PHO,player,Zhaire Smith,,,,False,6673,2018-06-21
trade,PHI,PHO,player,Tre Mann,,,,False,6674,2018-06-21
trade,PHI,PHO,pick,2021 1st round draft pick,,,,False,6675,2018-06-21
trade,ATL,CHO,player,Devonte' Graham,,,,False,6676,2018-06-21
trade,ATL,CHO,player,Bol Bol,,,,False,6677,2018-06-21
trade,ATL,CHO,player,Colby Jones,,,,False,6678,2018-06-21
trade,ATL,CHO,pick,2019 2nd round draft pick,,,,False,6679,2018-06-21
trade,ATL,CHO,pick,2023 2nd round draft pick,,,,False,6680,2018-06-21
trade,CHO,LAC,player,Shai Gilgeous-Alexander,,,,False,6681,2018-06-21
trade,CHO,LAC,player,Miles Bridges,,,,False,6682,2018-06-21
trade,CHO,LAC,player,Vernon Carey Jr.,,,,False,6683,2018-06-21
trade,CHO,LAC,player,Scottie Lewis,,,,False,6684,2018-06-21
trade,CHO,LAC,pick,2020 2nd round draft pick,,,,False,6685,2018-06-21
trade,CHO,LAC,pick,2021 2nd round draft pick,,,,False,6686,2018-06-21
trade,DAL,PHI,player,Shake Milton,,,,False,6687,2018-06-21
trade,DAL,PHI,player,Kostas Antetokounmpo,,,,False,6688,2018-06-21
trade,DAL,PHI,player,Ray Spalding,,,,False,6689,2018-06-21
trade,DEN,ORL,player,Justin Jackson,,,,False,6690,2018-06-21
trade,DEN,ORL,player,Cody Martin,,,,False,6691,2018-06-21
trade,DEN,ORL,pick,2019 2nd round draft pick,,,,False,6692,2018-06-21
trade,DET,PHI,player,Jeremiah Robinson-Earl,,,,False,6693,2018-06-21
trade,DET,PHI,player,James Nnaji,,,,False,6694,2018-06-21
trade,DET,PHI,pick,2021 2nd round draft pick,,,,False,6695,2018-06-21
trade,DET,PHI,pick,2023 2nd round draft pick,,,,False,6696,2018-06-21
trade,POR,SAC,player,Justin James,,,,False,6697,2018-06-21
trade,POR,SAC,player,Sharife Cooper,,,,False,6698,2018-06-21
trade,POR,SAC,pick,2019 2nd round draft pick,,,,False,6699,2018-06-21
trade,POR,SAC,pick,2021 2nd round draft pick,,,,False,6700,2018-06-21
trade,HOU,UTA,player,Vince Edwards,,,,False,6701,2018-06-22
trade,LAC,WAS,player,Austin Rivers,,,,False,6702,2018-06-26
trade,LAC,WAS,player,Marcin Gortat,,,,False,6703,2018-06-26
trade,BRK,CHO,player,Hamidou Diallo,,,,False,6704,2018-07-06
trade,BRK,CHO,player,Timofey Mozgov,,,,False,6705,2018-07-06
trade,BRK,CHO,player,BalÅ¡a Koprivica,,,,False,6706,2018-07-06
trade,BRK,CHO,pick,2021 2nd round draft pick,,,,False,6707,2018-07-06
trade,CHO,OKC,player,Hamidou Diallo,,,,False,6708,2018-07-06
trade,CHO,OKC,player,Jalen McDaniels,,,,False,6709,2018-07-06
trade,CHO,OKC,pick,2019 2nd round draft pick,,,,False,6710,2018-07-06
trade,LAL,PHI,player,Bruno Fernando,,,,False,6711,2018-07-06
trade,LAL,PHI,pick,2019 2nd round draft pick,,,,False,6712,2018-07-06
trade,DEN,PHI,player,Wilson Chandler,,,,False,6713,2018-07-06
trade,DEN,PHI,player,Aaron Wiggins,,,,False,6714,2018-07-06
trade,DEN,PHI,player,Matteo Spagnolo,,,,False,6715,2018-07-06
trade,DEN,PHI,pick,2021 2nd round draft pick,,,,False,6716,2018-07-06
trade,DEN,PHI,pick,2022 2nd round draft pick,,,,False,6717,2018-07-06
trade,CHI,ORL,player,Jerian Grant,,,,False,6718,2018-07-08
trade,CHO,CHI,player,Julyan Stone,,,,False,6719,2018-07-08
trade,CHO,ORL,player,Timofey Mozgov,,,,False,6720,2018-07-08
trade,ORL,CHO,player,Bismack Biyombo,,,,False,6721,2018-07-08
trade,ORL,CHO,player,Cody Martin,,,,False,6722,2018-07-08
trade,ORL,CHO,player,Yam Madar,,,,False,6723,2018-07-08
trade,ORL,CHO,pick,2019 2nd round draft pick,,,,False,6724,2018-07-08
trade,ORL,CHO,pick,2020 2nd round draft pick,,,,False,6725,2018-07-08
trade,BRK,DEN,player,Isaiah Whitehead,,,,False,6726,2018-07-13
trade,BRK,DEN,player,Darrell Arthur,,,,False,6727,2018-07-13
trade,BRK,DEN,player,Kenneth Faried,,,,False,6728,2018-07-13
trade,BRK,DEN,player,Mfiondu Kabengele,,,,False,6729,2018-07-13
trade,BRK,DEN,player,Jay Scrubb,,,,False,6730,2018-07-13
trade,BRK,DEN,pick,2019 1st round draft pick,,,,False,6731,2018-07-13
trade,BRK,DEN,pick,2020 2nd round draft pick,,,,False,6732,2018-07-13
trade,ATL,BRK,player,IsaÃ¯a Cordinier,,,,False,6733,2018-07-13
trade,ATL,BRK,pick,2019 2nd round draft pick,,,,False,6734,2018-07-13
trade,ATL,BRK,pick,2023 2nd round draft pick,,,,False,6735,2018-07-13
trade,ATL,BRK,pick,2025 2nd round draft pick,,,,False,6736,2018-07-13
trade,MEM,SAC,player,Deyonta Davis,,,,False,6737,2018-07-17
trade,MEM,SAC,player,Ben McLemore,,,,False,6738,2018-07-17
trade,MEM,SAC,player,Dalano Banton,,,,False,6739,2018-07-17
trade,MEM,SAC,pick,2021 2nd round draft pick,,,,False,6740,2018-07-17
trade,SAS,TOR,player,Danny Green,,,,False,6741,2018-07-18
trade,SAS,TOR,player,Kawhi Leonard,,,,False,6742,2018-07-18
trade,SAS,TOR,pick,2019 1st round draft pick,,,,False,6743,2018-07-18
trade,PHI,PHO,player,Richaun Holmes,,,,False,6744,2018-07-20
trade,OKC,ORL,player,Dakari Johnson,,,,False,6745,2018-07-20
trade,BRK,PHO,player,Darrell Arthur,,,,False,6746,2018-07-20
trade,BRK,PHO,player,Jared Dudley,,,,False,6747,2018-07-20
trade,BRK,PHO,player,RaiQuan Gray,,,,False,6748,2018-07-20
trade,BRK,PHO,pick,2021 2nd round draft pick,,,,False,6749,2018-07-20
trade,MEM,ORL,player,Jarell Martin,,,,False,6750,2018-07-23
trade,BOS,OKC,player,Abdel Nader,,,,False,6751,2018-07-23
trade,DAL,LAC,player,Johnathan Motley,,,,False,6752,2018-07-23
trade,DAL,LAC,player,Renaldas Seibutis,,,,False,6753,2018-07-23
trade,DAL,LAC,player,Maarty Leunen,,,,False,6754,2018-07-23
trade,ATL,OKC,player,Dennis SchrÃ¶der,,,,False,6755,2018-07-25
trade,ATL,PHI,player,Mike Muscala,,,,False,6756,2018-07-25
trade,OKC,ATL,player,Carmelo Anthony,,,,False,6757,2018-07-25
trade,OKC,ATL,player,Ulrich Chomche,,,,False,6758,2018-07-25
trade,OKC,ATL,player,Jahmai Mashack,,,,False,6759,2018-07-25
trade,OKC,ATL,pick,2022 1st round draft pick,,,,False,6760,2018-07-25
trade,OKC,ATL,pick,2024 2nd round draft pick,,,,False,6761,2018-07-25
trade,OKC,ATL,pick,2025 2nd round draft pick,,,,False,6762,2018-07-25
trade,PHI,ATL,player,Justin Anderson,,,,False,6763,2018-07-25
trade,PHI,OKC,player,TimothÃ© Luwawu-Cabarrot,,,,False,6764,2018-07-25
trade,DAL,HOU,player,Maarty Leunen,,,,False,6765,2018-08-02
trade,DAL,HOU,player,Chinanu Onuaku,,,,False,6766,2018-08-02
trade,DAL,HOU,pick,2020 2nd round draft pick,,,,False,6767,2018-08-02
trade,CLE,LAC,player,Vladimir Veremeenko,,,,False,6768,2018-08-07
trade,CLE,LAC,player,Sam Dekker,,,,False,6769,2018-08-07
trade,CLE,LAC,player,Renaldas Seibutis,,,,False,6770,2018-08-07
trade,HOU,PHO,player,Ryan Anderson,,,,False,6771,2018-08-31
trade,HOU,PHO,player,De'Anthony Melton,,,,False,6772,2018-08-31
trade,HOU,PHO,player,Marquese Chriss,,,,False,6773,2018-08-31
trade,HOU,PHO,player,Brandon Knight,,,,False,6774,2018-08-31
trade,LAC,NOP,player,Wesley Johnson,,,,False,6775,2018-10-15
trade,LAC,NOP,player,Alexis AjinÃ§a,,,,False,6776,2018-10-15
trade,MIL,WAS,player,Jodie Meeks,,,,False,6777,2018-10-15
trade,MIN,PHI,player,Jimmy Butler,,,,False,6778,2018-11-12
trade,MIN,PHI,player,Justin Patton,,,,False,6779,2018-11-12
trade,MIN,PHI,player,Jerryd Bayless,,,,False,6780,2018-11-12
trade,MIN,PHI,player,Robert Covington,,,,False,6781,2018-11-12
trade,MIN,PHI,player,Dario Å ariÄ,,,,False,6782,2018-11-12
trade,MIN,PHI,player,Matteo Spagnolo,,,,False,6783,2018-11-12
trade,MIN,PHI,pick,2022 2nd round draft pick,,,,False,6784,2018-11-12
trade,CLE,UTA,player,Kyle Korver,,,,False,6785,2018-11-29
trade,CLE,UTA,player,Alec Burks,,,,False,6786,2018-11-29
trade,CLE,UTA,player,Justinian Jessup,,,,False,6787,2018-11-29
trade,CLE,UTA,player,Greg Brown III,,,,False,6788,2018-11-29
trade,CLE,UTA,pick,2020 2nd round draft pick,,,,False,6789,2018-11-29
trade,CLE,UTA,pick,2021 2nd round draft pick,,,,False,6790,2018-11-29
trade,CLE,MIL,player,George Hill,,,,False,6791,2018-12-07
trade,CLE,MIL,player,Greg Brown III,,,,False,6792,2018-12-07
trade,CLE,MIL,pick,2021 2nd round draft pick,,,,False,6793,2018-12-07
trade,CLE,WAS,player,Sam Dekker,,,,False,6794,2018-12-07
trade,MIL,CLE,player,Matthew Dellavedova,,,,False,6795,2018-12-07
trade,MIL,CLE,player,John Henson,,,,False,6796,2018-12-07
trade,MIL,CLE,player,Sandro Mamukelashvili,,,,False,6797,2018-12-07
trade,MIL,CLE,player,MarJon Beauchamp,,,,False,6798,2018-12-07
trade,MIL,CLE,pick,2021 2nd round draft pick,,,,False,6799,2018-12-07
trade,MIL,CLE,pick,2022 1st round draft pick,,,,False,6800,2018-12-07
trade,WAS,CLE,player,Bryce McGowens,,,,False,6801,2018-12-07
trade,WAS,CLE,pick,2022 2nd round draft pick,,,,False,6802,2018-12-07
trade,WAS,MIL,player,Jason Smith,,,,False,6803,2018-12-07
trade,PHO,WAS,player,Trevor Ariza,,,,False,6804,2018-12-17
trade,PHO,WAS,player,Kelly Oubre Jr.,,,,False,6805,2018-12-17
trade,PHO,WAS,player,Austin Rivers,,,,False,6806,2018-12-17
trade,CHI,MEM,player,Justin Holiday,,,,False,6807,2019-01-03
trade,CHI,MEM,player,MarShon Brooks,,,,False,6808,2019-01-03
trade,CHI,MEM,player,Wayne Selden,,,,False,6809,2019-01-03
trade,CHI,MEM,player,Daniel Gafford,,,,False,6810,2019-01-03
trade,CHI,MEM,player,Marko Simonovic,,,,False,6811,2019-01-03
trade,CHI,MEM,pick,2019 2nd round draft pick,,,,False,6812,2019-01-03
trade,CHI,MEM,pick,2020 2nd round draft pick,,,,False,6813,2019-01-03
trade,CHI,HOU,player,Michael Carter-Williams,,,,False,6814,2019-01-07
trade,CHI,HOU,pick,2020 2nd round draft pick,,,,False,6815,2019-01-07
trade,CHI,HOU,player,Tadija DragiÄeviÄ,,,,False,6816,2019-01-22
trade,CHI,HOU,player,Carmelo Anthony,,,,False,6817,2019-01-22
trade,CHI,HOU,player,Jon Diebler,,,,False,6818,2019-01-22
trade,DAL,NYK,player,DeAndre Jordan,,,,False,6819,2019-01-31
trade,DAL,NYK,player,Wesley Matthews,,,,False,6820,2019-01-31
trade,DAL,NYK,player,Dennis Smith Jr.,,,,False,6821,2019-01-31
trade,DAL,NYK,player,Keon Johnson,,,,False,6822,2019-01-31
trade,DAL,NYK,player,Kyshawn George,,,,False,6823,2019-01-31
trade,DAL,NYK,pick,2021 1st round draft pick,,,,False,6824,2019-01-31
trade,DAL,NYK,pick,2024 1st round draft pick,,,,False,6825,2019-01-31
trade,CHI,OKC,player,TimothÃ© Luwawu-Cabarrot,,,,False,6826,2019-02-01
trade,CHI,OKC,pick,2020 2nd round draft pick,,,,False,6827,2019-02-01
trade,CLE,POR,player,Rodney Hood,,,,False,6828,2019-02-04
trade,CLE,POR,player,Wade Baldwin,,,,False,6829,2019-02-04
trade,CLE,POR,player,Nik Stauskas,,,,False,6830,2019-02-04
trade,CLE,POR,player,Brandon Boston Jr.,,,,False,6831,2019-02-04
trade,CLE,POR,player,Julian Phillips,,,,False,6832,2019-02-04
trade,CLE,POR,pick,2021 2nd round draft pick,,,,False,6833,2019-02-04
trade,CLE,POR,pick,2023 2nd round draft pick,,,,False,6834,2019-02-04
trade,LAC,PHI,player,Tobias Harris,,,,False,6835,2019-02-06
trade,LAC,PHI,player,Boban MarjanoviÄ,,,,False,6836,2019-02-06
trade,LAC,PHI,player,Mike Scott,,,,False,6837,2019-02-06
trade,LAC,PHI,player,Wilson Chandler,,,,False,6838,2019-02-06
trade,LAC,PHI,player,Mike Muscala,,,,False,6839,2019-02-06
trade,LAC,PHI,player,Landry Shamet,,,,False,6840,2019-02-06
trade,LAC,PHI,player,Saddiq Bey,,,,False,6841,2019-02-06
trade,LAC,PHI,player,Tre Mann,,,,False,6842,2019-02-06
trade,LAC,PHI,player,Jeremiah Robinson-Earl,,,,False,6843,2019-02-06
trade,LAC,PHI,player,James Nnaji,,,,False,6844,2019-02-06
trade,LAC,PHI,pick,2020 1st round draft pick,,,,False,6845,2019-02-06
trade,LAC,PHI,pick,2021 1st round draft pick,,,,False,6846,2019-02-06
trade,LAC,PHI,pick,2021 2nd round draft pick,,,,False,6847,2019-02-06
trade,LAC,PHI,pick,2023 2nd round draft pick,,,,False,6848,2019-02-06
trade,DET,LAL,player,Reggie Bullock,,,,False,6849,2019-02-06
trade,DET,LAL,player,Sviatoslav Mykhailiuk,,,,False,6850,2019-02-06
trade,DET,LAL,player,Luka Garza,,,,False,6851,2019-02-06
trade,DET,LAL,pick,2021 2nd round draft pick,,,,False,6852,2019-02-06
trade,PHI,TOR,player,Emir PreldÅ¾iÄ,,,,False,6853,2019-02-06
trade,PHI,TOR,player,Malachi Richardson,,,,False,6854,2019-02-06
trade,PHI,TOR,player,Tyrese Martin,,,,False,6855,2019-02-06
trade,PHI,TOR,pick,2022 2nd round draft pick,,,,False,6856,2019-02-06
trade,MIA,PHO,player,Wayne Ellington,,,,False,6857,2019-02-06
trade,MIA,PHO,player,Tyler Johnson,,,,False,6858,2019-02-06
trade,CHI,WAS,player,Jabari Parker,,,,False,6859,2019-02-06
trade,CHI,WAS,player,Bobby Portis,,,,False,6860,2019-02-06
trade,CHI,WAS,player,Tristan Vukcevic,,,,False,6861,2019-02-06
trade,CHI,WAS,pick,2023 2nd round draft pick,,,,False,6862,2019-02-06
trade,DAL,SAC,player,Harrison Barnes,,,,False,6863,2019-02-07
trade,DAL,SAC,player,Justin Jackson,,,,False,6864,2019-02-07
trade,DAL,SAC,player,Zach Randolph,,,,False,6865,2019-02-07
trade,NOP,WAS,player,Wesley Johnson,,,,False,6866,2019-02-07
trade,NOP,WAS,player,Markieff Morris,,,,False,6867,2019-02-07
trade,NOP,WAS,player,Hunter Tyson,,,,False,6868,2019-02-07
trade,NOP,WAS,pick,2023 2nd round draft pick,,,,False,6869,2019-02-07
trade,CLE,HOU,player,Wade Baldwin,,,,False,6870,2019-02-07
trade,CLE,HOU,player,Nik Stauskas,,,,False,6871,2019-02-07
trade,CLE,HOU,player,Sandro Mamukelashvili,,,,False,6872,2019-02-07
trade,CLE,HOU,pick,2021 2nd round draft pick,,,,False,6873,2019-02-07
trade,CLE,SAC,player,Alec Burks,,,,False,6874,2019-02-07
trade,HOU,CLE,player,Marquese Chriss,,,,False,6875,2019-02-07
trade,HOU,CLE,player,Brandon Knight,,,,False,6876,2019-02-07
trade,HOU,CLE,player,Dylan Windler,,,,False,6877,2019-02-07
trade,HOU,CLE,player,Andrew Nembhard,,,,False,6878,2019-02-07
trade,HOU,CLE,pick,2019 1st round draft pick,,,,False,6879,2019-02-07
trade,HOU,CLE,pick,2022 2nd round draft pick,,,,False,6880,2019-02-07
trade,HOU,SAC,player,Kenyon Martin Jr.,,,,False,6881,2019-02-07
trade,HOU,SAC,pick,2020 2nd round draft pick,,,,False,6882,2019-02-07
trade,SAC,HOU,player,Iman Shumpert,,,,False,6883,2019-02-07
trade,DET,NOP,player,Stanley Johnson,,,,False,6884,2019-02-07
trade,MIL,DET,player,Thon Maker,,,,False,6885,2019-02-07
trade,MIL,NOP,player,Jason Smith,,,,False,6886,2019-02-07
trade,MIL,NOP,player,Jordan Bone,,,,False,6887,2019-02-07
trade,MIL,NOP,player,Elijah Hughes,,,,False,6888,2019-02-07
trade,MIL,NOP,player,Sam Merrill,,,,False,6889,2019-02-07
trade,MIL,NOP,player,Greg Brown III,,,,False,6890,2019-02-07
trade,MIL,NOP,pick,2019 2nd round draft pick,,,,False,6891,2019-02-07
trade,MIL,NOP,pick,2020 2nd round draft pick,,,,False,6892,2019-02-07
trade,MIL,NOP,pick,2020 2nd round draft pick,,,,False,6893,2019-02-07
trade,MIL,NOP,pick,2021 2nd round draft pick,,,,False,6894,2019-02-07
trade,NOP,MIL,player,Nikola MirotiÄ,,,,False,6895,2019-02-07
trade,LAC,MEM,player,Avery Bradley,,,,False,6896,2019-02-07
trade,LAC,MEM,player,JaMychal Green,,,,False,6897,2019-02-07
trade,LAC,MEM,player,Garrett Temple,,,,False,6898,2019-02-07
trade,LAC,LAL,player,Mike Muscala,,,,False,6899,2019-02-07
trade,LAC,LAL,player,Michael Beasley,,,,False,6900,2019-02-07
trade,LAC,LAL,player,Ivica Zubac,,,,False,6901,2019-02-07
trade,ORL,PHI,player,Jonathon Simmons,,,,False,6902,2019-02-07
trade,ORL,PHI,player,Carsen Edwards,,,,False,6903,2019-02-07
trade,ORL,PHI,player,Tyrese Maxey,,,,False,6904,2019-02-07
trade,ORL,PHI,pick,2019 2nd round draft pick,,,,False,6905,2019-02-07
trade,ORL,PHI,pick,2020 1st round draft pick,,,,False,6906,2019-02-07
trade,BRK,TOR,player,Greg Monroe,,,,False,6907,2019-02-07
trade,BRK,TOR,player,JT Thor,,,,False,6908,2019-02-07
trade,BRK,TOR,pick,2021 2nd round draft pick,,,,False,6909,2019-02-07
trade,MEM,TOR,player,Marc Gasol,,,,False,6910,2019-02-07
trade,MEM,TOR,player,C.J. Miles,,,,False,6911,2019-02-07
trade,MEM,TOR,player,Jonas ValanÄiÅ«nas,,,,False,6912,2019-02-07
trade,MEM,TOR,player,Delon Wright,,,,False,6913,2019-02-07
trade,MEM,TOR,player,Juan Nunez,,,,False,6914,2019-02-07
trade,MEM,TOR,pick,2024 2nd round draft pick,,,,False,6915,2019-02-07
trade,POR,SAC,player,Caleb Swanigan,,,,False,6916,2019-02-07
trade,POR,SAC,player,Skal LabissiÃ¨re,,,,False,6917,2019-02-07
trade,HOU,PHI,player,James Ennis,,,,False,6918,2019-02-07
trade,HOU,PHI,pick,2021 2nd round draft pick,,,,False,6919,2019-02-07
trade,ATL,MEM,player,Tyler Dorsey,,,,False,6920,2019-02-07
trade,ATL,MEM,player,Shelvin Mack,,,,False,6921,2019-02-07
trade,ATL,BOS,player,Jabari Bird,,,,False,6922,2019-02-07
trade,HOU,IND,player,Wade Baldwin,,,,False,6923,2019-02-07
trade,HOU,IND,player,Maarty Leunen,,,,False,6924,2019-02-07
trade,HOU,IND,player,Nik Stauskas,,,,False,6925,2019-02-07
trade,HOU,IND,player,Sandro Mamukelashvili,,,,False,6926,2019-02-07
trade,HOU,IND,pick,2021 2nd round draft pick,,,,False,6927,2019-02-07
trade,ATL,MIA,player,Bol Bol,,,,False,6928,2019-06-19
trade,ATL,MIA,pick,2019 2nd round draft pick,,,,False,6929,2019-06-19
trade,ATL,MIA,pick,2024 2nd round draft pick,,,,False,6930,2019-06-19
trade,ATL,GSW,player,Eric Paschall,,,,False,6931,2019-06-20
trade,ATL,GSW,pick,2019 2nd round draft pick,,,,False,6932,2019-06-20
trade,ATL,GSW,pick,2024 2nd round draft pick,,,,False,6933,2019-06-20
trade,DET,MIL,player,Jon Leuer,,,,False,6934,2019-06-20
trade,DET,MIL,player,Kevin Porter Jr.,,,,False,6935,2019-06-20
trade,DET,MIL,player,Tony Snell,,,,False,6936,2019-06-20
trade,GSW,NOP,player,David Johnson,,,,False,6937,2019-06-20
trade,GSW,NOP,player,Emoni Bates,,,,False,6938,2019-06-20
trade,GSW,NOP,pick,2021 2nd round draft pick,,,,False,6939,2019-06-20
trade,GSW,NOP,pick,2023 2nd round draft pick,,,,False,6940,2019-06-20
trade,LAL,ORL,player,Paul Reed,,,,False,6941,2019-06-20
trade,LAL,ORL,pick,2020 2nd round draft pick,,,,False,6942,2019-06-20
trade,DEN,MIA,player,Bol Bol,,,,False,6943,2019-06-21
trade,DEN,MIA,pick,2022 2nd round draft pick,,,,False,6944,2019-06-21
trade,BOS,PHI,player,Matisse Thybulle,,,,False,6945,2019-06-21
trade,BOS,PHI,player,Carsen Edwards,,,,False,6946,2019-06-21
trade,BOS,PHI,player,Ty Jerome,,,,False,6947,2019-06-21
trade,BRK,LAC,player,Mfiondu Kabengele,,,,False,6948,2019-06-21
trade,BRK,LAC,player,Jaylen Hands,,,,False,6949,2019-06-21
trade,BRK,LAC,player,Saddiq Bey,,,,False,6950,2019-06-21
trade,BRK,LAC,pick,2020 1st round draft pick,,,,False,6951,2019-06-21
trade,IND,UTA,player,Jarrell Brantley,,,,False,6952,2019-06-21
trade,IND,UTA,player,Georgios Kalaitzakis,,,,False,6953,2019-06-21
trade,IND,UTA,pick,2021 2nd round draft pick,,,,False,6954,2019-06-21
trade,NYK,SAC,player,Kyle Guy,,,,False,6955,2019-06-21
trade,GSW,UTA,player,Miye Oni,,,,False,6956,2019-06-21
trade,PHI,WAS,player,Admiral Schofield,,,,False,6957,2019-06-21
trade,PHI,WAS,player,Jonathon Simmons,,,,False,6958,2019-06-21
trade,ATL,POR,player,Kent Bazemore,,,,False,6959,2019-06-24
trade,ATL,POR,player,Evan Turner,,,,False,6960,2019-06-24
trade,CLE,DET,player,Justinian Jessup,,,,False,6961,2019-06-26
trade,CLE,DET,player,Brandon Boston Jr.,,,,False,6962,2019-06-26
trade,CLE,DET,player,Julian Phillips,,,,False,6963,2019-06-26
trade,CLE,DET,pick,2020 2nd round draft pick,,,,False,6964,2019-06-26
trade,CLE,DET,pick,2021 2nd round draft pick,,,,False,6965,2019-06-26
trade,CLE,DET,pick,2023 2nd round draft pick,,,,False,6966,2019-06-26
trade,CLE,DET,pick,2024 2nd round draft pick,,,,False,6967,2019-06-26
trade,DAL,DET,player,Deividas Sirvydis,,,,False,6968,2019-06-26
trade,DAL,DET,player,Isaiah Roby,,,,False,6969,2019-06-26
trade,DAL,DET,player,Justinian Jessup,,,,False,6970,2019-06-26
trade,DAL,DET,player,Brandon Boston Jr.,,,,False,6971,2019-06-26
trade,DAL,DET,pick,2020 2nd round draft pick,,,,False,6972,2019-06-26
trade,DAL,DET,pick,2021 2nd round draft pick,,,,False,6973,2019-06-26
trade,MIA,IND,player,Luke Travers,,,,False,6974,2019-07-06
trade,MIA,IND,player,Koby Brea,,,,False,6975,2019-07-06
trade,MIA,IND,pick,2022 2nd round draft pick,,,,False,6976,2019-07-06
trade,MIA,IND,pick,2025 2nd round draft pick,,,,False,6977,2019-07-06
trade,MIA,IND,pick,2026 2nd round draft pick,,,,False,6978,2019-07-06
trade,PHO,IND,player,T.J. Warren,,,,False,6979,2019-07-06
trade,PHO,MIA,player,KZ Okpala,,,,False,6980,2019-07-06
trade,ATL,BRK,player,Taurean Prince,,,,False,6981,2019-07-06
trade,ATL,BRK,player,Marcus Zegarowski,,,,False,6982,2019-07-06
trade,ATL,BRK,pick,2021 2nd round draft pick,,,,False,6983,2019-07-06
trade,ATL,BRK,pick,2020 1st round draft pick,,,,False,6984,2019-07-06
trade,MEM,UTA,player,Mike Conley,,,,False,6985,2019-07-06
trade,MEM,UTA,player,Grayson Allen,,,,False,6986,2019-07-06
trade,MEM,UTA,player,Darius Bazley,,,,False,6987,2019-07-06
trade,MEM,UTA,player,Jae Crowder,,,,False,6988,2019-07-06
trade,MEM,UTA,player,Kyle Korver,,,,False,6989,2019-07-06
trade,MEM,UTA,player,Walker Kessler,,,,False,6990,2019-07-06
trade,MEM,UTA,pick,2022 1st round draft pick,,,,False,6991,2019-07-06
trade,MIN,PHO,player,Cameron Johnson,,,,False,6992,2019-07-06
trade,MIN,PHO,player,Dario Å ariÄ,,,,False,6993,2019-07-06
trade,MIN,PHO,player,Jarrett Culver,,,,False,6994,2019-07-06
trade,BOS,PHO,player,Aron Baynes,,,,False,6995,2019-07-06
trade,BOS,PHO,player,Ty Jerome,,,,False,6996,2019-07-06
trade,BOS,PHO,player,Desmond Bane,,,,False,6997,2019-07-06
trade,BOS,PHO,pick,2020 1st round draft pick,,,,False,6998,2019-07-06
trade,MIA,LAC,player,Jaime Jaquez Jr.,,,,False,6999,2019-07-06
trade,MIA,LAC,pick,2023 1st round draft pick,,,,False,7000,2019-07-06
trade,MIA,PHI,player,Josh Richardson,,,,False,7001,2019-07-06
trade,MIA,POR,player,Hassan Whiteside,,,,False,7002,2019-07-06
trade,PHI,LAC,player,Mathias Lessort,,,,False,7003,2019-07-06
trade,PHI,MIA,player,Jimmy Butler,,,,False,7004,2019-07-06
trade,POR,LAC,player,Maurice Harkless,,,,False,7005,2019-07-06
trade,POR,MIA,player,Meyers Leonard,,,,False,7006,2019-07-06
trade,MEM,WAS,player,C.J. Miles,,,,False,7007,2019-07-06
trade,MEM,WAS,player,Dwight Howard,,,,False,7008,2019-07-06
trade,BRK,SAS,player,DeMarre Carroll,,,,False,7009,2019-07-06
trade,SAS,BRK,player,Nemanja Dangubic,,,,False,7010,2019-07-06
trade,SAS,WAS,player,Davis Bertans,,,,False,7011,2019-07-06
trade,WAS,BRK,player,Aaron White,,,,False,7012,2019-07-06
trade,IND,MIL,player,R.J. Hampton,,,,False,7013,2019-07-06
trade,IND,MIL,player,Max Christie,,,,False,7014,2019-07-06
trade,IND,MIL,player,Taelon Peter,,,,False,7015,2019-07-06
trade,IND,MIL,pick,2020 1st round draft pick,,,,False,7016,2019-07-06
trade,IND,MIL,pick,2022 2nd round draft pick,,,,False,7017,2019-07-06
trade,IND,MIL,pick,2025 2nd round draft pick,,,,False,7018,2019-07-06
trade,LAL,NOP,player,Lonzo Ball,,,,False,7019,2019-07-06
trade,LAL,NOP,player,Josh Hart,,,,False,7020,2019-07-06
trade,LAL,NOP,player,De'Andre Hunter,,,,False,7021,2019-07-06
trade,LAL,NOP,player,Brandon Ingram,,,,False,7022,2019-07-06
trade,LAL,NOP,player,Dyson Daniels,,,,False,7023,2019-07-06
trade,LAL,NOP,player,Drake Powell,,,,False,7024,2019-07-06
trade,LAL,NOP,pick,2022 1st round draft pick,,,,False,7025,2019-07-06
trade,LAL,NOP,pick,2023 1st round draft pick,,,,False,7026,2019-07-06
trade,LAL,NOP,pick,2025 1st round draft pick,,,,False,7027,2019-07-06
trade,LAL,WAS,player,Isaac Bonga,,,,False,7028,2019-07-06
trade,LAL,WAS,player,Jemerrio Jones,,,,False,7029,2019-07-06
trade,LAL,WAS,player,Moritz Wagner,,,,False,7030,2019-07-06
trade,LAL,WAS,player,Kennedy Chandler,,,,False,7031,2019-07-06
trade,LAL,WAS,pick,2022 2nd round draft pick,,,,False,7032,2019-07-06
trade,NOP,LAL,player,Anthony Davis,,,,False,7033,2019-07-06
trade,MEM,OKC,player,Darius Bazley,,,,False,7034,2019-07-06
trade,MEM,OKC,player,Bobi Klintman,,,,False,7035,2019-07-06
trade,MEM,OKC,pick,2024 2nd round draft pick,,,,False,7036,2019-07-06
trade,BOS,CHO,player,Terry Rozier,,,,False,7037,2019-07-06
trade,BOS,CHO,player,Grant Riller,,,,False,7038,2019-07-06
trade,BOS,CHO,pick,2020 2nd round draft pick,,,,False,7039,2019-07-06
trade,BOS,CHO,pick,2020 2nd round draft pick,,,,False,7040,2019-07-06
trade,ATL,NOP,player,Nickeil Alexander-Walker,,,,False,7041,2019-07-07
trade,ATL,NOP,player,Jaxson Hayes,,,,False,7042,2019-07-07
trade,ATL,NOP,player,Marcos Louzada Silva,,,,False,7043,2019-07-07
trade,ATL,NOP,player,Herbert Jones,,,,False,7044,2019-07-07
trade,ATL,NOP,player,Vince Williams Jr.,,,,False,7045,2019-07-07
trade,ATL,NOP,pick,2021 2nd round draft pick,,,,False,7046,2019-07-07
trade,ATL,NOP,pick,2022 2nd round draft pick,,,,False,7047,2019-07-07
trade,ATL,NOP,pick,2023 2nd round draft pick,,,,False,7048,2019-07-07
trade,ATL,PHI,player,Jordan Bone,,,,False,7049,2019-07-07
trade,ATL,PHI,player,ThÃ©o Maledon,,,,False,7050,2019-07-07
trade,ATL,PHI,player,Colby Jones,,,,False,7051,2019-07-07
trade,ATL,PHI,pick,2020 2nd round draft pick,,,,False,7052,2019-07-07
trade,ATL,PHI,pick,2023 2nd round draft pick,,,,False,7053,2019-07-07
trade,DET,PHI,player,Jordan Bone,,,,False,7054,2019-07-07
trade,DET,PHI,pick,2024 2nd round draft pick,,,,False,7055,2019-07-07
trade,GSW,MEM,player,Andre Iguodala,,,,False,7056,2019-07-07
trade,GSW,MEM,player,Bub Carrington,,,,False,7057,2019-07-07
trade,GSW,MEM,pick,2024 1st round draft pick,,,,False,7058,2019-07-07
trade,MEM,PHO,player,Jevon Carter,,,,False,7059,2019-07-07
trade,MEM,PHO,player,Kyle Korver,,,,False,7060,2019-07-07
trade,MEM,PHO,player,Josh Jackson,,,,False,7061,2019-07-07
trade,MEM,PHO,player,De'Anthony Melton,,,,False,7062,2019-07-07
trade,MEM,PHO,player,Robert Woodard,,,,False,7063,2019-07-07
trade,MEM,PHO,pick,2020 2nd round draft pick,,,,False,7064,2019-07-07
trade,MEM,PHO,pick,2021 2nd round draft pick,,,,False,7065,2019-07-07
trade,ATL,MEM,player,Solomon Hill,,,,False,7066,2019-07-07
trade,ATL,MEM,player,Miles Plumlee,,,,False,7067,2019-07-07
trade,ATL,MEM,player,Chandler Parsons,,,,False,7068,2019-07-07
trade,CHI,WAS,player,Vit Krejci,,,,False,7069,2019-07-07
trade,CHI,WAS,player,Christian Koloko,,,,False,7070,2019-07-07
trade,CHI,WAS,pick,2020 2nd round draft pick,,,,False,7071,2019-07-07
trade,CHI,WAS,pick,2022 2nd round draft pick,,,,False,7072,2019-07-07
trade,CHI,WAS,pick,2022 2nd round draft pick,,,,False,7073,2019-07-07
trade,NOP,UTA,player,David Johnson,,,,False,7074,2019-07-07
trade,NOP,UTA,player,Emoni Bates,,,,False,7075,2019-07-07
trade,NOP,UTA,pick,2021 2nd round draft pick,,,,False,7076,2019-07-07
trade,NOP,UTA,pick,2023 2nd round draft pick,,,,False,7077,2019-07-07
trade,BRK,GSW,player,Treveon Graham,,,,False,7078,2019-07-07
trade,BRK,GSW,player,Shabazz Napier,,,,False,7079,2019-07-07
trade,BRK,GSW,player,D'Angelo Russell,,,,False,7080,2019-07-07
trade,BRK,GSW,player,Kevin Durant,,,,False,7081,2019-07-07
trade,BRK,GSW,player,Javon Small,,,,False,7082,2019-07-07
trade,BRK,GSW,pick,2025 2nd round draft pick,,,,False,7083,2019-07-07
trade,ATL,GSW,player,Omari Spellman,,,,False,7084,2019-07-08
trade,ATL,GSW,player,Damian Jones,,,,False,7085,2019-07-08
trade,ATL,GSW,pick,2026 2nd round draft pick,,,,False,7086,2019-07-08
trade,MIN,POR,player,Bojan Dubljevic,,,,False,7087,2019-07-08
trade,MIN,POR,player,Jake Layman,,,,False,7088,2019-07-08
trade,DEN,OKC,player,Immanuel Quickley,,,,False,7089,2019-07-08
trade,DEN,OKC,pick,2020 1st round draft pick,,,,False,7090,2019-07-08
trade,DAL,MEM,player,Satnam Singh,,,,False,7091,2019-07-08
trade,DAL,MEM,player,Brandon Boston Jr.,,,,False,7092,2019-07-08
trade,DAL,MEM,player,Keyonte Johnson,,,,False,7093,2019-07-08
trade,DAL,MEM,pick,2021 2nd round draft pick,,,,False,7094,2019-07-08
trade,DAL,MEM,pick,2023 2nd round draft pick,,,,False,7095,2019-07-08
trade,GSW,MIN,player,Treveon Graham,,,,False,7096,2019-07-08
trade,GSW,MIN,player,Shabazz Napier,,,,False,7097,2019-07-08
trade,LAC,OKC,player,Danilo Gallinari,,,,False,7098,2019-07-10
trade,LAC,OKC,player,Shai Gilgeous-Alexander,,,,False,7099,2019-07-10
trade,LAC,OKC,player,Tre Mann,,,,False,7100,2019-07-10
trade,LAC,OKC,player,Jalen Williams,,,,False,7101,2019-07-10
trade,LAC,OKC,player,Jaime Jaquez Jr.,,,,False,7102,2019-07-10
trade,LAC,OKC,player,Dillon Jones,,,,False,7103,2019-07-10
trade,LAC,OKC,player,Nique Clifford,,,,False,7104,2019-07-10
trade,LAC,OKC,pick,2021 1st round draft pick,,,,False,7105,2019-07-10
trade,LAC,OKC,pick,2022 1st round draft pick,,,,False,7106,2019-07-10
trade,LAC,OKC,pick,2023 1st round draft pick,,,,False,7107,2019-07-10
trade,LAC,OKC,pick,2024 1st round draft pick,,,,False,7108,2019-07-10
trade,LAC,OKC,pick,2025 1st round draft pick,,,,False,7109,2019-07-10
trade,LAC,OKC,pick,2026 1st round draft pick,,,,False,7110,2019-07-10
trade,LAC,OKC,pick,2025 1st round draft pick,,,,False,7111,2019-07-10
trade,HOU,OKC,player,Chris Paul,,,,False,7112,2019-07-16
trade,HOU,OKC,player,Nikola TopiÄ,,,,False,7113,2019-07-16
trade,HOU,OKC,pick,2021 1st round draft pick,,,,False,7114,2019-07-16
trade,HOU,OKC,pick,2024 1st round draft pick,,,,False,7115,2019-07-16
trade,HOU,OKC,pick,2025 1st round draft pick,,,,False,7116,2019-07-16
trade,HOU,OKC,pick,2026 1st round draft pick,,,,False,7117,2019-07-16
trade,CLE,UTA,player,Jordan Clarkson,,,,False,7118,2019-12-23
trade,CLE,UTA,player,Dante Exum,,,,False,7119,2019-12-23
trade,CLE,UTA,player,Khalifa Diop,,,,False,7120,2019-12-23
trade,CLE,UTA,player,Emoni Bates,,,,False,7121,2019-12-23
trade,CLE,UTA,pick,2022 2nd round draft pick,,,,False,7122,2019-12-23
trade,CLE,UTA,pick,2023 2nd round draft pick,,,,False,7123,2019-12-23
trade,ATL,MIN,player,Allen Crabbe,,,,False,7124,2020-01-16
trade,ATL,MIN,player,Treveon Graham,,,,False,7125,2020-01-16
trade,ATL,MIN,player,Jeff Teague,,,,False,7126,2020-01-16
trade,POR,SAC,player,Kent Bazemore,,,,False,7127,2020-01-21
trade,POR,SAC,player,Anthony Tolliver,,,,False,7128,2020-01-21
trade,POR,SAC,player,Tyler Smith,,,,False,7129,2020-01-21
trade,POR,SAC,player,Alijah Martin,,,,False,7130,2020-01-21
trade,POR,SAC,pick,2024 2nd round draft pick,,,,False,7131,2020-01-21
trade,POR,SAC,pick,2025 2nd round draft pick,,,,False,7132,2020-01-21
trade,DAL,OKC,player,Isaiah Roby,,,,False,7133,2020-01-24
trade,DAL,OKC,player,Justin Patton,,,,False,7134,2020-01-24
trade,DAL,GSW,player,Justinian Jessup,,,,False,7135,2020-01-25
trade,DAL,GSW,pick,2020 2nd round draft pick,,,,False,7136,2020-01-25
trade,ATL,HOU,player,Pelle Larsson,,,,False,7137,2020-02-05
trade,ATL,HOU,pick,2024 2nd round draft pick,,,,False,7138,2020-02-05
trade,ATL,MIN,player,Evan Turner,,,,False,7139,2020-02-05
trade,ATL,MIN,player,Aleksej Pokusevski,,,,False,7140,2020-02-05
trade,ATL,MIN,pick,2020 1st round draft pick,,,,False,7141,2020-02-05
trade,DEN,MIN,player,Malik Beasley,,,,False,7142,2020-02-05
trade,DEN,MIN,player,Juan Hernangomez,,,,False,7143,2020-02-05
trade,DEN,MIN,player,Jarred Vanderbilt,,,,False,7144,2020-02-05
trade,HOU,ATL,player,Clint Capela,,,,False,7145,2020-02-05
trade,HOU,ATL,player,Nene,,,,False,7146,2020-02-05
trade,HOU,DEN,player,Gerald Green,,,,False,7147,2020-02-05
trade,HOU,DEN,player,Zeke Nnaji,,,,False,7148,2020-02-05
trade,HOU,DEN,pick,2020 1st round draft pick,,,,False,7149,2020-02-05
trade,MIN,DEN,player,Keita Bates-Diop,,,,False,7150,2020-02-05
trade,MIN,DEN,player,Shabazz Napier,,,,False,7151,2020-02-05
trade,MIN,DEN,player,Noah Vonleh,,,,False,7152,2020-02-05
trade,MIN,HOU,player,Jordan Bell,,,,False,7153,2020-02-05
trade,MIN,HOU,player,Robert Covington,,,,False,7154,2020-02-05
trade,ATL,LAC,player,Derrick Walton,,,,False,7155,2020-02-06
trade,ATL,LAC,pick,2022 2nd round draft pick,,,,False,7156,2020-02-06
trade,ORL,PHI,player,Paul Reed,,,,False,7157,2020-02-06
trade,ORL,PHI,pick,2020 2nd round draft pick,,,,False,7158,2020-02-06
trade,GSW,MIN,player,Jacob Evans,,,,False,7159,2020-02-06
trade,GSW,MIN,player,D'Angelo Russell,,,,False,7160,2020-02-06
trade,GSW,MIN,player,Omari Spellman,,,,False,7161,2020-02-06
trade,GSW,MIN,player,Andrew Wiggins,,,,False,7162,2020-02-06
trade,GSW,MIN,player,Jonathan Kuminga,,,,False,7163,2020-02-06
trade,GSW,MIN,player,Miles McBride,,,,False,7164,2020-02-06
trade,GSW,MIN,pick,2021 1st round draft pick,,,,False,7165,2020-02-06
trade,GSW,MIN,pick,2021 2nd round draft pick,,,,False,7166,2020-02-06
trade,ATL,POR,player,Skal Labissiere,,,,False,7167,2020-02-06
trade,ATL,POR,pick,2024 2nd round draft pick,,,,False,7168,2020-02-06
trade,GSW,PHI,player,Alec Burks,,,,False,7169,2020-02-06
trade,GSW,PHI,player,Glenn Robinson,,,,False,7170,2020-02-06
trade,GSW,PHI,player,Nico Mannion,,,,False,7171,2020-02-06
trade,GSW,PHI,player,Aaron Wiggins,,,,False,7172,2020-02-06
trade,GSW,PHI,player,Tyrese Martin,,,,False,7173,2020-02-06
trade,GSW,PHI,pick,2020 2nd round draft pick,,,,False,7174,2020-02-06
trade,GSW,PHI,pick,2021 2nd round draft pick,,,,False,7175,2020-02-06
trade,GSW,PHI,pick,2022 2nd round draft pick,,,,False,7176,2020-02-06
trade,DEN,WAS,player,Shabazz Napier,,,,False,7177,2020-02-06
trade,DEN,WAS,player,Jordan McRae,,,,False,7178,2020-02-06
trade,MEM,MIA,player,Jae Crowder,,,,False,7179,2020-02-06
trade,MEM,MIA,player,Solomon Hill,,,,False,7180,2020-02-06
trade,MEM,MIA,player,Andre Iguodala,,,,False,7181,2020-02-06
trade,MIA,MEM,player,Dion Waiters,,,,False,7182,2020-02-06
trade,MIA,MEM,player,Justise Winslow,,,,False,7183,2020-02-06
trade,MIA,MIN,player,James Johnson,,,,False,7184,2020-02-06
trade,MIN,MEM,player,Gorgui Dieng,,,,False,7185,2020-02-06
trade,HOU,MEM,player,Jordan Bell,,,,False,7186,2020-02-06
trade,HOU,MEM,pick,2023 2nd round draft pick,,,,False,7187,2020-02-06
trade,LAC,NYK,player,Maurice Harkless,,,,False,7188,2020-02-06
trade,LAC,NYK,player,Udoka Azubuike,,,,False,7189,2020-02-06
trade,LAC,NYK,player,Jeremiah Robinson-Earl,,,,False,7190,2020-02-06
trade,LAC,NYK,pick,2020 1st round draft pick,,,,False,7191,2020-02-06
trade,LAC,NYK,pick,2021 1st round draft pick,,,,False,7192,2020-02-06
trade,LAC,NYK,pick,2021 2nd round draft pick,,,,False,7193,2020-02-06
trade,LAC,WAS,player,Jerome Robinson,,,,False,7194,2020-02-06
trade,NYK,LAC,player,Marcus Morris,,,,False,7195,2020-02-06
trade,WAS,LAC,player,Isaiah Thomas,,,,False,7196,2020-02-06
trade,WAS,NYK,player,Issuf Sanon,,,,False,7197,2020-02-06
trade,ATL,SAC,player,Alex Len,,,,False,7198,2020-02-06
trade,ATL,SAC,player,Jabari Parker,,,,False,7199,2020-02-06
trade,ATL,SAC,player,Dewayne Dedmon,,,,False,7200,2020-02-06
trade,ATL,SAC,player,Skylar Mays,,,,False,7201,2020-02-06
trade,ATL,SAC,player,Sharife Cooper,,,,False,7202,2020-02-06
trade,ATL,SAC,pick,2020 2nd round draft pick,,,,False,7203,2020-02-06
trade,ATL,SAC,pick,2021 2nd round draft pick,,,,False,7204,2020-02-06
trade,CLE,DET,player,John Henson,,,,False,7205,2020-02-06
trade,CLE,DET,player,Brandon Knight,,,,False,7206,2020-02-06
trade,CLE,DET,player,Isaiah Wong,,,,False,7207,2020-02-06
trade,CLE,DET,pick,2023 2nd round draft pick,,,,False,7208,2020-02-06
trade,OKC,PHO,player,Abdel Nader,,,,False,7209,2020-11-16
trade,OKC,PHO,player,Chris Paul,,,,False,7210,2020-11-16
trade,OKC,PHO,player,Ty Jerome,,,,False,7211,2020-11-16
trade,OKC,PHO,player,Jalen Lecque,,,,False,7212,2020-11-16
trade,OKC,PHO,player,Kelly Oubre Jr.,,,,False,7213,2020-11-16
trade,OKC,PHO,player,Ricky Rubio,,,,False,7214,2020-11-16
trade,OKC,PHO,player,Peyton Watson,,,,False,7215,2020-11-16
trade,OKC,PHO,pick,2022 1st round draft pick,,,,False,7216,2020-11-16
trade,LAL,OKC,player,Danny Green,,,,False,7217,2020-11-18
trade,LAL,OKC,player,Jaden McDaniels,,,,False,7218,2020-11-18
trade,LAL,OKC,player,Dennis Schroder,,,,False,7219,2020-11-18
trade,DAL,PHI,player,Seth Curry,,,,True,7220,2020-11-18
trade,DAL,PHI,player,Tyler Bey,,,,True,7221,2020-11-18
trade,DAL,PHI,player,Josh Richardson,,,,True,7222,2020-11-18
trade,DET,UTA,player,Tony Bradley,,,,False,7223,2020-11-18
trade,DET,UTA,player,Saben Lee,,,,False,7224,2020-11-18
trade,CLE,MIL,player,Ilkan Karaman,,,,False,7225,2020-11-18
trade,CLE,MIL,player,Tyrese Proctor,,,,False,7226,2020-11-18
trade,CLE,MIL,pick,2025 2nd round draft pick,,,,False,7227,2020-11-18
trade,MIL,ORL,player,Max Christie,,,,False,7228,2020-11-18
trade,MIL,ORL,pick,2022 2nd round draft pick,,,,False,7229,2020-11-18
trade,MIL,ORL,pick,2026 2nd round draft pick,,,,False,7230,2020-11-18
trade,MIL,ORL,pick,2020 2nd round draft pick,,,,False,7231,2020-11-18
trade,CHO,NOP,player,Tyler Kolek,,,,False,7232,2020-11-19
trade,CHO,NOP,pick,2024 2nd round draft pick,,,,False,7233,2020-11-19
trade,NOP,UTA,player,Elijah Hughes,,,,False,7234,2020-11-19
trade,NOP,UTA,player,Karlo MatkoviÄ,,,,False,7235,2020-11-19
trade,NOP,UTA,pick,2022 2nd round draft pick,,,,False,7236,2020-11-19
trade,MEM,SAC,player,Robert Woodard,,,,False,7237,2020-11-19
trade,MEM,SAC,player,Isaiah Mobley,,,,False,7238,2020-11-19
trade,MEM,SAC,pick,2022 2nd round draft pick,,,,False,7239,2020-11-19
trade,OKC,WAS,player,Cassius Winston,,,,True,7240,2020-11-19
trade,OKC,WAS,player,Bobi Klintman,,,,True,7241,2020-11-19
trade,OKC,WAS,pick,2024 2nd round draft pick,,,,True,7242,2020-11-19
trade,LAC,MIN,player,Mathias Lessort,,,,False,7243,2020-11-19
trade,LAC,MIN,pick,2023 2nd round draft pick,,,,False,7244,2020-11-19
trade,BOS,OKC,player,Vincent Poirier,,,,False,7245,2020-11-19
trade,BOS,OKC,pick,2021 2nd round draft pick,,,,False,7246,2020-11-19
trade,BRK,DET,player,Saddiq Bey,,,,False,7247,2020-11-19
trade,BRK,DET,player,Jaylen Hands,,,,False,7248,2020-11-19
trade,BRK,DET,player,Dzanan Musa,,,,False,7249,2020-11-19
trade,BRK,DET,player,JT Thor,,,,False,7250,2020-11-19
trade,BRK,DET,pick,2021 2nd round draft pick,,,,False,7251,2020-11-19
trade,BRK,LAC,player,Jay Scrubb,,,,False,7252,2020-11-19
trade,DET,BRK,player,Bruce Brown,,,,False,7253,2020-11-19
trade,DET,LAC,player,Luke Kennard,,,,False,7254,2020-11-19
trade,DET,LAC,player,Justin Patton,,,,False,7255,2020-11-19
trade,DET,LAC,player,Julian Phillips,,,,False,7256,2020-11-19
trade,DET,LAC,player,Jonathan Mogbo,,,,False,7257,2020-11-19
trade,DET,LAC,player,Bogoljub Markovic,,,,False,7258,2020-11-19
trade,DET,LAC,pick,2023 2nd round draft pick,,,,False,7259,2020-11-19
trade,DET,LAC,pick,2024 2nd round draft pick,,,,False,7260,2020-11-19
trade,DET,LAC,pick,2025 2nd round draft pick,,,,False,7261,2020-11-19
trade,DET,LAC,pick,2026 2nd round draft pick,,,,False,7262,2020-11-19
trade,LAC,BRK,player,Reggie Perry,,,,False,7263,2020-11-19
trade,LAC,BRK,player,Landry Shamet,,,,False,7264,2020-11-19
trade,LAC,DET,player,Rodney McGruder,,,,False,7265,2020-11-19
trade,BOS,MEM,player,Desmond Bane,,,,False,7266,2020-11-20
trade,BOS,POR,player,Enes Kanter,,,,False,7267,2020-11-20
trade,MEM,BOS,player,Keyonte Johnson,,,,False,7268,2020-11-20
trade,MEM,BOS,player,Kobe Sanders,,,,False,7269,2020-11-20
trade,MEM,BOS,pick,2023 2nd round draft pick,,,,False,7270,2020-11-20
trade,MEM,BOS,pick,2025 2nd round draft pick,,,,False,7271,2020-11-20
trade,POR,MEM,player,Mario Hezonja,,,,False,7272,2020-11-20
trade,MIN,NYK,player,Mathias Lessort,,,,False,7273,2020-11-20
trade,MIN,NYK,player,James Nnaji,,,,False,7274,2020-11-20
trade,MIN,NYK,pick,2023 2nd round draft pick,,,,False,7275,2020-11-20
trade,MIN,OKC,player,James Johnson,,,,False,7276,2020-11-20
trade,MIN,OKC,player,Aleksej Pokusevski,,,,False,7277,2020-11-20
trade,MIN,OKC,player,Kevin McCullar Jr.,,,,False,7278,2020-11-20
trade,MIN,OKC,pick,2024 2nd round draft pick,,,,False,7279,2020-11-20
trade,NYK,MIN,player,Leandro Bolmaro,,,,False,7280,2020-11-20
trade,NYK,MIN,pick,2020 1st round draft pick,,,,False,7281,2020-11-20
trade,OKC,MIN,player,Jaden McDaniels,,,,False,7282,2020-11-20
trade,OKC,MIN,player,Ricky Rubio,,,,False,7283,2020-11-20
trade,OKC,NYK,player,Immanuel Quickley,,,,False,7284,2020-11-20
trade,ATL,DET,player,Dewayne Dedmon,,,,False,7285,2020-11-20
trade,ATL,DET,player,Tony Snell,,,,False,7286,2020-11-20
trade,ATL,DET,player,Khyri Thomas,,,,False,7287,2020-11-20
trade,NYK,UTA,player,Udoka Azubuike,,,,False,7288,2020-11-20
trade,NYK,UTA,player,Saben Lee,,,,False,7289,2020-11-20
trade,NYK,UTA,pick,2020 1st round draft pick,,,,False,7290,2020-11-20
trade,NYK,UTA,pick,2020 2nd round draft pick,,,,False,7291,2020-11-20
trade,NYK,UTA,pick,2020 1st round draft pick,,,,False,7292,2020-11-20
trade,HOU,POR,player,Robert Covington,,,,True,7293,2020-11-22
trade,HOU,POR,player,Trevor Ariza,,,,True,7294,2020-11-22
trade,HOU,POR,player,Isaiah Stewart,,,,True,7295,2020-11-22
trade,HOU,POR,player,Usman Garuba,,,,True,7296,2020-11-22
trade,HOU,POR,pick,2021 1st round draft pick,,,,True,7297,2020-11-22
trade,GSW,OKC,player,Miles McBride,,,,True,7298,2020-11-22
trade,GSW,OKC,player,Aaron Wiggins,,,,True,7299,2020-11-22
trade,GSW,OKC,pick,2021 2nd round draft pick,,,,True,7300,2020-11-22
trade,GSW,OKC,pick,2021 2nd round draft pick,,,,True,7301,2020-11-22
trade,UTA,NYK,player,Ed Davis,,,,False,7302,2020-11-22
trade,UTA,NYK,player,Mouhamed Gueye,,,,False,7303,2020-11-22
trade,UTA,NYK,player,Ajay Mitchell,,,,False,7304,2020-11-22
trade,UTA,NYK,pick,2023 2nd round draft pick,,,,False,7305,2020-11-22
trade,UTA,NYK,pick,2024 2nd round draft pick,,,,False,7306,2020-11-22
trade,DEN,DET,player,Jerami Grant,,,,True,7307,2020-11-22
trade,DEN,DET,player,Nikola RadiÄeviÄ,,,,True,7308,2020-11-22
trade,CLE,LAL,player,Jordan Bell,,,,True,7309,2020-11-23
trade,CLE,LAL,player,Alfonzo McKinnie,,,,True,7310,2020-11-23
trade,CLE,LAL,player,JaVale McGee,,,,True,7311,2020-11-23
trade,CLE,LAL,pick,2026 2nd round draft pick,,,,True,7312,2020-11-23
trade,DET,PHI,player,Tony Bradley,,,,False,7313,2020-11-23
trade,DET,PHI,player,Zhaire Smith,,,,False,7314,2020-11-23
trade,DEN,OKC,player,Nick Smith Jr.,,,,False,7315,2020-11-23
trade,DEN,OKC,pick,2023 1st round draft pick,,,,False,7316,2020-11-23
trade,MIL,DEN,player,R.J. Hampton,,,,False,7317,2020-11-23
trade,MIL,NOP,player,Eric Bledsoe,,,,False,7318,2020-11-23
trade,MIL,NOP,player,Yves Missi,,,,False,7319,2020-11-23
trade,MIL,NOP,player,Nolan TraorÃ©,,,,False,7320,2020-11-23
trade,MIL,NOP,pick,2024 1st round draft pick,,,,False,7321,2020-11-23
trade,MIL,NOP,pick,2025 1st round draft pick,,,,False,7322,2020-11-23
trade,MIL,NOP,pick,2026 1st round draft pick,,,,False,7323,2020-11-23
trade,MIL,NOP,pick,2027 1st round draft pick,,,,False,7324,2020-11-23
trade,MIL,OKC,player,George Hill,,,,False,7325,2020-11-23
trade,NOP,MIL,player,Jrue Holiday,,,,False,7326,2020-11-23
trade,NOP,MIL,player,Sam Merrill,,,,False,7327,2020-11-23
trade,NOP,OKC,player,Zylan Cheatham,,,,False,7328,2020-11-23
trade,NOP,OKC,player,Joshia Gray,,,,False,7329,2020-11-23
trade,NOP,OKC,player,Darius Miller,,,,False,7330,2020-11-23
trade,NOP,OKC,player,Kenrich Williams,,,,False,7331,2020-11-23
trade,NOP,OKC,player,Hunter Tyson,,,,False,7332,2020-11-23
trade,NOP,OKC,player,Tyler Kolek,,,,False,7333,2020-11-23
trade,NOP,OKC,pick,2023 2nd round draft pick,,,,False,7334,2020-11-23
trade,NOP,OKC,pick,2024 2nd round draft pick,,,,False,7335,2020-11-23
trade,OKC,NOP,player,Steven Adams,,,,False,7336,2020-11-23
trade,DET,HOU,player,Christian Wood,,,,False,7337,2020-11-24
trade,DET,HOU,player,Luka Garza,,,,False,7338,2020-11-24
trade,DET,HOU,player,Joan Beringer,,,,False,7339,2020-11-24
trade,DET,HOU,pick,2021 2nd round draft pick,,,,False,7340,2020-11-24
trade,DET,HOU,pick,2025 1st round draft pick,,,,False,7341,2020-11-24
trade,DET,HOU,pick,2027 2nd round draft pick,,,,False,7342,2020-11-24
trade,MIN,NYK,player,Jacob Evans,,,,False,7343,2020-11-24
trade,MIN,NYK,player,Omari Spellman,,,,False,7344,2020-11-24
trade,MIN,NYK,pick,2026 2nd round draft pick,,,,False,7345,2020-11-24
trade,ATL,OKC,player,Brooks Barnhizer,,,,True,7346,2020-11-24
trade,ATL,OKC,pick,2025 2nd round draft pick,,,,True,7347,2020-11-24
trade,HOU,SAC,player,Luka Garza,,,,False,7348,2020-11-25
trade,HOU,SAC,pick,2021 2nd round draft pick,,,,False,7349,2020-11-25
trade,IND,OKC,player,T.J. Leaf,,,,True,7350,2020-11-25
trade,IND,OKC,pick,2027 2nd round draft pick,,,,True,7351,2020-11-25
trade,HOU,NYK,player,Tadija Dragicevic,,,,False,7352,2020-11-27
trade,HOU,NYK,player,Axel Hervelle,,,,False,7353,2020-11-27
trade,HOU,NYK,player,Sergio Llull,,,,False,7354,2020-11-27
trade,HOU,NYK,player,Austin Rivers,,,,False,7355,2020-11-27
trade,HOU,NYK,player,Issuf Sanon,,,,False,7356,2020-11-27
trade,CLE,UTA,player,Rayjon Tucker,,,,True,7357,2020-11-27
trade,CLE,UTA,pick,2027 2nd round draft pick,,,,True,7358,2020-11-27
trade,DAL,DET,player,Delon Wright,,,,False,7359,2020-11-27
trade,DAL,OKC,player,Justin Jackson,,,,False,7360,2020-11-27
trade,DAL,OKC,player,Maxwell Lewis,,,,False,7361,2020-11-27
trade,DAL,OKC,pick,2023 2nd round draft pick,,,,False,7362,2020-11-27
trade,DAL,OKC,pick,2026 2nd round draft pick,,,,False,7363,2020-11-27
trade,DET,OKC,player,Trevor Ariza,,,,False,7364,2020-11-27
trade,OKC,DAL,player,James Johnson,,,,False,7365,2020-11-27
trade,BOS,CHO,player,Gordon Hayward,,,,True,7366,2020-11-29
trade,BOS,CHO,player,Trayce Jackson-Davis,,,,True,7367,2020-11-29
trade,BOS,CHO,player,Ariel Hukporti,,,,True,7368,2020-11-29
trade,BOS,CHO,pick,2023 2nd round draft pick,,,,True,7369,2020-11-29
trade,BOS,CHO,pick,2024 2nd round draft pick,,,,True,7370,2020-11-29
trade,BOS,CHO,pick,2022 2nd round draft pick,,,,True,7371,2020-11-29
trade,HOU,WAS,player,Russell Westbrook,,,,True,7372,2020-12-02
trade,HOU,WAS,player,John Wall,,,,True,7373,2020-12-02
trade,HOU,WAS,pick,2023 1st round draft pick,,,,True,7374,2020-12-02
trade,OKC,PHI,player,Terrance Ferguson,,,,True,7375,2020-12-08
trade,OKC,PHI,player,Danny Green,,,,True,7376,2020-12-08
trade,OKC,PHI,player,Vincent Poirier,,,,True,7377,2020-12-08
trade,OKC,PHI,player,Al Horford,,,,True,7378,2020-12-08
trade,OKC,PHI,player,ThÃ©o Maledon,,,,True,7379,2020-12-08
trade,OKC,PHI,player,Vasilije MiciÄ,,,,True,7380,2020-12-08
trade,OKC,PHI,pick,2026 1st round draft pick,,,,True,7381,2020-12-08
trade,BRK,CLE,player,Jarrett Allen,,,,False,7382,2021-01-16
trade,BRK,CLE,player,Taurean Prince,,,,False,7383,2021-01-16
trade,BRK,HOU,player,Rodions Kurucs,,,,False,7384,2021-01-16
trade,BRK,HOU,player,Tari Eason,,,,False,7385,2021-01-16
trade,BRK,HOU,player,Reed Sheppard,,,,False,7386,2021-01-16
trade,BRK,HOU,pick,2021 1st round draft pick,,,,False,7387,2021-01-16
trade,BRK,HOU,pick,2022 1st round draft pick,,,,False,7388,2021-01-16
trade,BRK,HOU,pick,2023 1st round draft pick,,,,False,7389,2021-01-16
trade,BRK,HOU,pick,2024 1st round draft pick,,,,False,7390,2021-01-16
trade,BRK,HOU,pick,2025 1st round draft pick,,,,False,7391,2021-01-16
trade,BRK,HOU,pick,2026 1st round draft pick,,,,False,7392,2021-01-16
trade,BRK,HOU,pick,2027 1st round draft pick,,,,False,7393,2021-01-16
trade,BRK,IND,player,Caris Levert,,,,False,7394,2021-01-16
trade,CLE,HOU,player,Dante Exum,,,,False,7395,2021-01-16
trade,CLE,HOU,player,MarJon Beauchamp,,,,False,7396,2021-01-16
trade,CLE,HOU,pick,2022 1st round draft pick,,,,False,7397,2021-01-16
trade,CLE,IND,player,Tristen Newton,,,,False,7398,2021-01-16
trade,CLE,IND,pick,2024 2nd round draft pick,,,,False,7399,2021-01-16
trade,HOU,BRK,player,James Harden,,,,False,7400,2021-01-16
trade,HOU,IND,player,Jalen Pickett,,,,False,7401,2021-01-16
trade,HOU,IND,pick,2023 2nd round draft pick,,,,False,7402,2021-01-16
trade,IND,HOU,player,Victor Oladipo,,,,False,7403,2021-01-16
trade,CLE,HOU,player,Kevin Porter Jr.,,,,True,7404,2021-01-22
trade,CLE,HOU,pick,2024 2nd round draft pick,,,,True,7405,2021-01-22
trade,DET,NYK,player,Derrick Rose,,,,True,7406,2021-02-08
trade,DET,NYK,player,Dennis Smith,,,,True,7407,2021-02-08
trade,DET,NYK,player,Isaiah Livers,,,,True,7408,2021-02-08
trade,DET,NYK,pick,2021 2nd round draft pick,,,,True,7409,2021-02-08
trade,DET,OKC,player,Sviatoslav Mykhailiuk,,,,False,7410,2021-03-13
trade,DET,OKC,pick,2027 2nd round draft pick,,,,False,7411,2021-03-13
trade,MIA,OKC,player,Meyers Leonard,,,,True,7412,2021-03-17
trade,MIA,OKC,pick,2027 2nd round draft pick,,,,True,7413,2021-03-17
trade,MIL,PHO,player,Torrey Craig,,,,True,7414,2021-03-18
trade,HOU,MIL,player,Rodions Kurucs,,,,True,7415,2021-03-19
trade,HOU,MIL,player,P.J. Tucker,,,,True,7416,2021-03-19
trade,HOU,MIL,player,Isaiah Todd,,,,True,7417,2021-03-19
trade,HOU,MIL,player,MarJon Beauchamp,,,,True,7418,2021-03-19
trade,HOU,MIL,pick,2021 2nd round draft pick,,,,True,7419,2021-03-19
trade,HOU,MIL,pick,2022 1st round draft pick,,,,True,7420,2021-03-19
trade,HOU,MIL,pick,2021 1st round draft pick,,,,True,7421,2021-03-19
trade,HOU,MIL,pick,2023 1st round draft pick,,,,True,7422,2021-03-19
trade,HOU,MIL,pick,2021 2nd-rd pick is HOU own Conditional 2022 1st-rd draft pick,,,,True,7423,2021-03-19
trade,LAC,SAC,player,Mfiondu Kabengele,,,,True,7424,2021-03-22
trade,LAC,SAC,pick,2022 2nd round draft pick,,,,True,7425,2021-03-22
trade,LAC,SAC,pick,2022 2nd round draft pick,,,,True,7426,2021-03-22
trade,NYK,OKC,player,Austin Rivers,,,,False,7427,2021-03-25
trade,NYK,PHI,player,Ignas Brazdeikis,,,,False,7428,2021-03-25
trade,OKC,PHI,player,George Hill,,,,False,7429,2021-03-25
trade,PHI,NYK,player,Terrance Ferguson,,,,False,7430,2021-03-25
trade,PHI,NYK,player,Vincent Poirier,,,,False,7431,2021-03-25
trade,PHI,NYK,player,Emir PreldÅ¾iÄ,,,,False,7432,2021-03-25
trade,PHI,NYK,player,Jericho Sims,,,,False,7433,2021-03-25
trade,PHI,NYK,pick,2021 2nd round draft pick,,,,False,7434,2021-03-25
trade,PHI,NYK,pick,2024 2nd round draft pick,,,,False,7435,2021-03-25
trade,PHI,OKC,player,Tony Bradley,,,,False,7436,2021-03-25
trade,PHI,OKC,player,Johni Broome,,,,False,7437,2021-03-25
trade,PHI,OKC,pick,2025 2nd round draft pick,,,,False,7438,2021-03-25
trade,PHI,OKC,pick,2026 2nd round draft pick,,,,False,7439,2021-03-25
trade,CHI,ORL,player,Wendell Carter Jr.,,,,True,7440,2021-03-25
trade,CHI,ORL,player,Otto Porter,,,,True,7441,2021-03-25
trade,CHI,ORL,player,Franz Wagner,,,,True,7442,2021-03-25
trade,CHI,ORL,player,Jett Howard,,,,True,7443,2021-03-25
trade,CHI,ORL,pick,2021 1st round draft pick,,,,True,7444,2021-03-25
trade,CHI,ORL,pick,2023 1st round draft pick,,,,True,7445,2021-03-25
trade,POR,TOR,player,Rodney Hood,,,,True,7446,2021-03-25
trade,POR,TOR,player,Gary Trent Jr.,,,,True,7447,2021-03-25
trade,POR,TOR,player,Norman Powell,,,,True,7448,2021-03-25
trade,BOS,CHI,player,Javonte Green,,,,True,7449,2021-03-25
trade,BOS,CHI,player,Daniel Theis,,,,True,7450,2021-03-25
trade,CHI,BOS,player,Luke Kornet,,,,True,7451,2021-03-25
trade,CHI,WAS,player,Daniel Gafford,,,,True,7452,2021-03-25
trade,CHI,WAS,player,Chandler Hutchison,,,,True,7453,2021-03-25
trade,WAS,BOS,player,Moritz Wagner,,,,True,7454,2021-03-25
trade,WAS,CHI,player,Troy Brown Jr.,,,,True,7455,2021-03-25
trade,MIA,SAC,player,Maurice Harkless,,,,True,7456,2021-03-25
trade,MIA,SAC,player,Chris Silva,,,,True,7457,2021-03-25
trade,MIA,SAC,player,Nemanja Bjelica,,,,True,7458,2021-03-25
trade,ATL,LAC,player,Rajon Rondo,,,,False,7459,2021-03-25
trade,ATL,LAC,player,Lou Williams,,,,False,7460,2021-03-25
trade,ATL,LAC,player,Julian Phillips,,,,False,7461,2021-03-25
trade,ATL,LAC,pick,2023 2nd round draft pick,,,,False,7462,2021-03-25
trade,ATL,LAC,pick,2027 2nd round draft pick,,,,False,7463,2021-03-25
trade,SAC,TOR,player,Dalano Banton,,,,True,7464,2021-03-25
trade,SAC,TOR,pick,2021 2nd round draft pick,,,,True,7465,2021-03-25
trade,HOU,MIA,player,Victor Oladipo,,,,True,7466,2021-03-25
trade,HOU,MIA,player,Avery Bradley,,,,True,7467,2021-03-25
trade,HOU,MIA,player,Kelly Olynyk,,,,True,7468,2021-03-25
trade,HOU,MIA,pick,2022 2nd round draft pick,,,,True,7469,2021-03-25
trade,CHO,GSW,player,Brad Wanamaker,,,,True,7470,2021-03-25
trade,CHO,GSW,pick,2025 2nd round draft pick,,,,True,7471,2021-03-25
trade,CHO,GSW,pick,2022 2nd round draft pick,,,,True,7472,2021-03-25
trade,GSW,SAS,player,Marquese Chriss,,,,True,7473,2021-03-25
trade,DEN,ORL,player,R.J. Hampton,,,,True,7474,2021-03-25
trade,DEN,ORL,player,Gary Harris,,,,True,7475,2021-03-25
trade,DEN,ORL,player,Jase Richardson,,,,True,7476,2021-03-25
trade,DEN,ORL,pick,2025 1st round draft pick,,,,True,7477,2021-03-25
trade,BOS,ORL,player,Jeff Teague,,,,True,7478,2021-03-25
trade,BOS,ORL,player,Max Shulga,,,,True,7479,2021-03-25
trade,BOS,ORL,pick,2025 2nd round draft pick,,,,True,7480,2021-03-25
trade,BOS,ORL,pick,2027 draft pick,,,,True,7481,2021-03-25
trade,CLE,DEN,player,JaVale McGee,,,,True,7482,2021-03-25
trade,CLE,DEN,player,Isaiah Hartenstein,,,,True,7483,2021-03-25
trade,CLE,DEN,pick,2023 2nd round draft pick,,,,True,7484,2021-03-25
trade,CLE,DEN,pick,2027 2nd round draft pick,,,,True,7485,2021-03-25
trade,DET,SAC,player,Delon Wright,,,,True,7486,2021-03-25
trade,DET,SAC,player,Cory Joseph,,,,True,7487,2021-03-25
trade,DET,SAC,player,Luka Garza,,,,True,7488,2021-03-25
trade,DET,SAC,pick,2021 2nd round draft pick,,,,True,7489,2021-03-25
trade,DET,SAC,pick,2024 2nd round draft pick,,,,True,7490,2021-03-25
trade,DAL,NOP,player,Wesley Iwundu,,,,True,7491,2021-03-25
trade,DAL,NOP,player,James Johnson,,,,True,7492,2021-03-25
trade,DAL,NOP,player,Charles Bassey,,,,True,7493,2021-03-25
trade,DAL,NOP,pick,2021 2nd round draft pick,,,,True,7494,2021-03-25
trade,TOR,UTA,player,Matt Thomas,,,,True,7495,2021-03-25
trade,TOR,UTA,player,David Johnson,,,,True,7496,2021-03-25
trade,TOR,UTA,pick,2021 2nd round draft pick,,,,True,7497,2021-03-25
trade,BOS,OKC,player,Kemba Walker,,,,True,7498,2021-06-18
trade,BOS,OKC,player,Alperen ÅengÃ¼n,,,,True,7499,2021-06-18
trade,BOS,OKC,player,Kobe Sanders,,,,True,7500,2021-06-18
trade,BOS,OKC,pick,2021 1st round draft pick,,,,True,7501,2021-06-18
trade,BOS,OKC,pick,2025 2nd round draft pick,,,,True,7502,2021-06-18
trade,BOS,OKC,pick,2023 2nd round draft pick,,,,True,7503,2021-06-18
trade,LAC,ORL,player,Jason Preston,,,,False,7504,2021-07-29
trade,LAC,ORL,pick,2026 2nd round draft pick,,,,False,7505,2021-07-29
trade,OKC,UTA,player,Derrick Favors,,,,True,7506,2021-07-30
trade,OKC,UTA,pick,2027 2nd round draft pick,,,,True,7507,2021-07-30
trade,OKC,UTA,pick,2024 1st round draft pick,,,,True,7508,2021-07-30
trade,IND,MIL,player,Georgios Kalaitzakis,,,,False,7509,2021-07-30
trade,IND,MIL,player,Sandro Mamukelashvili,,,,False,7510,2021-07-30
trade,IND,MIL,player,Cam Christie,,,,False,7511,2021-07-30
trade,IND,MIL,pick,2024 2nd round draft pick,,,,False,7512,2021-07-30
trade,IND,MIL,pick,2026 2nd round draft pick,,,,False,7513,2021-07-30
trade,CHO,NYK,player,Kai Jones,,,,False,7514,2021-07-30
trade,CHO,NYK,pick,2022 1st round draft pick,,,,False,7515,2021-07-30
trade,LAC,NYK,player,Quentin Grimes,,,,False,7516,2021-07-30
trade,LAC,NYK,player,Jonathan Mogbo,,,,False,7517,2021-07-30
trade,LAC,NYK,pick,2024 2nd round draft pick,,,,False,7518,2021-07-30
trade,NYK,OKC,player,Jeremiah Robinson-Earl,,,,False,7519,2021-07-30
trade,NYK,OKC,player,Rokas Jokubaitis,,,,False,7520,2021-07-30
trade,NYK,OKC,player,Miles McBride,,,,False,7521,2021-07-30
trade,HOU,OKC,player,Joan Beringer,,,,False,7522,2021-07-30
trade,HOU,OKC,pick,2023 1st round draft pick,,,,False,7523,2021-07-30
trade,HOU,OKC,pick,2025 1st round draft pick,,,,False,7524,2021-07-30
trade,NOP,POR,player,Greg Brown III,,,,False,7525,2021-07-30
trade,NOP,POR,pick,2026 2nd round draft pick,,,,False,7526,2021-07-30
trade,BOS,DAL,player,Moses Brown,,,,True,7527,2021-07-31
trade,BOS,DAL,player,Josh Richardson,,,,True,7528,2021-07-31
trade,CLE,MIN,player,Taurean Prince,,,,False,7529,2021-08-02
trade,CLE,MIN,player,Bryce McGowens,,,,False,7530,2021-08-02
trade,CLE,MIN,pick,2022 2nd round draft pick,,,,False,7531,2021-08-02
trade,BRK,PHO,player,Landry Shamet,,,,True,7532,2021-08-06
trade,BRK,PHO,player,Jevon Carter,,,,True,7533,2021-08-06
trade,BRK,PHO,player,Day'Ron Sharpe,,,,True,7534,2021-08-06
trade,BRK,WAS,player,Spencer Dinwiddie,,,,True,7535,2021-08-06
trade,BRK,WAS,player,Javon Small,,,,True,7536,2021-08-06
trade,BRK,WAS,pick,2025 2nd round draft pick,,,,True,7537,2021-08-06
trade,IND,WAS,player,Aaron Holiday,,,,True,7538,2021-08-06
trade,IND,WAS,player,Isaiah Todd,,,,True,7539,2021-08-06
trade,LAL,IND,player,Isaiah Jackson,,,,True,7540,2021-08-06
trade,LAL,WAS,player,Kentavious Caldwell-Pope,,,,True,7541,2021-08-06
trade,LAL,WAS,player,Montrezl Harrell,,,,True,7542,2021-08-06
trade,LAL,WAS,player,Kyle Kuzma,,,,True,7543,2021-08-06
trade,SAS,BRK,player,Nikola Milutinov,,,,True,7544,2021-08-06
trade,WAS,BRK,player,Kyle Filipowski,,,,True,7545,2021-08-06
trade,WAS,BRK,player,Noah Penda,,,,True,7546,2021-08-06
trade,WAS,BRK,pick,2024 2nd round draft pick,,,,True,7547,2021-08-06
trade,WAS,BRK,pick,2025 2nd round draft pick,,,,True,7548,2021-08-06
trade,WAS,LAL,player,Russell Westbrook,,,,True,7549,2021-08-06
trade,WAS,LAL,player,Tristan Vukcevic,,,,True,7550,2021-08-06
trade,WAS,LAL,player,Bobi Klintman,,,,True,7551,2021-08-06
trade,WAS,LAL,pick,2023 2nd round draft pick,,,,True,7552,2021-08-06
trade,WAS,LAL,pick,2024 2nd round draft pick,,,,True,7553,2021-08-06
trade,WAS,LAL,pick,2028 2nd round draft pick,,,,True,7554,2021-08-06
trade,WAS,SAS,player,Chandler Hutchison,,,,True,7555,2021-08-06
trade,WAS,SAS,player,Christian Koloko,,,,True,7556,2021-08-06
trade,WAS,SAS,pick,2022 2nd round draft pick,,,,True,7557,2021-08-06
trade,MIA,TOR,player,Precious Achiuwa,,,,True,7558,2021-08-06
trade,MIA,TOR,player,Goran Dragic,,,,True,7559,2021-08-06
trade,MIA,TOR,player,Kyle Lowry,,,,True,7560,2021-08-06
trade,CHO,DET,player,BalÅ¡a Koprivica,,,,True,7561,2021-08-06
trade,CHO,DET,player,Mason Plumlee,,,,True,7562,2021-08-06
trade,CHO,DET,player,JT Thor,,,,True,7563,2021-08-06
trade,CHI,HOU,player,Daniel Theis,,,,True,7564,2021-08-07
trade,GSW,UTA,player,Eric Paschall,,,,True,7565,2021-08-07
trade,MEM,UTA,player,Jared Butler,,,,False,7566,2021-08-07
trade,MEM,UTA,player,Jabari Walker,,,,False,7567,2021-08-07
trade,MEM,UTA,pick,2022 2nd round draft pick,,,,False,7568,2021-08-07
trade,MEM,UTA,pick,2026 2nd round draft pick,,,,False,7569,2021-08-07
trade,LAC,NOP,player,Brandon Boston Jr.,,,,False,7570,2021-08-07
trade,LAC,NOP,pick,2022 2nd round draft pick,,,,False,7571,2021-08-07
trade,MEM,MIL,player,Grayson Allen,,,,True,7572,2021-08-07
trade,ATL,BOS,player,Kris Dunn,,,,True,7573,2021-08-07
trade,ATL,BOS,player,Bruno Fernando,,,,True,7574,2021-08-07
trade,ATL,BOS,player,Julian Phillips,,,,True,7575,2021-08-07
trade,ATL,BOS,pick,2023 2nd round draft pick,,,,True,7576,2021-08-07
trade,BOS,SAC,player,Tristan Thompson,,,,True,7577,2021-08-07
trade,SAC,ATL,player,Delon Wright,,,,True,7578,2021-08-07
trade,CHO,NOP,player,Devonte' Graham,,,,False,7579,2021-08-07
trade,MEM,CHO,player,Tyler Harvey,,,,False,7580,2021-08-07
trade,MEM,NOP,player,Brandon Boston Jr.,,,,False,7581,2021-08-07
trade,MEM,NOP,player,Trey Murphy III,,,,False,7582,2021-08-07
trade,MEM,NOP,player,Jonas ValanÄiÅ«nas,,,,False,7583,2021-08-07
trade,NOP,CHO,player,Wesley Iwundu,,,,False,7584,2021-08-07
trade,NOP,CHO,player,Mark Williams,,,,False,7585,2021-08-07
trade,NOP,CHO,pick,2022 1st round draft pick,,,,False,7586,2021-08-07
trade,NOP,MEM,player,Steven Adams,,,,False,7587,2021-08-07
trade,NOP,MEM,player,Eric Bledsoe,,,,False,7588,2021-08-07
trade,NOP,MEM,player,Jared Butler,,,,False,7589,2021-08-07
trade,NOP,MEM,player,Ziaire Williams,,,,False,7590,2021-08-07
trade,NOP,MEM,player,Vince Williams Jr.,,,,False,7591,2021-08-07
trade,NOP,MEM,player,Ryan Kalkbrenner,,,,False,7592,2021-08-07
trade,NOP,MEM,pick,2022 2nd round draft pick,,,,False,7593,2021-08-07
trade,NOP,MEM,pick,2025 2nd round draft pick,,,,False,7594,2021-08-07
trade,IND,SAS,player,Doug McDermott,,,,False,7595,2021-08-07
trade,IND,SAS,pick,2023 2nd round draft pick,,,,False,7596,2021-08-07
trade,IND,SAS,pick,2026 2nd round draft pick,,,,False,7597,2021-08-07
trade,IND,SAS,pick,2023 2nd round draft pick,,,,False,7598,2021-08-07
trade,MIL,MEM,player,Cam Christie,,,,False,7599,2021-08-07
trade,MIL,MEM,pick,2024 2nd round draft pick,,,,False,7600,2021-08-07
trade,CHI,NOP,player,TomÃ¡Å¡ SatoranskÃ½,,,,False,7601,2021-08-08
trade,CHI,NOP,player,Garrett Temple,,,,False,7602,2021-08-08
trade,CHI,NOP,player,Adem Bona,,,,False,7603,2021-08-08
trade,CHI,NOP,pick,2024 2nd round draft pick,,,,False,7604,2021-08-08
trade,CHI,SAS,player,Al-Farouq Aminu,,,,False,7605,2021-08-11
trade,CHI,SAS,player,Thaddeus Young,,,,False,7606,2021-08-11
trade,CHI,SAS,player,Kennedy Chandler,,,,False,7607,2021-08-11
trade,CHI,SAS,player,Noa Essengue,,,,False,7608,2021-08-11
trade,CHI,SAS,player,Maxime Raynaud,,,,False,7609,2021-08-11
trade,CHI,SAS,pick,2022 2nd round draft pick,,,,False,7610,2021-08-11
trade,CHI,SAS,pick,2025 1st round draft pick,,,,False,7611,2021-08-11
trade,CHI,SAS,pick,2025 2nd round draft pick,,,,False,7612,2021-08-11
trade,LAC,MEM,player,Patrick Beverley,,,,True,7613,2021-08-16
trade,LAC,MEM,player,Daniel Oturu,,,,True,7614,2021-08-16
trade,LAC,MEM,player,Rajon Rondo,,,,True,7615,2021-08-16
trade,LAC,MEM,player,Eric Bledsoe,,,,True,7616,2021-08-16
trade,BOS,NYK,player,Evan Fournier,,,,True,7617,2021-08-17
trade,BOS,NYK,player,Amari Bailey,,,,True,7618,2021-08-17
trade,BOS,NYK,pick,2023 2nd round draft pick,,,,True,7619,2021-08-17
trade,MEM,MIN,player,Patrick Beverley,,,,True,7620,2021-08-25
trade,MEM,MIN,player,Jarrett Culver,,,,True,7621,2021-08-25
trade,MEM,MIN,player,Juan Hernangomez,,,,True,7622,2021-08-25
trade,CHI,CLE,player,Lauri Markkanen,,,,False,7623,2021-08-28
trade,CLE,CHI,pick,2023 2nd round draft pick,,,,False,7624,2021-08-28
trade,CLE,POR,player,Larry Nance Jr.,,,,False,7625,2021-08-28
trade,POR,CHI,player,Derrick Jones Jr.,,,,False,7626,2021-08-28
trade,POR,CHI,pick,2022 1st round draft pick,,,,False,7627,2021-08-28
trade,BRK,DET,player,DeAndre Jordan,,,,True,7628,2021-09-04
trade,BRK,DET,player,Ismael Kamagate,,,,True,7629,2021-09-04
trade,BRK,DET,player,Kyle Filipowski,,,,True,7630,2021-09-04
trade,BRK,DET,player,Noah Penda,,,,True,7631,2021-09-04
trade,BRK,DET,pick,2022 2nd round draft pick,,,,True,7632,2021-09-04
trade,BRK,DET,pick,2024 2nd round draft pick,,,,True,7633,2021-09-04
trade,BRK,DET,pick,2025 2nd round draft pick,,,,True,7634,2021-09-04
trade,BRK,DET,pick,2027 2nd round draft pick,,,,True,7635,2021-09-04
trade,LAL,MEM,player,Marc Gasol,,,,True,7636,2021-09-10
trade,LAL,MEM,pick,2024 2nd round draft pick,,,,True,7637,2021-09-10
trade,BOS,MEM,player,Kris Dunn,,,,True,7638,2021-09-15
trade,BOS,MEM,player,Carsen Edwards,,,,True,7639,2021-09-15
trade,BOS,MEM,pick,2026 2nd round draft pick,,,,True,7640,2021-09-15
trade,BRK,IND,player,Juan Pablo Vaulet,,,,True,7641,2021-10-06
trade,BRK,IND,player,Edmond Sumner,,,,True,7642,2021-10-06
trade,BRK,IND,player,Koby Brea,,,,True,7643,2021-10-06
trade,BRK,IND,pick,2025 2nd round draft pick,,,,True,7644,2021-10-06
trade,BRK,HOU,player,Sekou Doumbouya,,,,True,7645,2021-10-06
trade,BRK,HOU,player,Jaylen Wells,,,,True,7646,2021-10-06
trade,BRK,HOU,pick,2024 2nd round draft pick,,,,True,7647,2021-10-06
trade,CLE,NYK,player,Denzel Valentine,,,,True,7648,2022-01-03
trade,LAL,CLE,player,Rajon Rondo,,,,True,7649,2022-01-03
trade,LAL,NYK,player,Brad Newley,,,,True,7650,2022-01-03
trade,LAL,NYK,player,Wang Zhelin,,,,True,7651,2022-01-03
trade,NYK,LAL,player,Louis Labeyrie,,,,True,7652,2022-01-03
trade,OKC,UTA,player,Miye Oni,,,,True,7653,2022-01-04
trade,DEN,DET,player,Bol Bol,,,,True,7654,2022-01-10
trade,DEN,DET,player,Rodney McGruder,,,,True,7655,2022-01-10
trade,DEN,DET,pick,2022 2nd round draft pick,,,,True,7656,2022-01-10
trade,ATL,NYK,player,Solomon Hill,,,,True,7657,2022-01-13
trade,ATL,NYK,player,Cam Reddish,,,,True,7658,2022-01-13
trade,ATL,NYK,player,Adou Thiero,,,,True,7659,2022-01-13
trade,ATL,NYK,pick,2025 2nd round draft pick,,,,True,7660,2022-01-13
trade,ATL,NYK,pick,2022 1st round draft pick,,,,True,7661,2022-01-13
trade,BOS,SAS,player,Juan Hernangomez,,,,True,7662,2022-01-19
trade,DEN,BOS,player,Bol Bol,,,,True,7663,2022-01-19
trade,DEN,BOS,player,PJ Dozier,,,,True,7664,2022-01-19
trade,DEN,SAS,pick,2028 2nd round draft pick,,,,True,7665,2022-01-19
trade,SAS,DEN,player,Bryn Forbes,,,,True,7666,2022-01-19
trade,LAC,POR,player,Eric Bledsoe,,,,True,7667,2022-02-04
trade,LAC,POR,player,Keon Johnson,,,,True,7668,2022-02-04
trade,LAC,POR,player,Justise Winslow,,,,True,7669,2022-02-04
trade,LAC,POR,player,Bogoljub Markovic,,,,True,7670,2022-02-04
trade,LAC,POR,pick,2025 2nd round draft pick,,,,True,7671,2022-02-04
trade,CLE,IND,player,Ricky Rubio,,,,True,7672,2022-02-07
trade,CLE,IND,player,Andrew Nembhard,,,,True,7673,2022-02-07
trade,CLE,IND,player,Ben Sheppard,,,,True,7674,2022-02-07
trade,CLE,IND,pick,2022 2nd round draft pick,,,,True,7675,2022-02-07
trade,CLE,IND,pick,2023 1st round draft pick,,,,True,7676,2022-02-07
trade,CLE,IND,pick,2027 2nd round draft pick,,,,True,7677,2022-02-07
trade,CLE,IND,pick,2022 2nd round draft pick,,,,True,7678,2022-02-07
trade,IND,SAC,player,Justin Holiday,,,,True,7679,2022-02-08
trade,IND,SAC,player,Jeremy Lamb,,,,True,7680,2022-02-08
trade,IND,SAC,player,Domantas Sabonis,,,,True,7681,2022-02-08
trade,IND,SAC,player,Jordan Walsh,,,,True,7682,2022-02-08
trade,IND,SAC,pick,2023 2nd round draft pick,,,,True,7683,2022-02-08
trade,NOP,POR,player,Nickeil Alexander-Walker,,,,True,7684,2022-02-08
trade,NOP,POR,player,Josh Hart,,,,True,7685,2022-02-08
trade,NOP,POR,player,Didi Louzada,,,,True,7686,2022-02-08
trade,NOP,POR,player,Tomas Satoransky,,,,True,7687,2022-02-08
trade,NOP,POR,player,Nolan TraorÃ©,,,,True,7688,2022-02-08
trade,NOP,POR,pick,2025 1st round draft pick,,,,True,7689,2022-02-08
trade,NOP,POR,pick,2026 2nd round draft pick,,,,True,7690,2022-02-08
trade,NOP,POR,pick,2027 2nd round draft pick,,,,True,7691,2022-02-08
trade,POR,SAS,player,Tomas Satoransky,,,,True,7692,2022-02-09
trade,POR,UTA,player,Nickeil Alexander-Walker,,,,True,7693,2022-02-09
trade,SAS,UTA,player,Juan Hernangomez,,,,True,7694,2022-02-09
trade,UTA,POR,player,Elijah Hughes,,,,True,7695,2022-02-09
trade,UTA,POR,player,Joe Ingles,,,,True,7696,2022-02-09
trade,UTA,POR,player,Jabari Walker,,,,True,7697,2022-02-09
trade,UTA,POR,pick,2022 2nd round draft pick,,,,True,7698,2022-02-09
trade,UTA,SAS,pick,2027 2nd round draft pick,,,,True,7699,2022-02-09
trade,MIA,OKC,player,KZ Okpala,,,,True,7700,2022-02-09
trade,MIA,OKC,player,Thomas Sorber,,,,True,7701,2022-02-09
trade,MIA,OKC,pick,2025 1st round draft pick,,,,True,7702,2022-02-09
trade,MIA,OKC,pick,2023 1st round draft pick,,,,True,7703,2022-02-09
trade,MIA,OKC,pick,2026 2nd round draft pick,,,,True,7704,2022-02-09
trade,BOS,SAS,player,Romeo Langford,,,,True,7705,2022-02-10
trade,BOS,SAS,player,Josh Richardson,,,,True,7706,2022-02-10
trade,BOS,SAS,player,Blake Wesley,,,,True,7707,2022-02-10
trade,BOS,SAS,pick,2022 1st round draft pick,,,,True,7708,2022-02-10
trade,BOS,SAS,pick,2028 1st round draft pick,,,,True,7709,2022-02-10
trade,DAL,WAS,player,Kristaps Porzingis,,,,False,7710,2022-02-10
trade,DAL,WAS,player,Yannick Nzosa,,,,False,7711,2022-02-10
trade,DAL,WAS,pick,2022 2nd round draft pick,,,,False,7712,2022-02-10
trade,BRK,PHI,player,James Harden,,,,True,7713,2022-02-10
trade,BRK,PHI,player,Paul Millsap,,,,True,7714,2022-02-10
trade,BRK,PHI,player,Seth Curry,,,,True,7715,2022-02-10
trade,BRK,PHI,player,Andre Drummond,,,,True,7716,2022-02-10
trade,BRK,PHI,player,Ben Simmons,,,,True,7717,2022-02-10
trade,BRK,PHI,player,Brice Sensabaugh,,,,True,7718,2022-02-10
trade,BRK,PHI,pick,2023 1st round draft pick,,,,True,7719,2022-02-10
trade,BRK,PHI,pick,2027 1st round draft pick,,,,True,7720,2022-02-10
trade,BOS,HOU,player,Bruno Fernando,,,,True,7721,2022-02-10
trade,BOS,HOU,player,Enes Freedom,,,,True,7722,2022-02-10
trade,BOS,HOU,player,Dennis Schroder,,,,True,7723,2022-02-10
trade,BOS,HOU,player,Daniel Theis,,,,True,7724,2022-02-10
trade,IND,PHO,player,Torrey Craig,,,,False,7725,2022-02-10
trade,IND,PHO,player,Jalen Smith,,,,False,7726,2022-02-10
trade,IND,PHO,player,Hugo Besson,,,,False,7727,2022-02-10
trade,IND,PHO,pick,2022 2nd round draft pick,,,,False,7728,2022-02-10
trade,DET,MIL,player,Isaiah Wong,,,,False,7729,2022-02-10
trade,DET,MIL,pick,2023 2nd round draft pick,,,,False,7730,2022-02-10
trade,DET,SAC,player,Josh Jackson,,,,False,7731,2022-02-10
trade,DET,SAC,player,Trey Lyles,,,,False,7732,2022-02-10
trade,LAC,MIL,player,Serge Ibaka,,,,False,7733,2022-02-10
trade,LAC,SAC,player,David Michineau,,,,False,7734,2022-02-10
trade,MIL,LAC,player,Rodney Hood,,,,False,7735,2022-02-10
trade,MIL,LAC,player,Semi Ojeleye,,,,False,7736,2022-02-10
trade,MIL,SAC,player,Donte DiVincenzo,,,,False,7737,2022-02-10
trade,SAC,DET,player,Marvin Bagley III,,,,False,7738,2022-02-10
trade,SAC,LAC,player,Vanja Marinkovic,,,,False,7739,2022-02-10
trade,SAC,MIL,player,Tyler Smith,,,,False,7740,2022-02-10
trade,SAC,MIL,pick,2024 2nd round draft pick,,,,False,7741,2022-02-10
trade,CHO,WAS,player,Vernon Carey Jr.,,,,True,7742,2022-02-10
trade,CHO,WAS,player,Ish Smith,,,,True,7743,2022-02-10
trade,CHO,WAS,player,Trayce Jackson-Davis,,,,True,7744,2022-02-10
trade,CHO,WAS,pick,2023 2nd round draft pick,,,,True,7745,2022-02-10
trade,PHO,WAS,player,Aaron Holiday,,,,True,7746,2022-02-10
trade,SAS,TOR,player,Drew Eubanks,,,,True,7747,2022-02-10
trade,SAS,TOR,player,Thaddeus Young,,,,True,7748,2022-02-10
trade,SAS,TOR,player,Christian Koloko,,,,True,7749,2022-02-10
trade,SAS,TOR,pick,2022 2nd round draft pick,,,,True,7750,2022-02-10
trade,SAS,TOR,pick,2022 1st round draft pick,,,,True,7751,2022-02-10
trade,BOS,ORL,player,Bol Bol,,,,True,7752,2022-02-10
trade,BOS,ORL,player,PJ Dozier,,,,True,7753,2022-02-10
trade,BOS,ORL,pick,2028 2nd round draft pick,,,,True,7754,2022-02-10
trade,BOS,ORL,pick,2023 2nd round draft pick,,,,True,7755,2022-02-10
trade,CLE,SAC,player,Sasha Vezenkov,,,,False,7756,2022-06-23
trade,CLE,SAC,pick,2022 2nd round draft pick,,,,False,7757,2022-06-23
trade,NYK,OKC,player,Ousmane Dieng,,,,False,7758,2022-06-23
trade,NYK,OKC,player,Nick Smith Jr.,,,,False,7759,2022-06-23
trade,NYK,OKC,player,Joan Beringer,,,,False,7760,2022-06-23
trade,NYK,OKC,pick,2023 1st round draft pick,,,,False,7761,2022-06-23
trade,NYK,OKC,pick,2023 1st round draft pick,,,,False,7762,2022-06-23
trade,NYK,OKC,pick,2025 1st round draft pick,,,,False,7763,2022-06-23
trade,CHO,NYK,player,Jalen Duren,,,,False,7764,2022-06-23
trade,CHO,NYK,player,Nick Smith Jr.,,,,False,7765,2022-06-23
trade,CHO,NYK,player,Amari Bailey,,,,False,7766,2022-06-23
trade,CHO,NYK,player,Jaylen Clark,,,,False,7767,2022-06-23
trade,CHO,NYK,player,Mouhamed Gueye,,,,False,7768,2022-06-23
trade,CHO,NYK,player,Cam Spencer,,,,False,7769,2022-06-23
trade,CHO,NYK,pick,2023 1st round draft pick,,,,False,7770,2022-06-23
trade,CHO,NYK,pick,2023 2nd round draft pick,,,,False,7771,2022-06-23
trade,CHO,NYK,pick,2023 2nd round draft pick,,,,False,7772,2022-06-23
trade,CHO,NYK,pick,2023 2nd round draft pick,,,,False,7773,2022-06-23
trade,CHO,NYK,pick,2024 2nd round draft pick,,,,False,7774,2022-06-23
trade,DEN,OKC,player,JaMychal Green,,,,True,7775,2022-06-23
trade,DEN,OKC,pick,2027 1st round draft pick,,,,True,7776,2022-06-23
trade,DEN,OKC,pick,2023 2nd round draft pick,,,,True,7777,2022-06-23
trade,DEN,OKC,pick,2024 2nd round draft pick,,,,True,7778,2022-06-23
trade,MEM,SAS,player,Harrison Ingram,,,,False,7779,2022-06-23
trade,MEM,SAS,pick,2024 2nd round draft pick,,,,False,7780,2022-06-23
trade,DAL,SAC,player,Anton Watson,,,,False,7781,2022-06-23
trade,DAL,SAC,pick,2024 2nd round draft pick,,,,False,7782,2022-06-23
trade,DAL,SAC,pick,2028 2nd round draft pick,,,,False,7783,2022-06-23
trade,CHO,MIN,player,Josh Minott,,,,False,7784,2022-06-23
trade,CHO,MIN,player,Jaylen Clark,,,,False,7785,2022-06-23
trade,CHO,MIN,pick,2023 2nd round draft pick,,,,False,7786,2022-06-23
trade,ATL,GSW,player,Ryan Rollins,,,,False,7787,2022-06-23
trade,ATL,GSW,player,Tyrese Martin,,,,False,7788,2022-06-23
trade,LAL,ORL,player,Max Christie,,,,False,7789,2022-06-23
trade,LAL,ORL,pick,2028 2nd round draft pick,,,,False,7790,2022-06-23
trade,LAL,ORL,pick,2022 2nd round draft pick,,,,False,7791,2022-06-23
trade,DAL,HOU,player,Sterling Brown,,,,True,7792,2022-06-24
trade,DAL,HOU,player,Trey Burke,,,,True,7793,2022-06-24
trade,DAL,HOU,player,Marquese Chriss,,,,True,7794,2022-06-24
trade,DAL,HOU,player,Boban MarjanoviÄ,,,,True,7795,2022-06-24
trade,DAL,HOU,player,Wendell Moore Jr.,,,,True,7796,2022-06-24
trade,DAL,HOU,player,Christian Wood,,,,True,7797,2022-06-24
trade,MEM,MIN,player,Walker Kessler,,,,False,7798,2022-06-24
trade,MEM,MIN,player,TyTy Washington Jr.,,,,False,7799,2022-06-24
trade,MEM,MIN,player,Jake LaRavia,,,,False,7800,2022-06-24
trade,MEM,MIN,player,Gregory Jackson,,,,False,7801,2022-06-24
trade,MEM,MIN,pick,2023 2nd round draft pick,,,,False,7802,2022-06-24
trade,IND,MIN,player,Kendall Brown,,,,False,7803,2022-06-24
trade,IND,MIN,pick,2026 2nd round draft pick,,,,False,7804,2022-06-24
trade,IND,MIL,player,Hugo Besson,,,,False,7805,2022-06-24
trade,HOU,MIN,player,Wendell Moore Jr.,,,,False,7806,2022-06-24
trade,HOU,MIN,player,TyTy Washington Jr.,,,,False,7807,2022-06-24
trade,HOU,MIN,player,Mohamed Diawara,,,,False,7808,2022-06-24
trade,HOU,MIN,pick,2025 2nd round draft pick,,,,False,7809,2022-06-24
trade,HOU,MIN,pick,2027 2nd round draft pick,,,,False,7810,2022-06-24
trade,MEM,PHI,player,De'Anthony Melton,,,,False,7811,2022-06-24
trade,MEM,PHI,player,Danny Green,,,,False,7812,2022-06-24
trade,MEM,PHI,player,David Roddy,,,,False,7813,2022-06-24
trade,BRK,UTA,player,Brice Sensabaugh,,,,True,7814,2022-06-30
trade,BRK,UTA,pick,2023 1st round draft pick,,,,True,7815,2022-06-30
trade,ATL,SAS,player,Danilo Gallinari,,,,False,7816,2022-06-30
trade,ATL,SAS,player,Carter Bryant,,,,False,7817,2022-06-30
trade,ATL,SAS,pick,2023 1st round draft pick,,,,False,7818,2022-06-30
trade,ATL,SAS,pick,2025 1st round draft pick,,,,False,7819,2022-06-30
trade,ATL,SAS,pick,2026 1st round draft pick,,,,False,7820,2022-06-30
trade,ATL,SAS,pick,2027 1st round draft pick,,,,False,7821,2022-06-30
trade,MIN,UTA,player,Malik Beasley,,,,True,7822,2022-07-06
trade,MIN,UTA,player,Patrick Beverley,,,,True,7823,2022-07-06
trade,MIN,UTA,player,Leandro Bolmaro,,,,True,7824,2022-07-06
trade,MIN,UTA,player,Walker Kessler,,,,True,7825,2022-07-06
trade,MIN,UTA,player,Jarred Vanderbilt,,,,True,7826,2022-07-06
trade,MIN,UTA,player,Keyonte George,,,,True,7827,2022-07-06
trade,MIN,UTA,player,Will Riley,,,,True,7828,2022-07-06
trade,MIN,UTA,pick,2023 1st round draft pick,,,,True,7829,2022-07-06
trade,MIN,UTA,pick,2025 1st round draft pick,,,,True,7830,2022-07-06
trade,MIN,UTA,pick,2026 1st round draft pick,,,,True,7831,2022-07-06
trade,MIN,UTA,pick,2027 1st round draft pick,,,,True,7832,2022-07-06
trade,MIN,UTA,pick,2029 1st round draft pick,,,,True,7833,2022-07-06
trade,DET,POR,player,Jerami Grant,,,,True,7834,2022-07-06
trade,DET,POR,player,Ismael Kamagate,,,,True,7835,2022-07-06
trade,DET,POR,player,Gabriele Procida,,,,True,7836,2022-07-06
trade,DET,POR,player,Nolan TraorÃ©,,,,True,7837,2022-07-06
trade,DET,POR,player,Bogoljub Markovic,,,,True,7838,2022-07-06
trade,DET,POR,pick,2025 1st round draft pick,,,,True,7839,2022-07-06
trade,DET,POR,pick,2025 2nd round draft pick,,,,True,7840,2022-07-06
trade,DET,POR,pick,2026 2nd round draft pick,,,,True,7841,2022-07-06
trade,DEN,WAS,player,Will Barton,,,,True,7842,2022-07-06
trade,DEN,WAS,player,Monte Morris,,,,True,7843,2022-07-06
trade,DEN,WAS,player,Kentavious Caldwell-Pope,,,,True,7844,2022-07-06
trade,DEN,WAS,player,Ish Smith,,,,True,7845,2022-07-06
trade,DEN,POR,player,Tyler Kolek,,,,False,7846,2022-07-06
trade,DEN,POR,pick,2024 2nd round draft pick,,,,False,7847,2022-07-06
trade,ATL,PHO,player,Jock Landale,,,,True,7848,2022-07-06
trade,ATL,SAC,player,Kevin Huerter,,,,True,7849,2022-07-06
trade,ATL,SAC,player,Maurice Harkless,,,,True,7850,2022-07-06
trade,ATL,SAC,player,Justin Holiday,,,,True,7851,2022-07-06
trade,ATL,SAC,player,Derik Queen,,,,True,7852,2022-07-06
trade,ATL,SAC,pick,2025 1st round draft pick,,,,True,7853,2022-07-06
trade,DET,NYK,player,Nolan TraorÃ©,,,,True,7854,2022-07-06
trade,DET,NYK,pick,2025 1st round draft pick,,,,True,7855,2022-07-06
trade,BOS,IND,player,Malik Fitts,,,,True,7856,2022-07-09
trade,BOS,IND,player,Juwan Morgan,,,,True,7857,2022-07-09
trade,BOS,IND,player,Aaron Nesmith,,,,True,7858,2022-07-09
trade,BOS,IND,player,Nik Stauskas,,,,True,7859,2022-07-09
trade,BOS,IND,player,Daniel Theis,,,,True,7860,2022-07-09
trade,BOS,IND,player,Julian Strawther,,,,True,7861,2022-07-09
trade,BOS,IND,pick,2023 1st round draft pick,,,,True,7862,2022-07-09
trade,DET,NYK,player,Nikola RadiÄeviÄ,,,,False,7863,2022-07-11
trade,DET,NYK,pick,2025 2nd round draft pick,,,,False,7864,2022-07-11
trade,DET,NYK,pick,2023 2nd round draft pick,,,,False,7865,2022-07-11
trade,DET,NYK,pick,2026 2nd round draft pick,,,,False,7866,2022-07-11
trade,LAL,UTA,player,Talen Horton-Tucker,,,,True,7867,2022-08-25
trade,LAL,UTA,player,Stanley Johnson,,,,True,7868,2022-08-25
trade,LAL,UTA,player,Patrick Beverley,,,,True,7869,2022-08-25
trade,CLE,UTA,player,Ochai Agbaji,,,,True,7870,2022-09-03
trade,CLE,UTA,player,Lauri Markkanen,,,,True,7871,2022-09-03
trade,CLE,UTA,player,Collin Sexton,,,,True,7872,2022-09-03
trade,CLE,UTA,player,Liam McNeeley,,,,True,7873,2022-09-03
trade,CLE,UTA,pick,2025 1st round draft pick,,,,True,7874,2022-09-03
trade,CLE,UTA,pick,2026 1st round draft pick,,,,True,7875,2022-09-03
trade,CLE,UTA,pick,2027 1st round draft pick,,,,True,7876,2022-09-03
trade,CLE,UTA,pick,2028 1st round draft pick,,,,True,7877,2022-09-03
trade,CLE,UTA,pick,2029 1st round draft pick,,,,True,7878,2022-09-03
trade,DET,UTA,player,Saben Lee,,,,True,7879,2022-09-22
trade,DET,UTA,player,Kelly Olynyk,,,,True,7880,2022-09-22
trade,ATL,OKC,player,Maurice Harkless,,,,True,7881,2022-09-27
trade,ATL,OKC,player,Vit Krejci,,,,True,7882,2022-09-27
trade,HOU,OKC,player,Sterling Brown,,,,True,7883,2022-09-30
trade,HOU,OKC,player,Trey Burke,,,,True,7884,2022-09-30
trade,HOU,OKC,player,Marquese Chriss,,,,True,7885,2022-09-30
trade,HOU,OKC,player,David Nwaba,,,,True,7886,2022-09-30
trade,HOU,OKC,player,Derrick Favors,,,,True,7887,2022-09-30
trade,HOU,OKC,player,Maurice Harkless,,,,True,7888,2022-09-30
trade,HOU,OKC,player,Ty Jerome,,,,True,7889,2022-09-30
trade,HOU,OKC,player,Theo Maledon,,,,True,7890,2022-09-30
trade,HOU,OKC,pick,2026 2nd round draft pick,,,,True,7891,2022-09-30
trade,HOU,OKC,pick,2026 2nd round draft pick,,,,True,7892,2022-09-30
trade,BOS,SAS,player,Noah Vonleh,,,,True,7893,2023-01-05
trade,LAL,WAS,player,Kendrick Nunn,,,,True,7894,2023-01-23
trade,LAL,WAS,player,Tristan Vukcevic,,,,True,7895,2023-01-23
trade,LAL,WAS,pick,2023 2nd round draft pick,,,,True,7896,2023-01-23
trade,LAL,WAS,pick,2028 2nd round draft pick,,,,True,7897,2023-01-23
trade,LAL,WAS,pick,2029 2nd round draft pick,,,,True,7898,2023-01-23
trade,BRK,DAL,player,Kyrie Irving,,,,True,7899,2023-02-06
trade,BRK,DAL,player,Markieff Morris,,,,True,7900,2023-02-06
trade,BRK,DAL,player,Spencer Dinwiddie,,,,True,7901,2023-02-06
trade,BRK,DAL,player,Dorian Finney-Smith,,,,True,7902,2023-02-06
trade,BRK,DAL,pick,2027 2nd round draft pick,,,,True,7903,2023-02-06
trade,BRK,DAL,pick,2029 1st round draft pick,,,,True,7904,2023-02-06
trade,BRK,DAL,pick,2029 2nd round draft pick,,,,True,7905,2023-02-06
trade,BRK,SAC,player,Kessler Edwards,,,,True,7906,2023-02-07
trade,MIA,SAS,player,Dewayne Dedmon,,,,True,7907,2023-02-07
trade,MIA,SAS,pick,2028 2nd round draft pick,,,,True,7908,2023-02-07
trade,CHO,LAC,player,Mason Plumlee,,,,True,7909,2023-02-09
trade,CHO,LAC,player,Reggie Jackson,,,,True,7910,2023-02-09
trade,CHO,LAC,pick,2028 2nd round draft pick,,,,True,7911,2023-02-09
trade,CHO,PHI,player,Jalen McDaniels,,,,True,7912,2023-02-09
trade,CHO,PHI,player,Cam Spencer,,,,True,7913,2023-02-09
trade,CHO,PHI,pick,2024 2nd round draft pick,,,,True,7914,2023-02-09
trade,NYK,CHO,player,Sviatoslav Mykhailiuk,,,,True,7915,2023-02-09
trade,NYK,POR,player,Ryan Arcidiacono,,,,True,7916,2023-02-09
trade,NYK,POR,player,Cam Reddish,,,,True,7917,2023-02-09
trade,NYK,POR,player,Ante Tomic,,,,True,7918,2023-02-09
trade,NYK,POR,player,Kris Murray,,,,True,7919,2023-02-09
trade,NYK,POR,pick,2023 1st round draft pick,,,,True,7920,2023-02-09
trade,PHI,CHO,player,Colby Jones,,,,True,7921,2023-02-09
trade,PHI,CHO,pick,2023 2nd round draft pick,,,,True,7922,2023-02-09
trade,PHI,POR,player,Matisse Thybulle,,,,True,7923,2023-02-09
trade,POR,CHO,pick,2027 2nd round draft pick,,,,True,7924,2023-02-09
trade,POR,NYK,player,Dani Diez,,,,True,7925,2023-02-09
trade,POR,NYK,player,Bojan Dubljevic,,,,True,7926,2023-02-09
trade,POR,NYK,player,Josh Hart,,,,True,7927,2023-02-09
trade,POR,PHI,pick,2029 2nd round draft pick,,,,True,7928,2023-02-09
trade,HOU,LAC,player,Eric Gordon,,,,True,7929,2023-02-09
trade,HOU,LAC,player,Kobe Brown,,,,True,7930,2023-02-09
trade,HOU,LAC,pick,2023 1st round draft pick,,,,True,7931,2023-02-09
trade,LAC,HOU,player,John Wall,,,,True,7932,2023-02-09
trade,LAC,HOU,player,Cam Whitmore,,,,True,7933,2023-02-09
trade,LAC,HOU,pick,2023 1st round draft pick,,,,True,7934,2023-02-09
trade,LAC,MEM,player,Luke Kennard,,,,True,7935,2023-02-09
trade,LAC,MEM,pick,2026 2nd round draft pick,,,,True,7936,2023-02-09
trade,MEM,HOU,player,Danny Green,,,,True,7937,2023-02-09
trade,MEM,LAC,player,Cam Christie,,,,True,7938,2023-02-09
trade,MEM,LAC,player,Juan Nunez,,,,True,7939,2023-02-09
trade,MEM,LAC,pick,2024 2nd round draft pick,,,,True,7940,2023-02-09
trade,MEM,LAC,pick,2024 2nd round draft pick,,,,True,7941,2023-02-09
trade,MEM,LAC,pick,2027 2nd round draft pick,,,,True,7942,2023-02-09
trade,BOS,OKC,player,Justin Jackson,,,,True,7943,2023-02-09
trade,BOS,OKC,player,Keyonte Johnson,,,,True,7944,2023-02-09
trade,BOS,OKC,pick,2023 2nd round draft pick,,,,True,7945,2023-02-09
trade,BOS,OKC,pick,2029 2nd round draft pick,,,,True,7946,2023-02-09
trade,NOP,SAS,player,Devonte' Graham,,,,False,7947,2023-02-09
trade,NOP,SAS,player,Adem Bona,,,,False,7948,2023-02-09
trade,NOP,SAS,pick,2024 2nd round draft pick,,,,False,7949,2023-02-09
trade,NOP,SAS,pick,2026 2nd round draft pick,,,,False,7950,2023-02-09
trade,NOP,SAS,pick,2028 2nd round draft pick,,,,False,7951,2023-02-09
trade,NOP,SAS,pick,2029 2nd round draft pick,,,,False,7952,2023-02-09
trade,ATL,GSW,pick,2026 2nd round draft pick,,,,True,7953,2023-02-09
trade,ATL,GSW,pick,2028 2nd round draft pick,,,,True,7954,2023-02-09
trade,ATL,POR,player,Rayan Rupert,,,,True,7955,2023-02-09
trade,ATL,POR,player,Oso Ighodaro,,,,True,7956,2023-02-09
trade,ATL,POR,pick,2023 2nd round draft pick,,,,True,7957,2023-02-09
trade,ATL,POR,pick,2024 2nd round draft pick,,,,True,7958,2023-02-09
trade,ATL,POR,pick,2025 2nd round draft pick,,,,True,7959,2023-02-09
trade,DET,ATL,player,Saddiq Bey,,,,True,7960,2023-02-09
trade,DET,POR,player,Kevin Knox,,,,True,7961,2023-02-09
trade,GSW,DET,player,James Wiseman,,,,True,7962,2023-02-09
trade,GSW,POR,pick,2026 2nd round draft pick,,,,True,7963,2023-02-09
trade,GSW,POR,pick,2028 2nd round draft pick,,,,True,7964,2023-02-09
trade,POR,GSW,player,Gary Payton II,,,,True,7965,2023-02-09
trade,OKC,PHO,player,Darius Bazley,,,,True,7966,2023-02-09
trade,OKC,PHO,player,Dario Saric,,,,True,7967,2023-02-09
trade,OKC,PHO,pick,2029 2nd round draft pick,,,,True,7968,2023-02-09
trade,ATL,HOU,player,Justin Holiday,,,,True,7969,2023-02-09
trade,ATL,HOU,player,Frank Kaminsky,,,,True,7970,2023-02-09
trade,ATL,HOU,player,Ulrich Chomche,,,,True,7971,2023-02-09
trade,ATL,HOU,player,Jahmai Mashack,,,,True,7972,2023-02-09
trade,ATL,HOU,pick,2024 2nd round draft pick,,,,True,7973,2023-02-09
trade,ATL,HOU,pick,2025 2nd round draft pick,,,,True,7974,2023-02-09
trade,BRK,PHO,player,Kevin Durant,,,,True,7975,2023-02-09
trade,BRK,PHO,player,T.J. Warren,,,,True,7976,2023-02-09
trade,IND,BRK,player,Juan Vaulet,,,,True,7977,2023-02-09
trade,MIL,BRK,pick,2028 2nd round draft pick,,,,True,7978,2023-02-09
trade,MIL,BRK,pick,2029 2nd round draft pick,,,,True,7979,2023-02-09
trade,MIL,IND,player,George Hill,,,,True,7980,2023-02-09
trade,MIL,IND,player,Serge Ibaka,,,,True,7981,2023-02-09
trade,MIL,IND,player,Jordan Nwora,,,,True,7982,2023-02-09
trade,MIL,IND,player,Isaiah Wong,,,,True,7983,2023-02-09
trade,MIL,IND,player,Quinten Post,,,,True,7984,2023-02-09
trade,MIL,IND,player,Taelon Peter,,,,True,7985,2023-02-09
trade,MIL,IND,pick,2023 2nd round draft pick,,,,True,7986,2023-02-09
trade,MIL,IND,pick,2024 2nd round draft pick,,,,True,7987,2023-02-09
trade,MIL,IND,pick,2025 2nd round draft pick,,,,True,7988,2023-02-09
trade,PHO,BRK,player,Mikal Bridges,,,,True,7989,2023-02-09
trade,PHO,BRK,player,Cameron Johnson,,,,True,7990,2023-02-09
trade,PHO,BRK,player,Noah Clowney,,,,True,7991,2023-02-09
trade,PHO,BRK,player,Khaman Maluach,,,,True,7992,2023-02-09
trade,PHO,BRK,pick,2023 1st round draft pick,,,,True,7993,2023-02-09
trade,PHO,BRK,pick,2025 1st round draft pick,,,,True,7994,2023-02-09
trade,PHO,BRK,pick,2027 1st round draft pick,,,,True,7995,2023-02-09
trade,PHO,BRK,pick,2028 1st round draft pick,,,,True,7996,2023-02-09
trade,PHO,BRK,pick,2029 1st round draft pick,,,,True,7997,2023-02-09
trade,PHO,MIL,player,Jae Crowder,,,,True,7998,2023-02-09
trade,DEN,LAC,player,Bones Hyland,,,,True,7999,2023-02-09
trade,DEN,LAL,player,Davon Reed,,,,True,8000,2023-02-09
trade,DEN,ORL,pick,2024 2nd round draft pick,,,,True,8001,2023-02-09
trade,LAC,LAL,player,Bronny James,,,,True,8002,2023-02-09
trade,LAC,LAL,player,John Tonje,,,,True,8003,2023-02-09
trade,LAC,LAL,pick,2024 2nd round draft pick,,,,True,8004,2023-02-09
trade,LAC,LAL,pick,2025 2nd round draft pick,,,,True,8005,2023-02-09
trade,LAL,DEN,player,Thomas Bryant,,,,True,8006,2023-02-09
trade,LAL,ORL,player,Patrick Beverley,,,,True,8007,2023-02-09
trade,ORL,LAL,player,Mo Bamba,,,,True,8008,2023-02-09
trade,LAL,MIN,player,Bobi Klintman,,,,True,8009,2023-02-09
trade,LAL,MIN,pick,2024 2nd round draft pick,,,,True,8010,2023-02-09
trade,LAL,UTA,player,Damian Jones,,,,True,8011,2023-02-09
trade,LAL,UTA,player,Juan Toscano-Anderson,,,,True,8012,2023-02-09
trade,LAL,UTA,player,Russell Westbrook,,,,True,8013,2023-02-09
trade,LAL,UTA,pick,2027 1st round draft pick,,,,True,8014,2023-02-09
trade,MIN,LAL,player,D'Angelo Russell,,,,True,8015,2023-02-09
trade,UTA,LAL,player,Malik Beasley,,,,True,8016,2023-02-09
trade,UTA,LAL,player,Jarred Vanderbilt,,,,True,8017,2023-02-09
trade,UTA,MIN,player,Nickeil Alexander-Walker,,,,True,8018,2023-02-09
trade,UTA,MIN,player,Mike Conley,,,,True,8019,2023-02-09
trade,UTA,MIN,player,Rasheer Fleming,,,,True,8020,2023-02-09
trade,UTA,MIN,pick,2025 2nd round draft pick,,,,True,8021,2023-02-09
trade,UTA,MIN,pick,2026 2nd round draft pick,,,,True,8022,2023-02-09
trade,SAS,TOR,player,Jakob Poeltl,,,,False,8023,2023-02-09
trade,SAS,TOR,player,Khem Birch,,,,False,8024,2023-02-09
trade,SAS,TOR,player,Sidy Cissoko,,,,False,8025,2023-02-09
trade,SAS,TOR,player,Rob Dillingham,,,,False,8026,2023-02-09
trade,SAS,TOR,player,Chaz Lanier,,,,False,8027,2023-02-09
trade,SAS,TOR,pick,2023 2nd round draft pick,,,,False,8028,2023-02-09
trade,SAS,TOR,pick,2024 1st round draft pick,,,,False,8029,2023-02-09
trade,SAS,TOR,pick,2025 2nd round draft pick,,,,False,8030,2023-02-09
trade,MIL,ORL,player,Andre Jackson,,,,False,8031,2023-06-22
trade,MIL,ORL,pick,2030 2nd round draft pick,,,,False,8032,2023-06-22
trade,MIN,SAS,player,Leonard Miller,,,,False,8033,2023-06-23
trade,MIN,SAS,pick,2026 2nd round draft pick,,,,False,8034,2023-06-23
trade,MIN,SAS,pick,2028 2nd round draft pick,,,,False,8035,2023-06-23
trade,GSW,WAS,player,Trayce Jackson-Davis,,,,False,8036,2023-06-23
trade,BOS,MEM,player,Marcus Smart,,,,False,8037,2023-06-23
trade,BOS,WAS,player,Danilo Gallinari,,,,False,8038,2023-06-23
trade,BOS,WAS,player,Mike Muscala,,,,False,8039,2023-06-23
trade,BOS,WAS,player,Julian Phillips,,,,False,8040,2023-06-23
trade,MEM,BOS,player,Marcus Sasser,,,,False,8041,2023-06-23
trade,MEM,BOS,player,Bub Carrington,,,,False,8042,2023-06-23
trade,MEM,BOS,pick,2024 1st round draft pick,,,,False,8043,2023-06-23
trade,MEM,WAS,player,Tyus Jones,,,,False,8044,2023-06-23
trade,WAS,BOS,player,Kristaps Porzingis,,,,False,8045,2023-06-23
trade,DEN,LAL,player,Maxwell Lewis,,,,False,8046,2023-06-23
trade,DEN,OKC,pick,2029 1st round draft pick,,,,False,8047,2023-06-23
trade,IND,DEN,player,Jalen Pickett,,,,False,8048,2023-06-23
trade,IND,DEN,player,Julian Strawther,,,,False,8049,2023-06-23
trade,LAL,IND,player,Mojave King,,,,False,8050,2023-06-23
trade,OKC,DEN,player,Hunter Tyson,,,,False,8051,2023-06-23
trade,OKC,DEN,player,Kevin McCullar Jr.,,,,False,8052,2023-06-23
trade,OKC,DEN,pick,2024 2nd round draft pick,,,,False,8053,2023-06-23
trade,OKC,IND,player,Isaiah Collier,,,,False,8054,2023-06-23
trade,OKC,IND,pick,2024 1st round draft pick,,,,False,8055,2023-06-23
trade,OKC,IND,pick,2024 1st round draft pick,,,,False,8056,2023-06-23
trade,IND,WAS,player,Bilal Coulibaly,,,,True,8057,2023-06-23
trade,PHO,IND,pick,2028 2nd round draft pick,,,,True,8058,2023-06-23
trade,PHO,WAS,player,Chris Paul,,,,True,8059,2023-06-23
trade,PHO,WAS,player,Landry Shamet,,,,True,8060,2023-06-23
trade,PHO,WAS,player,Melvin AjinÃ§a,,,,True,8061,2023-06-23
trade,PHO,WAS,player,Micah Peavy,,,,True,8062,2023-06-23
trade,PHO,WAS,pick,2024 1st round draft pick,,,,True,8063,2023-06-23
trade,PHO,WAS,pick,2024 2nd round draft pick,,,,True,8064,2023-06-23
trade,PHO,WAS,pick,2025 2nd round draft pick,,,,True,8065,2023-06-23
trade,PHO,WAS,pick,2026 1st round draft pick,,,,True,8066,2023-06-23
trade,PHO,WAS,pick,2026 2nd round draft pick,,,,True,8067,2023-06-23
trade,PHO,WAS,pick,2027 2nd round draft pick,,,,True,8068,2023-06-23
trade,PHO,WAS,pick,2028 1st round draft pick,,,,True,8069,2023-06-23
trade,PHO,WAS,pick,2030 1st round draft pick,,,,True,8070,2023-06-23
trade,PHO,WAS,pick,2030 2nd round draft pick,,,,True,8071,2023-06-23
trade,WAS,IND,player,Jarace Walker,,,,True,8072,2023-06-23
trade,WAS,IND,pick,2029 2nd round draft pick,,,,True,8073,2023-06-23
trade,WAS,PHO,player,Bradley Beal,,,,True,8074,2023-06-23
trade,WAS,PHO,player,Jordan Goodwin,,,,True,8075,2023-06-23
trade,WAS,PHO,player,Isaiah Todd,,,,True,8076,2023-06-23
trade,BOS,DET,player,Marcus Sasser,,,,False,8077,2023-06-28
trade,BOS,DET,player,James Nnaji,,,,False,8078,2023-06-28
trade,BOS,DET,player,Noah Penda,,,,False,8079,2023-06-28
trade,BOS,DET,pick,2025 2nd round draft pick,,,,False,8080,2023-06-28
trade,BOS,DET,pick,2026 2nd round draft pick,,,,False,8081,2023-06-28
trade,BOS,CHO,player,James Nnaji,,,,False,8082,2023-06-28
trade,BOS,CHO,player,Mouhamed Gueye,,,,False,8083,2023-06-28
trade,BOS,CHO,player,Colby Jones,,,,False,8084,2023-06-28
trade,BOS,SAC,player,Colby Jones,,,,False,8085,2023-06-28
trade,BOS,SAC,player,Jordan Walsh,,,,False,8086,2023-06-28
trade,BOS,SAC,player,Anton Watson,,,,False,8087,2023-06-28
trade,BOS,SAC,pick,2024 2nd round draft pick,,,,False,8088,2023-06-28
trade,ATL,BOS,player,Mouhamed Gueye,,,,False,8089,2023-06-28
trade,ATL,BOS,pick,2027 2nd round draft pick,,,,False,8090,2023-06-28
trade,CHI,WAS,player,Julian Phillips,,,,False,8091,2023-06-28
trade,CHI,WAS,pick,2026 2nd round draft pick,,,,False,8092,2023-06-28
trade,CHI,WAS,pick,2027 2nd round draft pick,,,,False,8093,2023-06-28
trade,IND,SAC,player,Chris Duarte,,,,False,8094,2023-07-06
trade,IND,SAC,pick,2028 2nd round draft pick,,,,False,8095,2023-07-06
trade,IND,SAC,pick,2030 2nd round draft pick,,,,False,8096,2023-07-06
trade,DET,WAS,player,Monte Morris,,,,False,8097,2023-07-06
trade,DET,WAS,pick,2027 2nd round draft pick,,,,False,8098,2023-07-06
trade,CLE,MIA,pick,2026 2nd round draft pick,,,,False,8099,2023-07-06
trade,CLE,SAS,player,Cedi Osman,,,,False,8100,2023-07-06
trade,CLE,SAS,player,Lamar Stevens,,,,False,8101,2023-07-06
trade,CLE,SAS,pick,2030 2nd round draft pick,,,,False,8102,2023-07-06
trade,MIA,CLE,player,Max Strus,,,,False,8103,2023-07-06
trade,DAL,SAC,player,Richaun Holmes,,,,False,8104,2023-07-06
trade,DAL,SAC,player,Olivier-Maxence Prosper,,,,False,8105,2023-07-06
trade,DAL,OKC,player,Davis Bertans,,,,False,8106,2023-07-06
trade,DAL,OKC,player,Cason Wallace,,,,False,8107,2023-07-06
trade,DAL,OKC,player,Dereck Lively II,,,,False,8108,2023-07-06
trade,GSW,WAS,player,Patrick Baldwin Jr.,,,,False,8109,2023-07-06
trade,GSW,WAS,player,Jordan Poole,,,,False,8110,2023-07-06
trade,GSW,WAS,player,Ryan Rollins,,,,False,8111,2023-07-06
trade,GSW,WAS,pick,2027 2nd round draft pick,,,,False,8112,2023-07-06
trade,GSW,WAS,pick,2030 1st round draft pick,,,,False,8113,2023-07-06
trade,BRK,HOU,player,Patty Mills,,,,False,8114,2023-07-06
trade,BRK,HOU,pick,2028 2nd round draft pick,,,,False,8115,2023-07-06
trade,BRK,HOU,pick,2024 2nd round draft pick,,,,False,8116,2023-07-06
trade,MIA,OKC,player,Victor Oladipo,,,,False,8117,2023-07-06
trade,MIA,OKC,pick,2029 2nd round draft pick,,,,False,8118,2023-07-06
trade,MIA,OKC,pick,2030 2nd round draft pick,,,,False,8119,2023-07-06
trade,BRK,DET,player,Joe Harris,,,,False,8120,2023-07-06
trade,BRK,DET,pick,2027 2nd round draft pick,,,,False,8121,2023-07-06
trade,BRK,DET,pick,2029 2nd round draft pick,,,,False,8122,2023-07-06
trade,ATL,UTA,player,John Collins,,,,False,8123,2023-07-07
trade,ATL,UTA,player,Rudy Gay,,,,False,8124,2023-07-07
trade,ATL,UTA,pick,2026 2nd round draft pick,,,,False,8125,2023-07-07
trade,IND,NYK,player,Obi Toppin,,,,False,8126,2023-07-07
trade,IND,NYK,pick,2028 2nd round draft pick,,,,False,8127,2023-07-07
trade,IND,NYK,pick,2029 2nd round draft pick,,,,False,8128,2023-07-07
trade,ATL,HOU,player,Alpha Kaba,,,,False,8129,2023-07-08
trade,HOU,ATL,player,Usman Garuba,,,,False,8130,2023-07-08
trade,HOU,ATL,player,TyTy Washington Jr.,,,,False,8131,2023-07-08
trade,HOU,ATL,player,Mohamed Diawara,,,,False,8132,2023-07-08
trade,HOU,ATL,pick,2025 2nd round draft pick,,,,False,8133,2023-07-08
trade,HOU,ATL,pick,2028 2nd round draft pick,,,,False,8134,2023-07-08
trade,HOU,LAC,player,Kenyon Martin,,,,False,8135,2023-07-08
trade,HOU,MEM,player,Josh Christopher,,,,False,8136,2023-07-08
trade,HOU,OKC,player,Patty Mills,,,,False,8137,2023-07-08
trade,HOU,OKC,player,KJ Simpson,,,,False,8138,2023-07-08
trade,HOU,OKC,pick,2024 2nd round draft pick,,,,False,8139,2023-07-08
trade,HOU,OKC,pick,2029 2nd round draft pick,,,,False,8140,2023-07-08
trade,HOU,OKC,pick,2030 2nd round draft pick,,,,False,8141,2023-07-08
trade,LAC,HOU,pick,2026 2nd round draft pick,,,,False,8142,2023-07-08
trade,LAC,HOU,pick,2027 2nd round draft pick,,,,False,8143,2023-07-08
trade,LAC,MEM,player,Vanja Marinkovic,,,,False,8144,2023-07-08
trade,MEM,HOU,player,Dillon Brooks,,,,False,8145,2023-07-08
trade,CLE,UTA,player,Damian Jones,,,,False,8146,2023-07-08
trade,MEM,PHO,player,Ryan Kalkbrenner,,,,False,8147,2023-07-11
trade,MEM,PHO,pick,2025 2nd round draft pick,,,,False,8148,2023-07-11
trade,MEM,PHO,pick,2028 2nd round draft pick,,,,False,8149,2023-07-11
trade,MEM,PHO,pick,2029 2nd round draft pick,,,,False,8150,2023-07-11
trade,MEM,PHO,pick,2024 1st round draft pick,,,,False,8151,2023-07-11
trade,MEM,PHO,pick,2030 1st round draft pick,,,,False,8152,2023-07-11
trade,BOS,DAL,player,Grant Williams,,,,False,8153,2023-07-12
trade,DAL,BOS,pick,2025 2nd round draft pick,,,,False,8154,2023-07-12
trade,DAL,BOS,pick,2030 2nd round draft pick,,,,False,8155,2023-07-12
trade,DAL,SAS,player,Reggie Bullock,,,,False,8156,2023-07-12
trade,DAL,SAS,pick,2030 1st round draft pick,,,,False,8157,2023-07-12
trade,SAS,BOS,player,Adem Bona,,,,False,8158,2023-07-12
trade,SAS,BOS,pick,2024 2nd round draft pick,,,,False,8159,2023-07-12
trade,SAS,DAL,player,Chaz Lanier,,,,False,8160,2023-07-12
trade,SAS,DAL,pick,2025 2nd round draft pick,,,,False,8161,2023-07-12
trade,SAS,DAL,pick,2028 2nd round draft pick,,,,False,8162,2023-07-12
trade,ATL,OKC,player,Usman Garuba,,,,False,8163,2023-07-12
trade,ATL,OKC,player,Rudy Gay,,,,False,8164,2023-07-12
trade,ATL,OKC,player,Ty Ty Washington,,,,False,8165,2023-07-12
trade,ATL,OKC,pick,2026 2nd round draft pick,,,,False,8166,2023-07-12
trade,PHO,SAS,player,Cameron Payne,,,,False,8167,2023-07-17
trade,PHO,SAS,player,Ryan Kalkbrenner,,,,False,8168,2023-07-17
trade,PHO,SAS,pick,2025 2nd round draft pick,,,,False,8169,2023-07-17
trade,PHO,SAS,pick,2024 2nd round draft pick,,,,False,8170,2023-07-17
trade,MIL,PHO,player,Grayson Allen,,,,False,8171,2023-09-27
trade,MIL,POR,player,Jrue Holiday,,,,False,8172,2023-09-27
trade,MIL,POR,pick,2028 1st round draft pick,,,,False,8173,2023-09-27
trade,MIL,POR,pick,2029 1st round draft pick,,,,False,8174,2023-09-27
trade,MIL,POR,pick,2030 1st round draft pick,,,,False,8175,2023-09-27
trade,PHO,POR,player,Deandre Ayton,,,,False,8176,2023-09-27
trade,PHO,POR,player,Toumani Camara,,,,False,8177,2023-09-27
trade,POR,MIL,player,Damian Lillard,,,,False,8178,2023-09-27
trade,POR,PHO,player,Keon Johnson,,,,False,8179,2023-09-27
trade,POR,PHO,player,Nassir Little,,,,False,8180,2023-09-27
trade,POR,PHO,player,Jusuf Nurkic,,,,False,8181,2023-09-27
trade,BOS,POR,player,Malcolm Brogdon,,,,True,8182,2023-10-01
trade,BOS,POR,player,Robert Williams,,,,True,8183,2023-10-01
trade,BOS,POR,player,Bub Carrington,,,,True,8184,2023-10-01
trade,BOS,POR,pick,2024 1st round draft pick,,,,True,8185,2023-10-01
trade,BOS,POR,pick,2029 1st round draft pick,,,,True,8186,2023-10-01
trade,HOU,OKC,player,Kevin Porter Jr.,,,,True,8187,2023-10-17
trade,HOU,OKC,pick,2027 2nd round draft pick,,,,True,8188,2023-10-17
trade,HOU,OKC,pick,2028 2nd round draft pick,,,,True,8189,2023-10-17
trade,LAC,OKC,pick,2027 1st round draft pick,,,,True,8190,2023-11-01
trade,LAC,PHI,player,Nicolas Batum,,,,True,8191,2023-11-01
trade,LAC,PHI,player,Robert Covington,,,,True,8192,2023-11-01
trade,LAC,PHI,player,KJ Martin,,,,True,8193,2023-11-01
trade,LAC,PHI,player,Marcus Morris,,,,True,8194,2023-11-01
trade,LAC,PHI,player,Juan Nunez,,,,True,8195,2023-11-01
trade,LAC,PHI,pick,2024 2nd round draft pick,,,,True,8196,2023-11-01
trade,LAC,PHI,pick,2028 1st round draft pick,,,,True,8197,2023-11-01
trade,LAC,PHI,pick,2029 1st round draft pick,,,,True,8198,2023-11-01
trade,LAC,PHI,pick,2029 2nd round draft pick,,,,True,8199,2023-11-01
trade,OKC,PHI,pick,2026 2nd round draft pick,,,,True,8200,2023-11-01
trade,PHI,LAC,player,James Harden,,,,True,8201,2023-11-01
trade,PHI,LAC,player,Filip Petrusev,,,,True,8202,2023-11-01
trade,PHI,LAC,player,P.J. Tucker,,,,True,8203,2023-11-01
trade,LAC,SAC,player,Filip Petrusev,,,,True,8204,2023-11-01
trade,NYK,TOR,player,R.J. Barrett,,,,True,8205,2023-12-30
trade,NYK,TOR,player,Immanuel Quickley,,,,True,8206,2023-12-30
trade,NYK,TOR,player,Jonathan Mogbo,,,,True,8207,2023-12-30
trade,NYK,TOR,pick,2024 2nd round draft pick,,,,True,8208,2023-12-30
trade,DET,WAS,player,Marvin Bagley,,,,True,8209,2024-01-14
trade,DET,WAS,player,Isaiah Livers,,,,True,8210,2024-01-14
trade,DET,WAS,player,Bogoljub Markovic,,,,True,8211,2024-01-14
trade,DET,WAS,pick,2025 2nd round draft pick,,,,True,8212,2024-01-14
trade,DET,WAS,pick,2026 2nd round draft pick,,,,True,8213,2024-01-14
trade,IND,NOP,player,Kira Lewis Jr.,,,,True,8214,2024-01-17
trade,IND,NOP,player,Enrique Freeman,,,,True,8215,2024-01-17
trade,IND,NOP,pick,2024 2nd round draft pick,,,,True,8216,2024-01-17
trade,IND,TOR,player,Bruce Brown,,,,True,8217,2024-01-17
trade,IND,TOR,player,Kira Lewis Jr.,,,,True,8218,2024-01-17
trade,IND,TOR,player,Jordan Nwora,,,,True,8219,2024-01-17
trade,IND,TOR,player,Isaiah Collier,,,,True,8220,2024-01-17
trade,IND,TOR,player,Ja'Kobe Walter,,,,True,8221,2024-01-17
trade,IND,TOR,pick,2024 1st round draft pick,,,,True,8222,2024-01-17
trade,IND,TOR,pick,2024 1st round draft pick,,,,True,8223,2024-01-17
trade,IND,TOR,pick,2026 1st round draft pick,,,,True,8224,2024-01-17
trade,CHO,MIA,player,Terry Rozier,,,,True,8225,2024-01-23
trade,CHO,MIA,player,Kyle Lowry,,,,True,8226,2024-01-23
trade,CHO,MIA,pick,2027 1st round draft pick,,,,True,8227,2024-01-23
trade,HOU,MEM,player,Victor Oladipo,,,,True,8228,2024-02-01
trade,HOU,MEM,player,Ulrich Chomche,,,,True,8229,2024-02-01
trade,HOU,MEM,player,Jaylen Wells,,,,True,8230,2024-02-01
trade,HOU,MEM,player,Will Richard,,,,True,8231,2024-02-01
trade,HOU,MEM,pick,2024 2nd round draft pick,,,,True,8232,2024-02-01
trade,HOU,MEM,pick,2024 2nd round draft pick,,,,True,8233,2024-02-01
trade,HOU,MEM,pick,2025 2nd round draft pick,,,,True,8234,2024-02-01
trade,BOS,MEM,player,Lamar Stevens,,,,True,8235,2024-02-07
trade,BOS,MEM,pick,2027 2nd round draft pick,,,,True,8236,2024-02-07
trade,BOS,MEM,pick,2030 2nd round draft pick,,,,True,8237,2024-02-07
trade,DET,UTA,player,Kevin Knox,,,,True,8238,2024-02-08
trade,DET,UTA,player,Gabriele Procida,,,,True,8239,2024-02-08
trade,DET,UTA,player,Kyle Filipowski,,,,True,8240,2024-02-08
trade,DET,UTA,pick,2024 2nd round draft pick,,,,True,8241,2024-02-08
trade,DET,PHI,player,Danuel House,,,,True,8242,2024-02-08
trade,DET,PHI,player,Cam Spencer,,,,True,8243,2024-02-08
trade,DET,PHI,pick,2028 2nd round draft pick,,,,True,8244,2024-02-08
trade,DET,PHI,pick,2024 2nd round draft pick,,,,True,8245,2024-02-08
trade,TOR,UTA,player,Kira Lewis Jr.,,,,True,8246,2024-02-08
trade,TOR,UTA,player,Otto Porter Jr.,,,,True,8247,2024-02-08
trade,TOR,UTA,player,Isaiah Collier,,,,True,8248,2024-02-08
trade,TOR,UTA,pick,2024 1st round draft pick,,,,True,8249,2024-02-08
trade,BRK,TOR,player,Spencer Dinwiddie,,,,True,8250,2024-02-08
trade,BRK,TOR,player,Dennis Schroder,,,,True,8251,2024-02-08
trade,BRK,TOR,player,Thaddeus Young,,,,True,8252,2024-02-08
trade,DET,NYK,player,Bojan Bogdanovic,,,,True,8253,2024-02-08
trade,DET,NYK,player,Alec Burks,,,,True,8254,2024-02-08
trade,DET,NYK,player,Ryan Arcidiacono,,,,True,8255,2024-02-08
trade,DET,NYK,player,Malachi Flynn,,,,True,8256,2024-02-08
trade,DET,NYK,player,Evan Fournier,,,,True,8257,2024-02-08
trade,DET,NYK,player,Quentin Grimes,,,,True,8258,2024-02-08
trade,GSW,IND,player,Cory Joseph,,,,True,8259,2024-02-08
trade,GSW,IND,pick,2025 2nd round draft pick,,,,True,8260,2024-02-08
trade,GSW,IND,pick,2024 2nd round draft pick,,,,True,8261,2024-02-08
trade,CHO,DAL,player,P.J. Washington,,,,True,8262,2024-02-08
trade,CHO,DAL,player,Ariel Hukporti,,,,True,8263,2024-02-08
trade,CHO,DAL,pick,2024 2nd round draft pick,,,,True,8264,2024-02-08
trade,CHO,DAL,pick,2028 2nd round draft pick,,,,True,8265,2024-02-08
trade,CHO,DAL,pick,2027 1st round draft pick,,,,True,8266,2024-02-08
trade,IND,PHI,player,Buddy Hield,,,,True,8267,2024-02-08
trade,PHI,IND,player,Furkan Korkmaz,,,,True,8268,2024-02-08
trade,PHI,IND,player,Juan Nunez,,,,True,8269,2024-02-08
trade,PHI,IND,pick,2024 2nd round draft pick,,,,True,8270,2024-02-08
trade,PHI,IND,pick,2029 2nd round draft pick,,,,True,8271,2024-02-08
trade,PHI,SAS,player,Marcus Morris,,,,True,8272,2024-02-08
trade,PHI,SAS,pick,2029 2nd round draft pick,,,,True,8273,2024-02-08
trade,SAS,IND,player,Doug McDermott,,,,True,8274,2024-02-08
trade,DAL,WAS,player,Richaun Holmes,,,,True,8275,2024-02-08
trade,DAL,WAS,player,Dillon Jones,,,,True,8276,2024-02-08
trade,DAL,WAS,pick,2024 1st round draft pick,,,,True,8277,2024-02-08
trade,BRK,PHO,player,Royce O'Neale,,,,True,8278,2024-02-08
trade,MEM,BRK,player,Vanja Marinkovic,,,,True,8279,2024-02-08
trade,MEM,PHO,player,David Roddy,,,,True,8280,2024-02-08
trade,PHO,BRK,player,Keita Bates-Diop,,,,True,8281,2024-02-08
trade,PHO,BRK,player,Jordan Goodwin,,,,True,8282,2024-02-08
trade,PHO,BRK,pick,2026 2nd round draft pick,,,,True,8283,2024-02-08
trade,PHO,BRK,pick,2028 2nd round draft pick,,,,True,8284,2024-02-08
trade,PHO,BRK,pick,2029 2nd round draft pick,,,,True,8285,2024-02-08
trade,PHO,MEM,player,Chimezie Metu,,,,True,8286,2024-02-08
trade,PHO,MEM,player,Yuta Watanabe,,,,True,8287,2024-02-08
trade,PHO,MEM,pick,2026 1st round draft pick,,,,True,8288,2024-02-08
trade,MIL,PHI,player,Cameron Payne,,,,True,8289,2024-02-08
trade,MIL,PHI,pick,2027 2nd round draft pick,,,,True,8290,2024-02-08
trade,DET,MIN,player,Monte Morris,,,,True,8291,2024-02-08
trade,DET,MIN,player,Troy Brown Jr.,,,,True,8292,2024-02-08
trade,DET,MIN,player,Shake Milton,,,,True,8293,2024-02-08
trade,DET,MIN,pick,2030 2nd round draft pick,,,,True,8294,2024-02-08
trade,BOS,PHI,player,Adem Bona,,,,True,8295,2024-02-08
trade,BOS,PHI,pick,2024 2nd round draft pick,,,,True,8296,2024-02-08
trade,BOS,POR,player,Dalano Banton,,,,True,8297,2024-02-08
trade,MIL,SAC,player,Robin Lopez,,,,True,8298,2024-02-08
trade,DEN,LAC,player,Ismael Kamagate,,,,False,8299,2024-02-08
trade,CHO,OKC,player,Gordon Hayward,,,,True,8300,2024-02-08
trade,CHO,OKC,player,Davis Bertans,,,,True,8301,2024-02-08
trade,CHO,OKC,player,Tre Mann,,,,True,8302,2024-02-08
trade,CHO,OKC,player,Vasilije MiciÄ,,,,True,8303,2024-02-08
trade,CHO,OKC,player,KJ Simpson,,,,True,8304,2024-02-08
trade,CHO,OKC,player,Johni Broome,,,,True,8305,2024-02-08
trade,CHO,OKC,pick,2024 2nd round draft pick,,,,True,8306,2024-02-08
trade,CHO,OKC,pick,2025 2nd round draft pick,,,,True,8307,2024-02-08
trade,DAL,OKC,pick,2028 1st round draft pick,,,,False,8308,2024-02-08
trade,DAL,OKC,pick,2024 1st round draft pick,,,,False,8309,2024-02-08
trade,CHI,OKC,player,Alex Caruso,,,,True,8310,2024-06-21
trade,CHI,OKC,player,Josh Giddey,,,,True,8311,2024-06-21
trade,DEN,PHO,player,Ryan Dunn,,,,False,8312,2024-06-26
trade,DEN,PHO,player,Kevin McCullar Jr.,,,,False,8313,2024-06-26
trade,DEN,PHO,pick,2024 2nd round draft pick,,,,False,8314,2024-06-26
trade,DEN,PHO,pick,2026 2nd round draft pick,,,,False,8315,2024-06-26
trade,DEN,PHO,pick,2031 2nd round draft pick,,,,False,8316,2024-06-26
trade,BRK,HOU,player,Khaman Maluach,,,,False,8317,2024-06-26
trade,BRK,HOU,pick,2025 1st round draft pick,,,,False,8318,2024-06-26
trade,BRK,HOU,pick,2027 1st round draft pick,,,,False,8319,2024-06-26
trade,BRK,HOU,pick,2029 1st round draft pick,,,,False,8320,2024-06-26
trade,BRK,HOU,pick,2025 1st round draft pick,,,,False,8321,2024-06-26
trade,BRK,HOU,pick,2026 1st round draft pick,,,,False,8322,2024-06-26
trade,BRK,HOU,pick,2029 1st round draft pick,,,,False,8323,2024-06-26
trade,BRK,HOU,pick,2026 1st-rd draft pick,,,,False,8324,2024-06-26
trade,NYK,POR,player,Daniel Diez,,,,False,8325,
trade,NYK,POR,pick,2027 2nd round draft pick,,,,False,8326,
trade,NYK,POR,pick,2029 2nd round draft pick,,,,False,8327,
trade,NYK,POR,pick,2030 2nd round draft pick,,,,False,8328,
trade,NYK,WAS,player,Kyshawn George,,,,False,8329,2024-06-26
trade,NYK,WAS,player,Dillon Jones,,,,False,8330,2024-06-26
trade,NYK,WAS,player,Melvin AjinÃ§a,,,,False,8331,2024-06-26
trade,NYK,WAS,pick,2024 2nd round draft pick,,,,False,8332,2024-06-26
trade,MIN,SAS,player,Rob Dillingham,,,,False,8333,2024-06-26
trade,MIN,SAS,pick,2030 1st round draft pick,,,,False,8334,2024-06-26
trade,MIN,SAS,pick,2031 1st round draft pick,,,,False,8335,2024-06-26
trade,NYK,OKC,player,Dillon Jones,,,,False,8336,2024-06-26
trade,NYK,OKC,player,Kobe Sanders,,,,False,8337,2024-06-26
trade,NYK,OKC,pick,2025 2nd round draft pick,,,,False,8338,2024-06-26
trade,NYK,OKC,pick,2026 2nd round draft pick,,,,False,8339,2024-06-26
trade,NYK,OKC,pick,2027 2nd round draft pick,,,,False,8340,2024-06-26
trade,NYK,OKC,pick,2027 2nd round draft pick,,,,False,8341,2024-06-26
trade,NYK,OKC,pick,2027 2nd round draft pick,,,,False,8342,2024-06-26
trade,GSW,OKC,player,Quinten Post,,,,False,8343,2024-06-27
trade,GSW,OKC,player,Lindy Waters III,,,,False,8344,2024-06-27
trade,OKC,POR,player,Quinten Post,,,,False,8345,2024-06-27
trade,NYK,OKC,player,Ajay Mitchell,,,,False,8346,2024-06-27
trade,NYK,OKC,player,Oso Ighodaro,,,,False,8347,2024-06-27
trade,DAL,NYK,player,Ariel Hukporti,,,,False,8348,2024-06-27
trade,DAL,NYK,player,Petteri Koponen,,,,False,8349,2024-06-27
trade,NYK,PHO,player,Osasere Ighodaro,,,,False,8350,2024-06-27
trade,NYK,PHO,player,Kevin McCullar Jr.,,,,False,8351,2024-06-27
trade,NYK,PHO,pick,2028 2nd round draft pick,,,,False,8352,2024-06-27
trade,NOP,ORL,player,Antonio Reeves,,,,False,8353,2024-06-27
trade,NOP,ORL,pick,2030 2nd round draft pick,,,,False,8354,2024-06-27
trade,NOP,ORL,pick,2031 2nd round draft pick,,,,False,8355,2024-06-27
trade,ATL,HOU,player,A.J. Griffin,,,,True,8356,2024-06-27
trade,HOU,MIA,player,Pelle Larsson,,,,True,8357,2024-06-27
trade,MIA,ATL,player,Nikola Djurisic,,,,True,8358,2024-06-27
trade,SAC,TOR,player,Davion Mitchell,,,,True,8359,2024-06-28
trade,SAC,TOR,player,Jamal Shead,,,,True,8360,2024-06-28
trade,SAC,TOR,player,Sasha Vezenkov,,,,True,8361,2024-06-28
trade,SAC,TOR,player,Alijah Martin,,,,True,8362,2024-06-28
trade,SAC,TOR,pick,2025 2nd round draft pick,,,,True,8363,2024-06-28
trade,ATL,NOP,player,Dejounte Murray,,,,True,8364,2024-07-06
trade,ATL,NOP,player,Dyson Daniels,,,,True,8365,2024-07-06
trade,ATL,NOP,player,E.J. Liddell,,,,True,8366,2024-07-06
trade,ATL,NOP,player,Larry Nance Jr.,,,,True,8367,2024-07-06
trade,ATL,NOP,player,Cody Zeller,,,,True,8368,2024-07-06
trade,ATL,NOP,player,Drake Powell,,,,True,8369,2024-07-06
trade,ATL,NOP,pick,2025 1st round draft pick,,,,True,8370,2024-07-06
trade,ATL,NOP,pick,2027 1st round draft pick,,,,True,8371,2024-07-06
trade,CHO,DAL,player,Johni Broome,,,,True,8372,2024-07-06
trade,CHO,DAL,pick,2025 2nd round draft pick,,,,True,8373,2024-07-06
trade,DAL,CHO,player,Josh Green,,,,True,8374,2024-07-06
trade,DAL,PHI,pick,2031 2nd round draft pick,,,,True,8375,2024-07-06
trade,DEN,CHO,player,Reggie Jackson,,,,True,8376,2024-07-06
trade,DEN,CHO,pick,2029 2nd round draft pick,,,,True,8377,2024-07-06
trade,DEN,CHO,pick,2030 2nd round draft pick,,,,True,8378,2024-07-06
trade,DEN,MIN,player,Alex Toohey,,,,True,8379,2024-07-06
trade,DEN,MIN,pick,2025 2nd round draft pick,,,,True,8380,2024-07-06
trade,GSW,DAL,player,Klay Thompson,,,,True,8381,2024-07-06
trade,GSW,MIN,pick,2031 2nd round draft pick,,,,True,8382,2024-07-06
trade,MIN,GSW,player,Kyle Anderson,,,,True,8383,2024-07-06
trade,PHI,GSW,player,Buddy Hield,,,,True,8384,2024-07-06
trade,NOP,WAS,player,Jonas Valanciunas,,,,True,8385,2024-07-06
trade,NOP,WAS,pick,2027 2nd round draft pick,,,,True,8386,2024-07-06
trade,BRK,NYK,player,Keita Bates-Diop,,,,True,8387,2024-07-06
trade,BRK,NYK,player,Mikal Bridges,,,,True,8388,2024-07-06
trade,BRK,NYK,player,Juan Pablo Vaulet,,,,True,8389,2024-07-06
trade,BRK,NYK,pick,2026 2nd round draft pick,,,,True,8390,2024-07-06
trade,BRK,NYK,pick,2025 1st round draft pick,,,,True,8391,2024-07-06
trade,BRK,NYK,pick,2025 1st round draft pick,,,,True,8392,2024-07-06
trade,BRK,NYK,pick,2025 2nd round draft pick,,,,True,8393,2024-07-06
trade,BRK,NYK,pick,2027 1st round draft pick,,,,True,8394,2024-07-06
trade,BRK,NYK,pick,2028 1st round draft pick,,,,True,8395,2024-07-06
trade,BRK,NYK,pick,2029 1st round draft pick,,,,True,8396,2024-07-06
trade,BRK,NYK,pick,2031 1st round draft pick,,,,True,8397,2024-07-06
trade,DET,MEM,player,Cam Spencer,,,,True,8398,2024-07-06
trade,MEM,MIN,pick,2030 2nd round draft pick,,,,True,8399,2024-07-06
trade,MEM,TOR,player,Ulrich Chomche,,,,True,8400,2024-07-06
trade,MIN,DET,player,Bobi Klintman,,,,True,8401,2024-07-06
trade,MIN,DET,player,Wendell Moore Jr.,,,,True,8402,2024-07-06
trade,CHO,SAS,player,Devonte' Graham,,,,True,8403,2024-07-06
trade,CHO,SAS,player,Ryan Kalkbrenner,,,,True,8404,2024-07-06
trade,CHO,SAS,pick,2025 2nd round draft pick,,,,True,8405,2024-07-06
trade,POR,WAS,player,Malcolm Brogdon,,,,True,8406,2024-07-06
trade,POR,WAS,player,Carlton Carrington,,,,True,8407,2024-07-06
trade,POR,WAS,pick,2028 2nd round draft pick,,,,True,8408,2024-07-06
trade,POR,WAS,pick,2029 1st round draft pick,,,,True,8409,2024-07-06
trade,POR,WAS,pick,2030 2nd round draft pick,,,,True,8410,2024-07-06
trade,GSW,POR,player,Quinten Post,,,,False,8411,2024-07-06
trade,DAL,DET,player,Tim Hardaway,,,,True,8412,2024-07-06
trade,DAL,DET,player,Chaz Lanier,,,,True,8413,2024-07-06
trade,DAL,DET,pick,2025 2nd round draft pick,,,,True,8414,2024-07-06
trade,DAL,DET,pick,2028 2nd round draft pick,,,,True,8415,2024-07-06
trade,DAL,DET,pick,2028 2nd round draft pick,,,,True,8416,2024-07-06
trade,IND,SAS,player,Juan Nunez,,,,False,8417,2024-07-06
trade,IND,SAS,player,Johnny Furphy,,,,False,8418,2024-07-06
trade,CHI,SAC,player,DeMar DeRozan,,,,True,8419,2024-07-08
trade,SAC,CHI,player,Chris Duarte,,,,True,8420,2024-07-08
trade,SAC,CHI,player,Rocco Zikarsky,,,,True,8421,2024-07-08
trade,SAC,CHI,pick,2025 2nd round draft pick,,,,True,8422,2024-07-08
trade,SAC,CHI,pick,2028 2nd round draft pick,,,,True,8423,2024-07-08
trade,SAC,SAS,player,Harrison Barnes,,,,True,8424,2024-07-08
trade,SAC,SAS,pick,2031 1st round draft pick,,,,True,8425,2024-07-08
trade,LAC,UTA,player,Balsa Koprivica,,,,False,8426,2024-07-18
trade,LAC,UTA,player,Russell Westbrook,,,,False,8427,2024-07-18
trade,LAC,UTA,pick,2030 2nd round draft pick,,,,False,8428,2024-07-18
trade,BRK,MEM,player,Nemanja Dangubic,,,,True,8429,2024-07-19
trade,BRK,MEM,player,Mamadi Diakite,,,,True,8430,2024-07-19
trade,BRK,MEM,player,Ziaire Williams,,,,True,8431,2024-07-19
trade,BRK,MEM,pick,2030 2nd round draft pick,,,,True,8432,2024-07-19
trade,ATL,PHO,player,E.J. Liddell,,,,True,8433,2024-07-29
trade,ATL,PHO,player,David Roddy,,,,True,8434,2024-07-29
trade,CHO,NYK,player,James Nnaji,,,,True,8435,2024-10-02
trade,MIN,CHO,player,Alex Toohey,,,,True,8436,2024-10-02
trade,MIN,CHO,pick,2025 2nd round draft pick,,,,True,8437,2024-10-02
trade,MIN,NYK,player,Karl-Anthony Towns,,,,True,8438,2024-10-02
trade,NYK,CHO,player,Charlie Brown Jr.,,,,True,8439,2024-10-02
trade,NYK,CHO,player,DaQuan Jeffries,,,,True,8440,2024-10-02
trade,NYK,CHO,player,Duane Washington Jr.,,,,True,8441,2024-10-02
trade,NYK,CHO,pick,2026 2nd round draft pick,,,,True,8442,2024-10-02
trade,NYK,CHO,pick,2031 2nd round draft pick,,,,True,8443,2024-10-02
trade,NYK,MIN,player,Keita Bates-Diop,,,,True,8444,2024-10-02
trade,NYK,MIN,player,Donte DiVincenzo,,,,True,8445,2024-10-02
trade,NYK,MIN,player,Julius Randle,,,,True,8446,2024-10-02
trade,NYK,MIN,player,Joan Beringer,,,,True,8447,2024-10-02
trade,NYK,MIN,pick,2025 1st round draft pick,,,,True,8448,2024-10-02
trade,SAC,SAS,player,Jalen McDaniels,,,,False,8449,2024-10-15
trade,SAC,SAS,pick,2031 2nd round draft pick,,,,False,8450,2024-10-15
trade,SAC,SAS,pick,2025 2nd round draft pick,,,,False,8451,2024-10-15
trade,BRK,GSW,player,Dennis Schroder,,,,True,8452,2024-12-15
trade,BRK,GSW,player,Koby Brea,,,,True,8453,2024-12-15
trade,BRK,GSW,pick,2025 2nd round draft pick,,,,True,8454,2024-12-15
trade,BRK,GSW,pick,2026 2nd round draft pick,,,,True,8455,2024-12-15
trade,BRK,GSW,pick,2028 2nd round draft pick,,,,True,8456,2024-12-15
trade,BRK,GSW,pick,2029 2nd round draft pick,,,,True,8457,2024-12-15
trade,IND,MIA,player,Thomas Bryant,,,,True,8458,2024-12-15
trade,IND,MIA,pick,2031 2nd round draft pick,,,,True,8459,2024-12-15
trade,BRK,LAL,player,Dorian Finney-Smith,,,,True,8460,2024-12-29
trade,BRK,LAL,player,Shake Milton,,,,True,8461,2024-12-29
trade,BRK,LAL,player,Maxwell Lewis,,,,True,8462,2024-12-29
trade,BRK,LAL,player,D'Angelo Russell,,,,True,8463,2024-12-29
trade,BRK,LAL,pick,2027 2nd round draft pick,,,,True,8464,2024-12-29
trade,BRK,LAL,pick,2030 2nd round draft pick,,,,True,8465,2024-12-29
trade,BRK,LAL,pick,2031 2nd round draft pick,,,,True,8466,2024-12-29
trade,CHO,PHO,player,Nick Richards,,,,True,8467,2025-01-15
trade,CHO,PHO,player,Alex Toohey,,,,True,8468,2025-01-15
trade,CHO,PHO,pick,2025 2nd round draft pick,,,,True,8469,2025-01-15
trade,CHO,PHO,pick,2026 2nd round draft pick,,,,True,8470,2025-01-15
trade,CHO,PHO,pick,2031 2nd round draft pick,,,,True,8471,2025-01-15
trade,CHO,PHO,pick,2031 2nd round draft pick,,,,True,8472,2025-01-15
trade,PHO,UTA,player,Liam McNeeley,,,,False,8473,2025-01-21
trade,PHO,UTA,pick,2031 draft pick,,,,False,8474,2025-01-21
trade,PHO,UTA,pick,2025 1st round draft pick,,,,False,8475,2025-01-21
trade,PHO,UTA,pick,2027 1st round draft pick,,,,False,8476,2025-01-21
trade,PHO,UTA,pick,2029 1st round draft pick,,,,False,8477,2025-01-21
trade,LAC,UTA,player,Mohamed Bamba,,,,False,8478,2025-02-01
trade,LAC,UTA,player,P.J. Tucker,,,,False,8479,2025-02-01
trade,LAC,UTA,player,Drew Eubanks,,,,False,8480,2025-02-01
trade,LAC,UTA,player,Patty Mills,,,,False,8481,2025-02-01
trade,LAC,UTA,pick,2030 2nd round draft pick,,,,False,8482,2025-02-01
trade,DAL,LAL,player,Luka Doncic,,,,True,8483,2025-02-02
trade,DAL,LAL,player,Maxi Kleber,,,,True,8484,2025-02-02
trade,DAL,LAL,player,Markieff Morris,,,,True,8485,2025-02-02
trade,LAL,DAL,player,Max Christie,,,,True,8486,2025-02-02
trade,LAL,DAL,player,Anthony Davis,,,,True,8487,2025-02-02
trade,LAL,DAL,pick,2029 1st round draft pick,,,,True,8488,2025-02-02
trade,LAL,UTA,player,Jalen Hood-Schifino,,,,True,8489,2025-02-02
trade,LAL,UTA,player,John Tonje,,,,True,8490,2025-02-02
trade,LAL,UTA,pick,2025 2nd round draft pick,,,,True,8491,2025-02-02
trade,UTA,DAL,pick,2025 2nd round draft pick,,,,True,8492,2025-02-02
trade,CHI,SAC,player,Zach LaVine,,,,True,8493,2025-02-03
trade,CHI,SAC,pick,2028 2nd round draft pick,,,,True,8494,2025-02-03
trade,SAC,CHI,player,Kevin Huerter,,,,True,8495,2025-02-03
trade,SAC,SAS,player,De'Aaron Fox,,,,True,8496,2025-02-03
trade,SAC,SAS,player,Jordan McLaughlin,,,,True,8497,2025-02-03
trade,SAS,CHI,player,Zach Collins,,,,True,8498,2025-02-03
trade,SAS,CHI,player,Tre Jones,,,,True,8499,2025-02-03
trade,SAS,CHI,player,Noa Essengue,,,,True,8500,2025-02-03
trade,SAS,CHI,pick,2025 1st round draft pick,,,,True,8501,2025-02-03
trade,SAS,SAC,player,Sidy Cissoko,,,,True,8502,2025-02-03
trade,SAS,SAC,player,Maxime Raynaud,,,,True,8503,2025-02-03
trade,SAS,SAC,pick,2025 2nd round draft pick,,,,True,8504,2025-02-03
trade,SAS,SAC,pick,2026 2nd round draft pick,,,,True,8505,2025-02-03
trade,SAS,SAC,pick,2027 1st round draft pick,,,,True,8506,2025-02-03
trade,SAS,SAC,pick,2027 2nd round draft pick,,,,True,8507,2025-02-03
trade,SAS,SAC,pick,2028 2nd round draft pick,,,,True,8508,2025-02-03
trade,SAS,SAC,pick,2031 1st round draft pick,,,,True,8509,2025-02-03
trade,DAL,PHI,player,Quentin Grimes,,,,True,8510,2025-02-04
trade,DAL,PHI,player,Johni Broome,,,,True,8511,2025-02-04
trade,DAL,PHI,pick,2025 2nd round draft pick,,,,True,8512,2025-02-04
trade,SAC,WAS,player,Sidy Cissoko,,,,True,8513,2025-02-05
trade,SAC,WAS,pick,2028 2nd round draft pick,,,,True,8514,2025-02-05
trade,SAC,WAS,pick,2029 2nd round draft pick,,,,True,8515,2025-02-05
trade,NOP,OKC,player,Daniel Theis,,,,True,8516,2025-02-05
trade,NOP,OKC,pick,2031 2nd round draft pick,,,,True,8517,2025-02-05
trade,LAC,MIL,player,Kevin Porter Jr.,,,,True,8518,2025-02-06
trade,LAC,MIL,player,MarJon Beauchamp,,,,True,8519,2025-02-06
trade,ATL,LAC,player,Bogdan Bogdanovic,,,,True,8520,2025-02-06
trade,ATL,LAC,player,Mohamed Diawara,,,,True,8521,2025-02-06
trade,ATL,LAC,pick,2025 2nd round draft pick,,,,True,8522,2025-02-06
trade,ATL,CLE,player,De'Andre Hunter,,,,True,8523,2025-02-06
trade,ATL,CLE,player,Caris LeVert,,,,True,8524,2025-02-06
trade,ATL,CLE,player,Georges Niang,,,,True,8525,2025-02-06
trade,ATL,HOU,player,Cody Zeller,,,,True,8526,2025-02-06
trade,ATL,HOU,player,Alpha Kaba,,,,True,8527,2025-02-06
trade,BOS,HOU,player,Jaden Springer,,,,True,8528,2025-02-06
trade,BOS,HOU,pick,2027 2nd round draft pick,,,,True,8529,2025-02-06
trade,BOS,HOU,pick,2030 2nd round draft pick,,,,True,8530,2025-02-06
trade,BOS,HOU,pick,2031 2nd round draft pick,,,,True,8531,2025-02-06
trade,IND,TOR,player,James Wiseman,,,,True,8532,2025-02-06
trade,MIL,NYK,player,Hugo Besson,,,,True,8533,2025-02-06
trade,MIL,NYK,player,Delon Wright,,,,True,8534,2025-02-06
trade,MIL,WAS,player,A.J. Johnson,,,,True,8535,2025-02-06
trade,MIL,WAS,player,Khris Middleton,,,,True,8536,2025-02-06
trade,MIL,WAS,pick,2028 1st round draft pick,,,,True,8537,2025-02-06
trade,NYK,MIL,player,Jericho Sims,,,,True,8538,2025-02-06
trade,NYK,WAS,player,Mathias Lessort,,,,True,8539,2025-02-06
trade,WAS,MIL,player,Kyle Kuzma,,,,True,8540,2025-02-06
trade,WAS,MIL,player,Bogoljub Markovic,,,,True,8541,2025-02-06
trade,WAS,MIL,pick,2025 2nd round draft pick,,,,True,8542,2025-02-06
trade,WAS,MIL,pick,2026 2nd round draft pick,,,,True,8543,2025-02-06
trade,WAS,SAS,player,Patrick Baldwin Jr.,,,,True,8544,2025-02-06
trade,CHO,PHO,player,Cody Martin,,,,True,8545,2025-02-06
trade,CHO,PHO,player,Vasilije MiciÄ,,,,True,8546,2025-02-06
trade,CHO,PHO,player,Jusuf Nurkic,,,,True,8547,2025-02-06
trade,NOP,TOR,player,Brandon Ingram,,,,True,8548,2025-02-06
trade,NOP,TOR,player,Bruce Brown,,,,True,8549,2025-02-06
trade,NOP,TOR,player,Kelly Olynyk,,,,True,8550,2025-02-06
trade,NOP,TOR,pick,2026 1st round draft pick,,,,True,8551,2025-02-06
trade,NOP,TOR,pick,2031 2nd round draft pick,,,,True,8552,2025-02-06
trade,MEM,SAC,player,Jake LaRavia,,,,True,8553,2025-02-06
trade,MEM,WAS,player,Marcus Smart,,,,True,8554,2025-02-06
trade,MEM,WAS,player,Walter Clayton Jr.,,,,True,8555,2025-02-06
trade,MEM,WAS,pick,2025 1st round draft pick,,,,True,8556,2025-02-06
trade,SAC,MEM,pick,2028 draft pick,,,,True,8557,2025-02-06
trade,SAC,WAS,player,Colby Jones,,,,True,8558,2025-02-06
trade,SAC,WAS,player,Alex Len,,,,True,8559,2025-02-06
trade,WAS,MEM,player,Marvin Bagley,,,,True,8560,2025-02-06
trade,WAS,MEM,player,Johnny Davis,,,,True,8561,2025-02-06
trade,WAS,MEM,player,Javon Small,,,,True,8562,2025-02-06
trade,WAS,MEM,pick,2025 2nd round draft pick,,,,True,8563,2025-02-06
trade,DET,PHI,player,K.J. Martin,,,,True,8564,2025-02-06
trade,DET,PHI,pick,2027 2nd round draft pick,,,,True,8565,2025-02-06
trade,DET,PHI,pick,2031 2nd round draft pick,,,,True,8566,2025-02-06
trade,PHI,WAS,player,Reggie Jackson,,,,True,8567,2025-02-06
trade,PHI,WAS,pick,2026 1st round draft pick,,,,True,8568,2025-02-06
trade,PHI,WAS,pick,2027 2nd round draft pick,,,,True,8569,2025-02-06
trade,PHI,WAS,pick,2028 2nd round draft pick,,,,True,8570,2025-02-06
trade,PHI,WAS,pick,2030 2nd round draft pick,,,,True,8571,2025-02-06
trade,PHI,WAS,pick,2030 2nd round draft pick,,,,True,8572,2025-02-06
trade,DET,UTA,player,K.J. Martin,,,,True,8573,2025-02-06
trade,GSW,DET,player,Dennis Schroder,,,,True,8574,2025-02-06
trade,GSW,DET,player,Lindy Waters III,,,,True,8575,2025-02-06
trade,GSW,DET,pick,2031 2nd round draft pick,,,,True,8576,2025-02-06
trade,GSW,MIA,player,Kyle Anderson,,,,True,8577,2025-02-06
trade,GSW,MIA,player,Andrew Wiggins,,,,True,8578,2025-02-06
trade,GSW,MIA,player,Kasparas Jakucionis,,,,True,8579,2025-02-06
trade,GSW,MIA,pick,2025 1st round draft pick,,,,True,8580,2025-02-06
trade,MIA,GSW,player,Jimmy Butler,,,,True,8581,2025-02-06
trade,MIA,TOR,pick,2026 2nd round draft pick,,,,True,8582,2025-02-06
trade,MIA,UTA,player,Josh Richardson,,,,True,8583,2025-02-06
trade,TOR,MIA,player,Davion Mitchell,,,,True,8584,2025-02-06
trade,UTA,TOR,player,P.J. Tucker,,,,True,8585,2025-02-06
trade,MEM,ORL,player,Desmond Bane,,,,False,8586,2025-06-15
trade,MEM,ORL,pick,2026 1st round draft pick,,,,False,8587,2025-06-15
trade,MEM,ORL,pick,2025 1st round draft pick,,,,False,8588,2025-06-15
trade,MEM,ORL,pick,2028 1st round draft pick,,,,False,8589,2025-06-15
trade,MEM,ORL,pick,2029 1st round draft pick,,,,False,8590,2025-06-15
trade,MEM,ORL,pick,2030 1st round draft pick,,,,False,8591,2025-06-15
trade,IND,NOP,player,Mojave King,,,,False,8592,2025-06-17
trade,IND,NOP,player,Asa Newell,,,,False,8593,2025-06-17
trade,IND,NOP,pick,2025 1st round draft pick,,,,False,8594,2025-06-17
trade,IND,NOP,pick,2026 1st round draft pick,,,,False,8595,2025-06-17
trade,MEM,POR,player,Hansen Yang,,,,False,8596,2025-06-25
trade,MEM,POR,pick,2027 2nd round draft pick,,,,False,8597,2025-06-25
trade,MEM,POR,pick,2028 1st round draft pick,,,,False,8598,2025-06-25
trade,MEM,POR,pick,2028 2nd round draft pick,,,,False,8599,2025-06-25
trade,ATL,NOP,player,Derik Queen,,,,False,8600,2025-06-25
trade,ATL,NOP,player,Asa Newell,,,,False,8601,2025-06-25
trade,ATL,NOP,pick,2026 1st round draft pick,,,,False,8602,2025-06-25
trade,OKC,SAC,player,Nique Clifford,,,,False,8603,2025-06-25
trade,OKC,SAC,pick,2027 1st round draft pick,,,,False,8604,2025-06-25
trade,UTA,WAS,player,Will Riley,,,,False,8605,2025-06-25
trade,UTA,WAS,player,Jamir Watkins,,,,False,8606,2025-06-25
trade,UTA,WAS,pick,2031 2nd round draft pick,,,,False,8607,2025-06-25
trade,UTA,WAS,pick,2032 2nd round draft pick,,,,False,8608,2025-06-25
trade,LAC,NYK,player,Mohamed Diawara,,,,False,8609,2025-06-26
trade,LAC,NYK,player,Luka Mitrovic,,,,False,8610,2025-06-26
trade,LAC,NYK,player,Kobe Sanders,,,,False,8611,2025-06-26
trade,BOS,ORL,player,Noah Penda,,,,False,8612,2025-06-26
trade,BOS,ORL,player,Max Shulga,,,,False,8613,2025-06-26
trade,BOS,ORL,player,Amari Williams,,,,False,8614,2025-06-26
trade,BOS,ORL,pick,2026 2nd round draft pick,,,,False,8615,2025-06-26
trade,BOS,ORL,pick,2027 2nd round draft pick,,,,False,8616,2025-06-26
trade,OKC,WAS,player,Dillon Jones,,,,True,8617,2025-06-28
trade,OKC,WAS,pick,2029 2nd round draft pick,,,,True,8618,2025-06-28
trade,CHO,UTA,player,Jusuf Nurkic,,,,True,8619,2025-06-29
trade,CHO,UTA,player,Collin Sexton,,,,True,8620,2025-06-29
trade,CHI,LAL,player,Rocco Zikarsky,,,,False,8621,2025-06-30
trade,CHI,LAL,player,Lachlan Olbrich,,,,False,8622,2025-06-30
trade,CHO,PHO,player,Mark Williams,,,,True,8623,2025-06-30
trade,CHO,PHO,pick,2029 2nd round draft pick,,,,True,8624,2025-06-30
trade,CHO,PHO,pick,2029 1st round draft pick,,,,True,8625,2025-06-30
trade,ATL,UTA,player,Jock Landale,,,,True,8626,2026-02-05
trade,BRK,LAC,player,Vanja Marinkovic,,,,True,8627,2026-02-05
trade,LAC,TOR,player,Chris Paul,,,,True,8628,2026-02-05
trade,TOR,BRK,player,Ochai Agbaji,,,,True,8629,2026-02-05
trade,TOR,BRK,pick,2032 2nd round draft pick,,,,True,8630,2026-02-05
trade,CLE,UTA,player,Lonzo Ball,,,,True,8631,2026-02-05
trade,CLE,UTA,pick,2028 2nd round draft pick,,,,True,8632,2026-02-05
trade,CLE,UTA,pick,2032 2nd round draft pick,,,,True,8633,2026-02-05
trade,BOS,CHI,player,Anfernee Simons,,,,True,8634,2026-02-05
trade,BOS,CHI,pick,2026 2nd round draft pick,,,,True,8635,2026-02-05
trade,BOS,CHI,pick,2027 2nd round draft pick,,,,True,8636,2026-02-05
trade,BOS,UTA,player,Chris Boucher,,,,True,8637,2026-02-05
trade,BOS,UTA,pick,2027 2nd round draft pick,,,,True,8638,2026-02-05
trade,CHI,NYK,player,Dalen Terry,,,,True,8639,2026-02-05
trade,CHI,NYK,player,Guerschon Yabusele,,,,True,8640,2026-02-05
trade,MEM,PHI,player,Justinian Jessup,,,,True,8641,2026-02-05
trade,MEM,PHI,player,Eric Gordon,,,,True,8642,2026-02-05
trade,MEM,PHI,pick,2032 2nd round draft pick,,,,True,8643,2026-02-05
trade,ATL,GSW,player,Kristaps Porzingis,,,,False,8644,2026-02-05
trade,ATL,GSW,player,Buddy Hield,,,,False,8645,2026-02-05
trade,ATL,GSW,player,Jonathan Kuminga,,,,False,8646,2026-02-05
trade,CHO,DAL,player,Tyus Jones,,,,True,8647,2026-02-05
trade,DAL,WAS,player,Anthony Davis,,,,True,8648,2026-02-05
trade,DAL,WAS,player,Dante Exum,,,,True,8649,2026-02-05
trade,DAL,WAS,player,Jaden Hardy,,,,True,8650,2026-02-05
trade,DAL,WAS,player,D'Angelo Russell,,,,True,8651,2026-02-05
trade,WAS,CHO,player,Malaki Branham,,,,True,8652,2026-02-05
trade,WAS,DAL,player,Marvin Bagley,,,,True,8653,2026-02-05
trade,WAS,DAL,player,A.J. Johnson,,,,True,8654,2026-02-05
trade,WAS,DAL,player,Khris Middleton,,,,True,8655,2026-02-05
trade,WAS,DAL,pick,2026 1st round draft pick,,,,True,8656,2026-02-05
trade,WAS,DAL,pick,2026 2nd round draft pick,,,,True,8657,2026-02-05
trade,WAS,DAL,pick,2027 2nd round draft pick,,,,True,8658,2026-02-05
trade,WAS,DAL,pick,2029 2nd round draft pick,,,,True,8659,2026-02-05
trade,WAS,DAL,pick,2030 1st round draft pick,,,,True,8660,2026-02-05
trade,GSW,TOR,player,Trayce Jackson-Davis,,,,True,8661,2026-02-05
trade,GSW,TOR,pick,2026 2nd round draft pick,,,,True,8662,2026-02-05
trade,IND,LAC,player,Isaiah Jackson,,,,True,8663,2026-02-05
trade,IND,LAC,player,Bennedict Mathurin,,,,True,8664,2026-02-05
trade,IND,LAC,pick,2026 1st round draft pick,,,,True,8665,2026-02-05
trade,IND,LAC,pick,2028 2nd round draft pick,,,,True,8666,2026-02-05
trade,IND,LAC,pick,2029 1st round draft pick,,,,True,8667,2026-02-05
trade,CHI,MIN,player,Ayo Dosunmu,,,,False,8668,2026-02-05
trade,CHI,MIN,player,Julian Phillips,,,,False,8669,2026-02-05
trade,CHI,MIN,pick,2031 2nd round draft pick,,,,False,8670,2026-02-05
trade,CHI,MIN,pick,2026 2nd round draft pick,,,,False,8671,2026-02-05
trade,CHI,MIN,pick,2027 2nd round draft pick,,,,False,8672,2026-02-05
trade,CHI,MIN,pick,2032 2nd round draft pick,,,,False,8673,2026-02-05
trade,ATL,LAL,player,Luke Kennard,,,,True,8674,2026-02-05
trade,ATL,LAL,player,Gabe Vincent,,,,True,8675,2026-02-05
trade,ATL,LAL,pick,2032 2nd round draft pick,,,,True,8676,2026-02-05
trade,NOP,NYK,player,Jose Alvarado,,,,True,8677,2026-02-05
trade,NOP,NYK,player,Latavious Williams,,,,True,8678,2026-02-05
trade,NOP,NYK,player,Dalen Terry,,,,True,8679,2026-02-05
trade,BOS,BRK,player,Josh Minott,,,,True,8680,2026-02-05
trade,CHI,MIL,player,Ousmane Dieng,,,,True,8681,2026-02-05
trade,MIL,PHO,player,Cole Anthony,,,,True,8682,2026-02-05
trade,MIL,PHO,player,Amir Coffey,,,,True,8683,2026-02-05
trade,PHO,CHI,player,Nick Richards,,,,True,8684,2026-02-05
trade,PHO,MIL,player,Nigel Hayes-Davis,,,,True,8685,2026-02-05
trade,BOS,CHO,player,Xavier Tillman,,,,True,8686,2026-02-05
trade,BRK,DEN,player,Hunter Tyson,,,,True,8687,2026-02-05
trade,BRK,DEN,pick,2026 2nd round draft pick,,,,True,8688,2026-02-05
trade,BRK,DEN,pick,2032 2nd round draft pick,,,,True,8689,2026-02-05
trade,CHO,OKC,player,Mason Plumlee,,,,True,8690,2026-02-04
trade,CHO,OKC,player,Ousmane Dieng,,,,True,8691,2026-02-04
trade,CHO,OKC,pick,2029 2nd round draft pick,,,,True,8692,2026-02-04
trade,CLE,LAC,player,Darius Garland,,,,False,8693,2026-02-04
trade,CLE,LAC,pick,2026 2nd round draft pick,,,,False,8694,2026-02-04
trade,OKC,UTA,player,Balsa Koprivica,,,,False,8695,2026-02-04
trade,OKC,PHI,player,Jared McCain,,,,True,8696,2026-02-04
trade,OKC,PHI,pick,2026 1st round draft pick,,,,True,8697,2026-02-04
trade,OKC,PHI,pick,2027 2nd round draft pick,,,,True,8698,2026-02-04
trade,OKC,PHI,pick,2028 2nd round draft pick,,,,True,8699,2026-02-04
trade,OKC,PHI,pick,2028 2nd round draft pick,,,,True,8700,2026-02-04
trade,CHO,ORL,player,Tyus Jones,,,,True,8701,2026-02-04
trade,CHO,ORL,pick,2027 2nd round draft pick,,,,True,8702,2026-02-04
trade,CHO,ORL,pick,2028 2nd round draft pick,,,,True,8703,2026-02-04
trade,CHI,CHO,player,Mike Conley,,,,True,8704,2026-02-04
trade,CHI,CHO,player,Coby White,,,,True,8705,2026-02-04
trade,CHI,CHO,player,Ousmane Dieng,,,,True,8706,2026-02-04
trade,CHI,CHO,player,Collin Sexton,,,,True,8707,2026-02-04
trade,CHI,CHO,pick,2031 2nd round draft pick,,,,True,8708,2026-02-04
trade,CHI,CHO,pick,2031 2nd round draft pick,,,,True,8709,2026-02-04
trade,MEM,UTA,player,Jaren Jackson,,,,True,8710,2026-02-03
trade,MEM,UTA,player,John Konchar,,,,True,8711,2026-02-03
trade,MEM,UTA,player,Jock Landale,,,,True,8712,2026-02-03
trade,MEM,UTA,player,Vince Williams,,,,True,8713,2026-02-03
trade,MEM,UTA,player,Kyle Anderson,,,,True,8714,2026-02-03
trade,MEM,UTA,player,Walter Clayton Jr.,,,,True,8715,2026-02-03
trade,MEM,UTA,player,Taylor Hendricks,,,,True,8716,2026-02-03
trade,MEM,UTA,player,Georges Niang,,,,True,8717,2026-02-03
trade,MEM,UTA,pick,2027 1st round draft pick,,,,True,8718,2026-02-03
trade,MEM,UTA,pick,2027 1st round draft pick,,,,True,8719,2026-02-03
trade,MEM,UTA,pick,2031 1st round draft pick,,,,True,8720,2026-02-03
trade,CHI,DET,player,Kevin Huerter,,,,True,8721,2026-02-03
trade,CHI,DET,player,Dario Saric,,,,True,8722,2026-02-03
trade,DET,CHI,player,Jaden Ivey,,,,True,8723,2026-02-03
trade,MIN,CHI,player,Mike Conley,,,,True,8724,2026-02-03
trade,MIN,DET,pick,2026 1st round draft pick,,,,True,8725,2026-02-03
trade,ATL,POR,player,Vit Krejci,,,,True,8726,2026-02-01
trade,ATL,POR,player,Duop Reath,,,,True,8727,2026-02-01
trade,ATL,POR,pick,2027 2nd round draft pick,,,,True,8728,2026-02-01
trade,ATL,POR,pick,2030 2nd round draft pick,,,,True,8729,2026-02-01
trade,CHI,CLE,player,Emanuel Miller,,,,False,8730,2026-02-01
trade,CLE,CHI,pick,2027 2nd round draft pick,,,,False,8731,2026-02-01
trade,CLE,SAC,player,De'Andre Hunter,,,,False,8732,2026-02-01
trade,SAC,CHI,player,Dario Saric,,,,False,8733,2026-02-01
trade,SAC,CHI,pick,2029 2nd round draft pick,,,,False,8734,2026-02-01
trade,SAC,CLE,player,Keon Ellis,,,,False,8735,2026-02-01
trade,SAC,CLE,player,Dennis Schroder,,,,False,8736,2026-02-01
trade,ATL,WAS,player,Trae Young,,,,True,8737,2026-01-09
trade,ATL,WAS,player,Corey Kispert,,,,True,8738,2026-01-09
trade,ATL,WAS,player,CJ McCollum,,,,True,8739,2026-01-09
trade,ATL,BRK,player,Kobe Bufkin,,,,True,8740,2025-09-16
trade,BRK,MIA,player,Haywood Highsmith,,,,True,8741,2025-08-15
trade,BRK,MIA,pick,2026 2nd round draft pick,,,,True,8742,2025-08-15
trade,BRK,MIA,pick,2032 2nd round draft pick,,,,True,8743,2025-08-15
trade,BOS,UTA,player,Georges Niang,,,,True,8744,2025-08-06
trade,BOS,UTA,pick,2027 2nd round draft pick,,,,True,8745,2025-08-06
trade,BOS,UTA,pick,2031 2nd round draft pick,,,,True,8746,2025-08-06
trade,DEN,SAC,player,Dario Saric,,,,True,8747,2025-07-13
trade,DEN,SAC,player,Jonas Valanciunas,,,,True,8748,2025-07-13
trade,SAS,WAS,player,Malaki Branham,,,,True,8749,2025-07-09
trade,SAS,WAS,player,Blake Wesley,,,,True,8750,2025-07-09
trade,SAS,WAS,pick,2026 2nd round draft pick,,,,True,8751,2025-07-09
trade,BRK,DEN,player,Cameron Johnson,,,,True,8752,2025-07-08
trade,BRK,DEN,player,Michael Porter Jr.,,,,True,8753,2025-07-08
trade,BRK,DEN,pick,2032 1st round draft pick,,,,True,8754,2025-07-08
trade,LAC,MIA,player,Norman Powell,,,,True,8755,2025-07-07
trade,LAC,UTA,pick,2027 2nd round draft pick,,,,True,8756,2025-07-07
trade,MIA,UTA,player,Kyle Anderson,,,,True,8757,2025-07-07
trade,MIA,UTA,player,Kevin Love,,,,True,8758,2025-07-07
trade,UTA,LAC,player,John Collins,,,,True,8759,2025-07-07
trade,DET,MIA,player,Simone Fontecchio,,,,True,8760,2025-07-07
trade,DET,MIA,player,Duncan Robinson,,,,True,8761,2025-07-07
trade,BOS,POR,player,Jrue Holiday,,,,True,8762,2025-07-07
trade,BOS,POR,player,Anfernee Simons,,,,True,8763,2025-07-07
trade,ATL,BOS,player,Georges Niang,,,,True,8764,2025-07-07
trade,ATL,BOS,pick,2031 2nd round draft pick,,,,True,8765,2025-07-07
trade,ATL,BRK,player,Terance Mann,,,,True,8766,2025-07-07
trade,ATL,BRK,player,Drake Powell,,,,True,8767,2025-07-07
trade,BOS,ATL,player,Kristaps Porzingis,,,,True,8768,2025-07-07
trade,DET,SAC,player,Dennis Schroder,,,,True,8769,2025-07-07
trade,DET,SAC,pick,2029 2nd round draft pick,,,,True,8770,2025-07-07
trade,DET,SAC,pick,2026 2nd round draft pick,,,,True,8771,2025-07-07
trade,GSW,MEM,player,Justinian Jessup,,,,False,8772,2025-07-06
trade,GSW,MEM,player,Jahmai Mashack,,,,False,8773,2025-07-06
trade,GSW,MEM,pick,2032 2nd round draft pick,,,,False,8774,2025-07-06
trade,ATL,MIN,player,Nickeil Alexander-Walker,,,,True,8775,2025-07-06
trade,ATL,MIN,pick,2027 2nd round draft pick,,,,True,8776,2025-07-06
trade,IND,SAS,player,Kam Jones,,,,False,8777,2025-07-06
trade,IND,SAS,pick,2030 2nd round draft pick,,,,False,8778,2025-07-06
trade,CHI,CLE,player,Lonzo Ball,,,,True,8779,2025-07-06
trade,CHI,CLE,player,Isaac Okoro,,,,True,8780,2025-07-06
trade,CHO,MIL,player,Vasilije MiciÄ,,,,True,8781,2025-07-06
trade,CHO,MIL,player,Pat Connaughton,,,,True,8782,2025-07-06
trade,CHO,MIL,pick,2031 2nd round draft pick,,,,True,8783,2025-07-06
trade,CHO,MIL,pick,2032 2nd round draft pick,,,,True,8784,2025-07-06
trade,IND,MEM,player,James Huff,,,,True,8785,2025-07-06
trade,IND,MEM,pick,2029 2nd round draft pick,,,,True,8786,2025-07-06
trade,IND,MEM,pick,2031 2nd round draft pick,,,,True,8787,2025-07-06
trade,HOU,WAS,player,Cam Whitmore,,,,True,8788,2025-07-06
trade,NOP,HOU,player,Mojave King,,,,True,8789,2025-07-06
trade,NOP,WAS,player,CJ McCollum,,,,True,8790,2025-07-06
trade,NOP,WAS,player,Kelly Olynyk,,,,True,8791,2025-07-06
trade,NOP,WAS,pick,2027 2nd round draft pick,,,,True,8792,2025-07-06
trade,WAS,HOU,pick,2026 2nd round draft pick,,,,True,8793,2025-07-06
trade,WAS,HOU,pick,2029 2nd round draft pick,,,,True,8794,2025-07-06
trade,WAS,NOP,player,Saddiq Bey,,,,True,8795,2025-07-06
trade,WAS,NOP,player,Micah Peavy,,,,True,8796,2025-07-06
trade,WAS,NOP,player,Jordan Poole,,,,True,8797,2025-07-06
trade,ATL,HOU,player,Clint Capela,,,,True,8798,2025-07-06
trade,ATL,PHO,player,Daeqwon Plowden,,,,True,8799,2025-07-06
trade,BRK,HOU,pick,2026 2nd round draft pick,,,,True,8800,2025-07-06
trade,BRK,LAL,player,Adou Thiero,,,,True,8801,2025-07-06
trade,GSW,PHO,player,Koby Brea,,,,True,8802,2025-07-06
trade,HOU,ATL,player,David Roddy,,,,True,8803,2025-07-06
trade,HOU,ATL,pick,2031 2nd round draft pick,,,,True,8804,2025-07-06
trade,HOU,BRK,pick,2026 2nd round draft pick,,,,True,8805,2025-07-06
trade,HOU,BRK,pick,2030 2nd round draft pick,,,,True,8806,2025-07-06
trade,HOU,GSW,player,Jahmai Mashack,,,,True,8807,2025-07-06
trade,HOU,PHO,player,Dillon Brooks,,,,True,8808,2025-07-06
trade,HOU,PHO,player,Jalen Green,,,,True,8809,2025-07-06
trade,HOU,PHO,player,Khaman Maluach,,,,True,8810,2025-07-06
trade,HOU,PHO,pick,2026 2nd round draft pick,,,,True,8811,2025-07-06
trade,HOU,PHO,pick,2032 2nd round draft pick,,,,True,8812,2025-07-06
trade,LAL,MIN,player,Rocco Zikarsky,,,,True,8813,2025-07-06
trade,MIN,PHO,player,Rasheer Fleming,,,,True,8814,2025-07-06
trade,PHO,GSW,player,Alex Toohey,,,,True,8815,2025-07-06
trade,PHO,HOU,player,Kevin Durant,,,,True,8816,2025-07-06
trade,PHO,MIN,pick,2026 2nd round draft pick,,,,True,8817,2025-07-06
trade,PHO,MIN,pick,2032 2nd round draft pick,,,,True,8818,2025-07-06